﻿<?xml version="1.0" encoding="utf-8"?>
<deployment>
  <id>64154352-7dd9-4791-8581-b804bd4ef3f0</id>
  <author>N/A</author>
  <deployer>OneDeploy</deployer>
  <authorEmail>N/A</authorEmail>
  <message>OneDeploy</message>
  <progress></progress>
  <status>Success</status>
  <statusText></statusText>
  <lastSuccessEndTime>2025-03-29T15:44:56.8192646Z</lastSuccessEndTime>
  <receivedTime>2025-03-29T15:44:54.2713171Z</receivedTime>
  <startTime>2025-03-29T15:44:55.6405201Z</startTime>
  <endTime>2025-03-29T15:44:56.8192646Z</endTime>
  <complete>True</complete>
  <is_temp>False</is_temp>
  <is_readonly>True</is_readonly>
  <buildSummary />
</deployment>