﻿<?xml version="1.0" encoding="utf-8"?>
<deployment>
  <id>386b14e0-1323-4b68-9dd7-a8d5bfad9d1a</id>
  <author>N/A</author>
  <deployer>OneDeploy</deployer>
  <authorEmail>N/A</authorEmail>
  <message>OneDeploy</message>
  <progress></progress>
  <status>Success</status>
  <statusText></statusText>
  <lastSuccessEndTime>2025-03-29T17:09:04.7061008Z</lastSuccessEndTime>
  <receivedTime>2025-03-29T17:09:02.350223Z</receivedTime>
  <startTime>2025-03-29T17:09:03.66585Z</startTime>
  <endTime>2025-03-29T17:09:04.7061008Z</endTime>
  <complete>True</complete>
  <is_temp>False</is_temp>
  <is_readonly>True</is_readonly>
  <buildSummary />
</deployment>