﻿<?xml version="1.0" encoding="utf-8"?>
<deployment>
  <id>70b3b6c2-a1bb-4f5f-9112-4be83af52e15</id>
  <author>N/A</author>
  <deployer>Push-Deployer</deployer>
  <authorEmail>N/A</authorEmail>
  <message>Created via a push deployment</message>
  <progress></progress>
  <status>Success</status>
  <statusText></statusText>
  <lastSuccessEndTime>2025-03-29T05:24:31.6123237Z</lastSuccessEndTime>
  <receivedTime>2025-03-29T05:24:27.5226417Z</receivedTime>
  <startTime>2025-03-29T05:24:29.6625095Z</startTime>
  <endTime>2025-03-29T05:24:31.6123237Z</endTime>
  <complete>True</complete>
  <is_temp>False</is_temp>
  <is_readonly>True</is_readonly>
  <buildSummary />
</deployment>