﻿<?xml version="1.0" encoding="utf-8"?>
<deployment>
  <id>b4c05ddd-9aa8-491b-907d-ce935451771b</id>
  <author>N/A</author>
  <deployer>Push-Deployer</deployer>
  <authorEmail>N/A</authorEmail>
  <message>Created via a push deployment</message>
  <progress></progress>
  <status>Success</status>
  <statusText></statusText>
  <lastSuccessEndTime>2025-03-29T05:13:28.6666159Z</lastSuccessEndTime>
  <receivedTime>2025-03-29T05:12:32.4964101Z</receivedTime>
  <startTime>2025-03-29T05:12:33.7762206Z</startTime>
  <endTime>2025-03-29T05:13:28.6666159Z</endTime>
  <complete>True</complete>
  <is_temp>False</is_temp>
  <is_readonly>True</is_readonly>
  <buildSummary />
</deployment>