﻿<?xml version="1.0" encoding="utf-8"?>
<deployment>
  <id>temp-d5534e2a</id>
  <author>Deploying from pushed zip file</author>
  <deployer>Push-Deployer</deployer>
  <authorEmail>N/A</authorEmail>
  <message>N/A</message>
  <progress />
  <status>Pending</status>
  <statusText>Receiving changes.</statusText>
  <lastSuccessEndTime />
  <receivedTime>2025-03-29T03:16:29.5594139Z</receivedTime>
  <startTime>2025-03-29T03:16:29.5594139Z</startTime>
  <endTime />
  <complete>False</complete>
  <is_temp>True</is_temp>
  <is_readonly>False</is_readonly>
  <buildSummary />
</deployment>