﻿<?xml version="1.0" encoding="utf-8"?>
<deployment>
  <id>dd65ab5a-2343-4f78-a8e0-a5166facb19d</id>
  <author>N/A</author>
  <deployer>OneDeploy</deployer>
  <authorEmail>N/A</authorEmail>
  <message>OneDeploy</message>
  <progress></progress>
  <status>Failed</status>
  <statusText></statusText>
  <lastSuccessEndTime />
  <receivedTime>2025-03-29T20:04:05.0675094Z</receivedTime>
  <startTime>2025-03-29T20:04:06.817878Z</startTime>
  <endTime>2025-03-29T20:08:01.9003216Z</endTime>
  <complete>True</complete>
  <is_temp>False</is_temp>
  <is_readonly>True</is_readonly>
  <buildSummary />
</deployment>