<step title="Incoming Request" date="2025-03-29T04:59:34.319" instance="9f55e4" url="/reading-road-voice-demo.git/info/refs?service=git-upload-pack" method="GET" type="request" pid="767,1,5" Accept="*/*" Host="reading-road-voice-demo.scm.azurewebsites.net" User-Agent="git/2.47.0.windows.2 (Windows 11 Pro 10.0.22621; win32 x64) vscode/1.96.2 (Cursor)" Accept-Encoding="deflate, gzip, br, zstd" Authorization="Bas..." Pragma="no-cache" git-protocol="version=2" X-ARR-LOG-ID="4aae9a47-eb72-49ae-a87c-6717da179691" CLIENT-IP="64.180.26.65:58652" X-SITE-DEPLOYMENT-ID="reading-road-voice-demo" WAS-DEFAULT-HOSTNAME="reading-road-voice-demo.scm.azurewebsites.net" X-Forwarded-Proto="https" X-AppService-Proto="https" X-Forwarded-TlsVersion="1.3" X-WAWS-Unencoded-URL="/reading-road-voice-demo.git/info/refs?service=git-upload-pack" X-Client-IP="64.180.26.65" X-Client-Port="58652" >
  <step title="Cleanup Xml Logs" date="2025-03-29T04:59:34.321" >
    <step title="Cleanup Infos" date="2025-03-29T04:59:34.328" totalFiles="367" totalCleanup="207" /><!-- duration: 1ms -->
  </step><!-- duration: 10ms -->
  <step title="InfoRefsService.Execute" date="2025-03-29T04:59:34.333" >
    <step title="Executing external process" date="2025-03-29T04:59:34.340" type="process" path="git" arguments="rev-parse --git-dir" /><!-- duration: 22ms -->
    <step title="Assuming git repository at /home/site/repository" date="2025-03-29T04:59:34.363" /><!-- duration: 4ms -->
    <step title="InfoRefsService.SmartInfoRefs" date="2025-03-29T04:59:34.368" >
      <step title="Executing external process" date="2025-03-29T04:59:34.372" type="process" path="git" arguments="rev-parse --git-dir" /><!-- duration: 16ms -->
      <step title="Assuming git repository at /home/site/repository" date="2025-03-29T04:59:34.389" /><!-- duration: 1ms -->
      <step title="GitExeServer.AdvertiseUploadPack" date="2025-03-29T04:59:34.392" >
        <step title="Executing external process" date="2025-03-29T04:59:34.397" type="process" path="git" arguments="upload-pack --stateless-rpc --advertise-refs &quot;/home/site/repository&quot;" /><!-- duration: 29ms -->
      </step><!-- duration: 35ms -->
      <step title="Writing 288 bytes" date="2025-03-29T04:59:34.429" /><!-- duration: 2ms -->
    </step><!-- duration: 64ms -->
  </step><!-- duration: 101ms -->
  <step title="Outgoing response" date="2025-03-29T04:59:34.438" type="response" statusCode="200" statusText="OK" /><!-- duration: 2ms -->
</step><!-- duration: 121ms -->
