<step title="Incoming Request" date="2025-03-29T05:06:18.635" instance="9f55e4" url="/api/deployments/latest" method="GET" type="request" pid="767,1,30" Accept="*/*" Host="reading-road-voice-demo.scm.azurewebsites.net" User-Agent="AZURECLI/2.70.0 (MSI)" Accept-Encoding="gzip, deflate" Authorization="Bas..." x-ms-client-request-id="7594d457-0c5b-11f0-bc15-8c3b4a441321" X-ARR-LOG-ID="7594d457-0c5b-11f0-bc15-8c3b4a441321" CLIENT-IP="64.180.26.65:58854" X-SITE-DEPLOYMENT-ID="reading-road-voice-demo" WAS-DEFAULT-HOSTNAME="reading-road-voice-demo.scm.azurewebsites.net" X-Forwarded-Proto="https" X-AppService-Proto="https" X-Forwarded-TlsVersion="1.3" X-WAWS-Unencoded-URL="/api/deployments/latest" X-Client-IP="64.180.26.65" X-Client-Port="58854" >
  <step title="DeploymentService.GetResult" date="2025-03-29T05:06:18.649" >
    <step title="DeploymentService.GetLatestDeployment" date="2025-03-29T05:06:18.658" >
      <step title="DeploymentManager.GetResults" date="2025-03-29T05:06:18.678" /><!-- duration: 829ms -->
      <step title="Deployment b86d7e8a-a39a-49a2-86a5-6197938535ed is Building" date="2025-03-29T05:06:19.514" /><!-- duration: 2ms -->
    </step><!-- duration: 859ms -->
    <step title="Redirecting to latest deployment: https://reading-road-voice-demo.scm.azurewebsites.net/api/deployments/latest" date="2025-03-29T05:06:19.527" /><!-- duration: 8ms -->
  </step><!-- duration: 907ms -->
  <step title="Outgoing response" date="2025-03-29T05:06:19.576" type="response" statusCode="202" statusText="Accepted" /><!-- duration: 1ms -->
</step><!-- duration: 950ms -->
