<step title="Incoming Request" date="2025-03-29T05:12:06.521" instance="9f55e4" url="/api/zipdeploy?isAsync=true" method="POST" type="request" pid="772,1,16" Accept="*/*" Host="reading-road-voice-demo.scm.azurewebsites.net" User-Agent="AZURECLI/2.70.0 (MSI)" Accept-Encoding="gzip, deflate" Authorization="Bas..." Cache-Control="no-cache" Content-Type="application/octet-stream" Cookie="ARRAffinity=9f55e46e3d2054f2a574cbda6605e6df0484dc3b864373ea25829a5320264660; ARRAffinitySameSite=9f55e46e3d2054f2a574cbda6605e6df0484dc3b864373ea25829a5320264660" Content-Length="67564290" x-ms-client-request-id="4ecc6a5b-0c5c-11f0-8039-8c3b4a441321" x-ms-artifact-checksum="8976793b8aba3b5d19b8706d57f02a06955a790b8913bae5e48a6c4cfb224abf" X-ARR-LOG-ID="4ecc6a5b-0c5c-11f0-8039-8c3b4a441321" CLIENT-IP="64.180.26.65:59045" X-SITE-DEPLOYMENT-ID="reading-road-voice-demo" WAS-DEFAULT-HOSTNAME="reading-road-voice-demo.scm.azurewebsites.net" X-Forwarded-Proto="https" X-AppService-Proto="https" X-Forwarded-TlsVersion="1.3" X-WAWS-Unencoded-URL="/api/zipdeploy?isAsync=true" X-Client-IP="64.180.26.65" X-Client-Port="59045" >
  <step title="ZipPushDeploy" date="2025-03-29T05:12:06.543" >
    <step title="ZipDeploy. Extract zip." date="2025-03-29T05:12:06.551" /><!-- duration: 2ms -->
    <step title="Starting PushDeployAsync" date="2025-03-29T05:12:06.555" /><!-- duration: 2ms -->
    <step title="Writing artifact to /tmp/zipdeploy/36b5f895-64af-408a-8576-019ae92de8fd.zip" date="2025-03-29T05:12:06.572" >
      <step title="Writing multipart request body to /tmp/zipdeploy/36b5f895-64af-408a-8576-019ae92de8fd.zip" date="2025-03-29T05:12:06.580" /><!-- duration: 1ms -->
    </step><!-- duration: 4161ms -->
    <step title="Start deployment in the background" date="2025-03-29T05:12:10.744" >
      <step title="Acquiring Deployment Lock" date="2025-03-29T05:12:10.783" /><!-- duration: 2ms -->
      <step title="Acquired Deployment Lock" date="2025-03-29T05:12:10.807" /><!-- duration: 2ms -->
    </step><!-- duration: 139ms -->
  </step><!-- duration: 4343ms -->
  <step title="Outgoing response" date="2025-03-29T05:12:10.894" type="response" statusCode="202" statusText="Accepted" /><!-- duration: 2ms -->
</step><!-- duration: 4376ms -->
