<step title="Incoming Request" date="2025-03-29T05:24:22.253" instance="9f55e4" url="/api/zipdeploy?isAsync=true" method="POST" type="request" pid="768,1,5" Accept="*/*" Host="reading-road-voice-demo.scm.azurewebsites.net" User-Agent="AZURECLI/2.70.0 (MSI)" Accept-Encoding="gzip, deflate" Authorization="Bas..." Cache-Control="no-cache" Content-Type="application/octet-stream" Cookie="ARRAffinity=9f55e46e3d2054f2a574cbda6605e6df0484dc3b864373ea25829a5320264660; ARRAffinitySameSite=9f55e46e3d2054f2a574cbda6605e6df0484dc3b864373ea25829a5320264660" Content-Length="26180807" x-ms-client-request-id="0e3b537d-0c5e-11f0-912c-8c3b4a441321" x-ms-artifact-checksum="335e2d36c0493febfa02f6dcf7fe22b3dac39286e30dc27b4eac15dc9bfb3015" X-ARR-LOG-ID="0e3b537d-0c5e-11f0-912c-8c3b4a441321" CLIENT-IP="64.180.26.65:59695" X-SITE-DEPLOYMENT-ID="reading-road-voice-demo" WAS-DEFAULT-HOSTNAME="reading-road-voice-demo.scm.azurewebsites.net" X-Forwarded-Proto="https" X-AppService-Proto="https" X-Forwarded-TlsVersion="1.3" X-WAWS-Unencoded-URL="/api/zipdeploy?isAsync=true" X-Client-IP="64.180.26.65" X-Client-Port="59695" >
  <step title="ZipPushDeploy" date="2025-03-29T05:24:22.334" >
    <step title="ZipDeploy. Run from package." date="2025-03-29T05:24:22.345" /><!-- duration: 1ms -->
    <step title="None repository commit" date="2025-03-29T05:24:22.355" >
      <step title="Commit id: 70b3b6c2-a1bb-4f5f-9112-4be83af52e15" date="2025-03-29T05:24:22.356" Message="N/A" AuthorName="N/A" AuthorEmail="N/A" /><!-- duration: 2ms -->
    </step><!-- duration: 11ms -->
    <step title="Starting PushDeployAsync" date="2025-03-29T05:24:22.368" /><!-- duration: 1ms -->
    <step title="WEBSITE_RUN_FROM_PACKAGE is set to 1. Writing zip to SitePackagesPath" date="2025-03-29T05:24:22.384" /><!-- duration: 1ms -->
    <step title="Copying zip to SitePackages /home/data/SitePackages/20250329052422.zip from request body" date="2025-03-29T05:24:22.396" /><!-- duration: 11ms -->
    <step title="Writing multipart request body to /home/data/SitePackages/20250329052422.zip" date="2025-03-29T05:24:22.424" /><!-- duration: 11ms -->
    <step title="Start deployment in the background" date="2025-03-29T05:24:23.980" >
      <step title="Acquiring Deployment Lock" date="2025-03-29T05:24:24.021" /><!-- duration: 1ms -->
      <step title="Acquired Deployment Lock" date="2025-03-29T05:24:24.151" /><!-- duration: 1ms -->
    </step><!-- duration: 243ms -->
  </step><!-- duration: 1896ms -->
  <step title="Outgoing response" date="2025-03-29T05:24:24.248" type="response" statusCode="202" statusText="Accepted" /><!-- duration: 2ms -->
</step><!-- duration: 1999ms -->
