<step title="Incoming Request" date="2025-03-29T17:18:18.189" instance="9f55e4" url="/reading-road-voice-demo.git/info/refs?service=git-upload-pack" method="GET" type="request" pid="770,1,25" Accept="*/*" Host="reading-road-voice-demo.scm.azurewebsites.net" User-Agent="git/2.47.0.windows.2 (Windows 11 Pro 10.0.22621; win32 x64) vscode/1.96.2 (Cursor)" Accept-Encoding="deflate, gzip, br, zstd" Authorization="Bas..." Pragma="no-cache" git-protocol="version=2" X-ARR-LOG-ID="331cf6aa-b7fa-49a5-a5a4-71c42073471f" CLIENT-IP="64.180.26.65:49237" X-SITE-DEPLOYMENT-ID="reading-road-voice-demo" WAS-DEFAULT-HOSTNAME="reading-road-voice-demo.scm.azurewebsites.net" X-Forwarded-Proto="https" X-AppService-Proto="https" X-Forwarded-TlsVersion="1.3" X-WAWS-Unencoded-URL="/reading-road-voice-demo.git/info/refs?service=git-upload-pack" X-Client-IP="64.180.26.65" X-Client-Port="49237" >
  <step title="Cleanup Xml Logs" date="2025-03-29T17:18:18.191" >
    <step title="Cleanup Infos" date="2025-03-29T17:18:18.199" totalFiles="466" totalCleanup="306" /><!-- duration: 6ms -->
  </step><!-- duration: 22ms -->
  <step title="InfoRefsService.Execute" date="2025-03-29T17:18:18.239" >
    <step title="Executing external process" date="2025-03-29T17:18:18.252" type="process" path="git" arguments="rev-parse --git-dir" /><!-- duration: 100ms -->
    <step title="Assuming git repository at /home/site/repository" date="2025-03-29T17:18:18.360" /><!-- duration: 2ms -->
    <step title="InfoRefsService.SmartInfoRefs" date="2025-03-29T17:18:18.371" >
      <step title="Executing external process" date="2025-03-29T17:18:18.400" type="process" path="git" arguments="rev-parse --git-dir" /><!-- duration: 32ms -->
      <step title="Assuming git repository at /home/site/repository" date="2025-03-29T17:18:18.440" /><!-- duration: 2ms -->
      <step title="GitExeServer.AdvertiseUploadPack" date="2025-03-29T17:18:18.471" >
        <step title="Executing external process" date="2025-03-29T17:18:18.472" type="process" path="git" arguments="upload-pack --stateless-rpc --advertise-refs &quot;/home/site/repository&quot;" /><!-- duration: 82ms -->
      </step><!-- duration: 85ms -->
      <step title="Writing 431 bytes" date="2025-03-29T17:18:18.557" /><!-- duration: 1ms -->
    </step><!-- duration: 190ms -->
  </step><!-- duration: 323ms -->
  <step title="Outgoing response" date="2025-03-29T17:18:18.565" type="response" statusCode="200" statusText="OK" /><!-- duration: 5ms -->
</step><!-- duration: 383ms -->
