<step title="Incoming Request" date="2025-03-29T04:10:13.514" instance="9f55e4" url="/api/publish?type=zip" method="POST" type="request" pid="767,1,15" Accept="*/*" Host="reading-road-voice-demo.scm.azurewebsites.net" User-Agent="AZURECLI/2.70.0 (MSI)" Accept-Encoding="gzip, deflate" Authorization="Bas..." Cache-Control="no-cache" Content-Type="application/octet-stream" Cookie="ARRAffinity=9f55e46e3d2054f2a574cbda6605e6df0484dc3b864373ea25829a5320264660; ARRAffinitySameSite=9f55e46e3d2054f2a574cbda6605e6df0484dc3b864373ea25829a5320264660" Content-Length="232758" x-ms-client-request-id="acc9f74e-0c53-11f0-87e5-8c3b4a441321" x-ms-artifact-checksum="3a60d50f689a83e4cfad1dcebb7194ccff0b95d0d1e81297d25eb606d3c3609c" X-ARR-LOG-ID="acc9f74e-0c53-11f0-87e5-8c3b4a441321" CLIENT-IP="64.180.26.65:57440" X-SITE-DEPLOYMENT-ID="reading-road-voice-demo" WAS-DEFAULT-HOSTNAME="reading-road-voice-demo.scm.azurewebsites.net" X-Forwarded-Proto="https" X-AppService-Proto="https" X-Forwarded-TlsVersion="1.3" X-WAWS-Unencoded-URL="/api/publish?type=zip" X-Client-IP="64.180.26.65" X-Client-Port="57440" >
  <step title="OneDeploy" date="2025-03-29T04:10:13.604" >
    <step title="Starting PushDeployAsync" date="2025-03-29T04:10:13.642" /><!-- duration: 2ms -->
    <step title="Writing artifact to /tmp/zipdeploy/01e429af-4fbb-478b-a1b0-ab081dad8637.zip" date="2025-03-29T04:10:13.692" >
      <step title="Writing multipart request body to /tmp/zipdeploy/01e429af-4fbb-478b-a1b0-ab081dad8637.zip" date="2025-03-29T04:10:13.702" /><!-- duration: 20ms -->
    </step><!-- duration: 99ms -->
    <step title="Attempting to fetch target branch HEAD" date="2025-03-29T04:10:13.804" /><!-- duration: 9ms -->
    <step title="Acquiring Deployment Lock" date="2025-03-29T04:10:13.831" /><!-- duration: 2ms -->
    <step title="Cannot Acquire Deployment Lock already held" date="2025-03-29T04:10:13.844" /><!-- duration: 8ms -->
    <step title="There is a deployment currently in progress. Please try again when it completes." date="2025-03-29T04:10:13.883" /><!-- duration: 20ms -->
  </step><!-- duration: 329ms -->
  <step title="Outgoing response" date="2025-03-29T04:10:14.044" type="response" statusCode="409" statusText="Conflict" /><!-- duration: 8ms -->
</step><!-- duration: 550ms -->
