<step title="Incoming Request" date="2025-03-29T03:18:27.640" instance="9f55e4" url="/reading-road-voice-demo.git/git-receive-pack" method="POST" type="request" pid="772,1,5" Accept="application/x-git-receive-pack-result" Host="reading-road-voice-demo.scm.azurewebsites.net" User-Agent="git/2.47.0.windows.2" Authorization="Bas..." Content-Type="application/x-git-receive-pack-request" Content-Length="4" X-ARR-LOG-ID="c43039d9-71d5-4da2-aed9-c447b1a7afee" CLIENT-IP="216.232.132.69:55872" X-SITE-DEPLOYMENT-ID="reading-road-voice-demo" WAS-DEFAULT-HOSTNAME="reading-road-voice-demo.scm.azurewebsites.net" X-Forwarded-Proto="https" X-AppService-Proto="https" X-Forwarded-TlsVersion="1.3" X-WAWS-Unencoded-URL="/reading-road-voice-demo.git/git-receive-pack" X-Client-IP="216.232.132.69" X-Client-Port="55872" >
  <step title="Cleanup Xml Logs" date="2025-03-29T03:18:27.642" >
    <step title="Cleanup Infos" date="2025-03-29T03:18:27.648" totalFiles="255" totalCleanup="95" /><!-- duration: 2ms -->
  </step><!-- duration: 10ms -->
  <step title="RpcService.ReceivePack" date="2025-03-29T03:18:27.689" >
    <step title="Executing external process" date="2025-03-29T03:18:27.699" type="process" path="git" arguments="rev-parse --git-dir" /><!-- duration: 22ms -->
    <step title="Assuming git repository at /home/site/repository" date="2025-03-29T03:18:27.723" /><!-- duration: 4ms -->
    <step title="Acquiring Deployment Lock" date="2025-03-29T03:18:27.730" /><!-- duration: 2ms -->
    <step title="Acquired Deployment Lock" date="2025-03-29T03:18:27.767" /><!-- duration: 1ms -->
    <step title="Creating temporary deployment" date="2025-03-29T03:18:27.779" /><!-- duration: 71ms -->
    <step title="GitExeServer.Receive" date="2025-03-29T03:18:27.858" >
      <step title="Executing external process" date="2025-03-29T03:18:27.859" type="process" path="git" arguments="receive-pack --stateless-rpc &quot;/home/site/repository&quot;" /><!-- duration: 66ms -->
    </step><!-- duration: 69ms -->
    <step title="Releasing Deployment Lock" date="2025-03-29T03:18:27.986" /><!-- duration: 1ms -->
  </step><!-- duration: 317ms -->
  <step title="Outgoing response" date="2025-03-29T03:18:28.024" type="response" statusCode="200" statusText="OK" /><!-- duration: 2ms -->
</step><!-- duration: 394ms -->
