<step title="Incoming Request" date="2025-03-29T05:06:02.948" instance="9f55e4" url="/api/zipdeploy?isAsync=true" method="POST" type="request" pid="767,1,31" Accept="*/*" Host="reading-road-voice-demo.scm.azurewebsites.net" User-Agent="AZURECLI/2.70.0 (MSI)" Accept-Encoding="gzip, deflate" Authorization="Bas..." Cache-Control="no-cache" Content-Type="application/octet-stream" Cookie="ARRAffinity=9f55e46e3d2054f2a574cbda6605e6df0484dc3b864373ea25829a5320264660; ARRAffinitySameSite=9f55e46e3d2054f2a574cbda6605e6df0484dc3b864373ea25829a5320264660" Content-Length="67550219" x-ms-client-request-id="7594d457-0c5b-11f0-bc15-8c3b4a441321" x-ms-artifact-checksum="337e5255d8332bb4edd857767212d6d8a715f03c05ac33cdb9ef4fd570ade7dc" X-ARR-LOG-ID="7594d457-0c5b-11f0-bc15-8c3b4a441321" CLIENT-IP="64.180.26.65:58845" X-SITE-DEPLOYMENT-ID="reading-road-voice-demo" WAS-DEFAULT-HOSTNAME="reading-road-voice-demo.scm.azurewebsites.net" X-Forwarded-Proto="https" X-AppService-Proto="https" X-Forwarded-TlsVersion="1.3" X-WAWS-Unencoded-URL="/api/zipdeploy?isAsync=true" X-Client-IP="64.180.26.65" X-Client-Port="58845" >
  <step title="ZipPushDeploy" date="2025-03-29T05:06:03.019" >
    <step title="ZipDeploy. Extract zip. Remote build." date="2025-03-29T05:06:03.070" /><!-- duration: 8ms -->
    <step title="Starting PushDeployAsync" date="2025-03-29T05:06:03.098" /><!-- duration: 1ms -->
    <step title="Writing artifact to /tmp/zipdeploy/c60cbc11-f011-4284-99f1-82b8c1f9463e.zip" date="2025-03-29T05:06:03.170" >
      <step title="Writing multipart request body to /tmp/zipdeploy/c60cbc11-f011-4284-99f1-82b8c1f9463e.zip" date="2025-03-29T05:06:03.227" /><!-- duration: 2ms -->
    </step><!-- duration: 3085ms -->
    <step title="Start deployment in the background" date="2025-03-29T05:06:06.265" >
      <step title="Acquiring Deployment Lock" date="2025-03-29T05:06:06.372" /><!-- duration: 1ms -->
      <step title="Acquired Deployment Lock" date="2025-03-29T05:06:06.410" /><!-- duration: 3ms -->
    </step><!-- duration: 208ms -->
  </step><!-- duration: 3461ms -->
  <step title="Outgoing response" date="2025-03-29T05:06:06.489" type="response" statusCode="202" statusText="Accepted" /><!-- duration: 2ms -->
</step><!-- duration: 3547ms -->
