<step title="BackgroundTrace" date="2025-03-29T05:12:10.746" instance="9f55e4" url="/api/zipdeploy" method="POST" >
  <step title="Cleanup Xml Logs" date="2025-03-29T05:12:10.753" >
    <step title="Cleanup Infos" date="2025-03-29T05:12:10.766" totalFiles="391" totalCleanup="231" /><!-- duration: 2ms -->
  </step><!-- duration: 16ms -->
  <step title="Creating temporary deployment - FetchDeploymentManager" date="2025-03-29T05:12:10.810" /><!-- duration: 13ms -->
  <step title="Creating temporary deployment" date="2025-03-29T05:12:10.833" /><!-- duration: 48ms -->
  <step title="Performing fetch based deployment" date="2025-03-29T05:12:10.908" >
    <step title="Cleaning up temp folders from previous zip deployments and extracting pushed zip file /tmp/zipdeploy/36b5f895-64af-408a-8576-019ae92de8fd.zip (64.43 MB) to /tmp/zipdeploy/extracted" date="2025-03-29T05:12:12.089" >
      <step title="ChmodRecursive Process exited with total time taken in ms: 109" date="2025-03-29T05:12:30.332" /><!-- duration: 3ms -->
    </step><!-- duration: 18247ms -->
    <step title="Deployment timer started" date="2025-03-29T05:12:32.351" >
      <step title="DeploymentManager.Deploy(id:b4c05ddd-9aa8-491b-907d-ce935451771b)" date="2025-03-29T05:12:32.356" >
        <step title="Collecting changeset information" date="2025-03-29T05:12:32.415" /><!-- duration: 132ms -->
        <step title="Updating submodules" date="2025-03-29T05:12:32.551" /><!-- duration: 1082ms -->
        <step title="Determining deployment builder" date="2025-03-29T05:12:33.814" >
          <step title="Builder is BasicBuilder" date="2025-03-29T05:12:33.823" /><!-- duration: 1ms -->
        </step><!-- duration: 18ms -->
        <step title="PreDeployment: context.CleanOutputPath False" date="2025-03-29T05:12:33.882" >
          <step title="PreDeployment: context.OutputPath /home/site/wwwroot" date="2025-03-29T05:12:33.960" >
            <step title="Building" date="2025-03-29T05:12:34.067" >
              <step title="Generating deployment script" date="2025-03-29T05:12:34.156" >
                <step title="Executing external process" date="2025-03-29T05:12:34.346" type="process" path="starter.sh" arguments="&quot;/opt/Kudu/node_modules/.bin/kuduscript&quot; -y --no-dot-deployment -r &quot;/tmp/zipdeploy/extracted&quot; -o &quot;/home/site/deployments/tools&quot; --basic --sitePath &quot;/tmp/zipdeploy/extracted&quot;" /><!-- duration: 584ms -->
                <step title="Saved cached version of the deployment script for command -y --no-dot-deployment -r &quot;/tmp/zipdeploy/extracted&quot; -o &quot;/home/site/deployments/tools&quot; --basic --sitePath &quot;/tmp/zipdeploy/extracted&quot;" date="2025-03-29T05:12:34.987" /><!-- duration: 1ms -->
              </step><!-- duration: 843ms -->
              <step title="Executing external process" date="2025-03-29T05:12:35.138" type="process" path="starter.sh" arguments="&quot;/home/site/deployments/tools/deploy.sh&quot;" /><!-- duration: 52078ms -->
              <step title="Triggering recycle (preview mode disabled)." date="2025-03-29T05:13:27.810" /><!-- duration: 8ms -->
              <step title="Modified file to trigger a restart of the app container." date="2025-03-29T05:13:27.900" /><!-- duration: 8ms -->
              <step title="Skip function trigger and logicapp sync because function is not enabled." date="2025-03-29T05:13:27.920" /><!-- duration: 19ms -->
              <step title="Purge deployment items" date="2025-03-29T05:13:29.087" >
                <step title="Remove 22b7fe57-, Failed, received at 03/29/2025 05:11:16" date="2025-03-29T05:13:29.271" /><!-- duration: 67ms -->
              </step><!-- duration: 262ms -->
            </step><!-- duration: 55354ms -->
          </step><!-- duration: 55481ms -->
          <step title="Cleaning up temp files" date="2025-03-29T05:13:29.459" /><!-- duration: 23ms -->
          <step title="Cleaning up temp files" date="2025-03-29T05:13:29.529" /><!-- duration: 568ms -->
          <step title="Reloading status file with latest updates" date="2025-03-29T05:13:30.189" >
            <step title="WebHooksManager.PublishEventAsync: PostDeployment" date="2025-03-29T05:13:30.233" /><!-- duration: 170ms -->
          </step><!-- duration: 232ms -->
          <step title="Cleaning up temporary deployment - fetch deployment was successful" date="2025-03-29T05:13:30.432" /><!-- duration: 1ms -->
        </step><!-- duration: 56660ms -->
      </step><!-- duration: 58268ms -->
