<step title="Incoming Request" date="2025-03-29T03:54:56.942" instance="9f55e4" url="/api/zipdeploy?isAsync=true" method="POST" type="request" pid="767,1,7" Accept="*/*" Host="reading-road-voice-demo.scm.azurewebsites.net" User-Agent="AZURECLI/2.70.0 (MSI)" Accept-Encoding="gzip, deflate" Authorization="Bas..." Cache-Control="no-cache" Content-Type="application/octet-stream" Cookie="ARRAffinity=9f55e46e3d2054f2a574cbda6605e6df0484dc3b864373ea25829a5320264660; ARRAffinitySameSite=9f55e46e3d2054f2a574cbda6605e6df0484dc3b864373ea25829a5320264660" Content-Length="232098" x-ms-client-request-id="818dd196-0c51-11f0-b29c-8c3b4a441321" x-ms-artifact-checksum="6c7e3f28f73e35cb85c23d2ceae05aad08e153784d3bf344cd17e803fee7df78" X-ARR-LOG-ID="818dd196-0c51-11f0-b29c-8c3b4a441321" CLIENT-IP="64.180.26.65:56707" X-SITE-DEPLOYMENT-ID="reading-road-voice-demo" WAS-DEFAULT-HOSTNAME="reading-road-voice-demo.scm.azurewebsites.net" X-Forwarded-Proto="https" X-AppService-Proto="https" X-Forwarded-TlsVersion="1.3" X-WAWS-Unencoded-URL="/api/zipdeploy?isAsync=true" X-Client-IP="64.180.26.65" X-Client-Port="56707" >
  <step title="ZipPushDeploy" date="2025-03-29T03:54:57.041" >
    <step title="ZipDeploy. Extract zip. Remote build." date="2025-03-29T03:54:57.045" /><!-- duration: 1ms -->
    <step title="None repository commit" date="2025-03-29T03:54:57.055" >
      <step title="Commit id: b8609a14-d405-4ab0-a00f-0b1c6e075024" date="2025-03-29T03:54:57.062" Message="N/A" AuthorName="N/A" AuthorEmail="N/A" /><!-- duration: 1ms -->
    </step><!-- duration: 10ms -->
    <step title="Starting PushDeployAsync" date="2025-03-29T03:54:57.066" /><!-- duration: 2ms -->
    <step title="Writing artifact to /tmp/zipdeploy/c33a0bd2-8dca-4e07-82c1-12ce0ec5c8be.zip" date="2025-03-29T03:54:57.092" >
      <step title="Writing multipart request body to /tmp/zipdeploy/c33a0bd2-8dca-4e07-82c1-12ce0ec5c8be.zip" date="2025-03-29T03:54:57.101" /><!-- duration: 2ms -->
    </step><!-- duration: 118ms -->
    <step title="Start deployment in the background" date="2025-03-29T03:54:57.221" >
      <step title="Acquiring Deployment Lock" date="2025-03-29T03:54:57.242" /><!-- duration: 2ms -->
      <step title="Acquired Deployment Lock" date="2025-03-29T03:54:57.291" /><!-- duration: 1ms -->
    </step><!-- duration: 109ms -->
  </step><!-- duration: 294ms -->
  <step title="Outgoing response" date="2025-03-29T03:54:57.352" type="response" statusCode="202" statusText="Accepted" /><!-- duration: 1ms -->
</step><!-- duration: 413ms -->
