<step title="Incoming Request" date="2025-03-29T03:20:45.254" instance="9f55e4" url="/api/deployments/latest" method="GET" type="request" pid="772,1,16" Accept="*/*" Host="reading-road-voice-demo.scm.azurewebsites.net" User-Agent="AZURECLI/2.70.0 (MSI)" Accept-Encoding="gzip, deflate" Authorization="Bas..." x-ms-client-request-id="a137dcf4-0c4c-11f0-9faa-8c3b4a441321" X-ARR-LOG-ID="a137dcf4-0c4c-11f0-9faa-8c3b4a441321" CLIENT-IP="216.232.132.69:55930" X-SITE-DEPLOYMENT-ID="reading-road-voice-demo" WAS-DEFAULT-HOSTNAME="reading-road-voice-demo.scm.azurewebsites.net" X-Forwarded-Proto="https" X-AppService-Proto="https" X-Forwarded-TlsVersion="1.3" X-WAWS-Unencoded-URL="/api/deployments/latest" X-Client-IP="216.232.132.69" X-Client-Port="55930" >
  <step title="Cleanup Xml Logs" date="2025-03-29T03:20:45.255" >
    <step title="Cleanup Infos" date="2025-03-29T03:20:45.263" totalFiles="266" totalCleanup="106" /><!-- duration: 8ms -->
  </step><!-- duration: 17ms -->
  <step title="DeploymentService.GetResult" date="2025-03-29T03:20:45.290" >
    <step title="DeploymentService.GetLatestDeployment" date="2025-03-29T03:20:45.291" >
      <step title="DeploymentManager.GetResults" date="2025-03-29T03:20:45.293" /><!-- duration: 508ms -->
      <step title="Deployment ee2ea2cf-e46b-4b36-8cb0-ff504ca2e0e4 is Pending" date="2025-03-29T03:20:45.802" /><!-- duration: 1ms -->
    </step><!-- duration: 513ms -->
    <step title="Redirecting to latest deployment: https://reading-road-voice-demo.scm.azurewebsites.net/api/deployments/latest" date="2025-03-29T03:20:45.806" /><!-- duration: 1ms -->
  </step><!-- duration: 518ms -->
  <step title="Outgoing response" date="2025-03-29T03:20:45.815" type="response" statusCode="202" statusText="Accepted" /><!-- duration: 2ms -->
</step><!-- duration: 564ms -->
