<step title="Incoming Request" date="2025-03-29T17:08:57.787" instance="9f55e4" url="/api/publish?type=zip" method="POST" type="request" pid="770,1,32" Accept="*/*" Host="reading-road-voice-demo.scm.azurewebsites.net" User-Agent="AZURECLI/2.70.0 (MSI)" Accept-Encoding="gzip, deflate" Authorization="Bas..." Cache-Control="no-cache" Content-Type="application/octet-stream" Cookie="ARRAffinity=9f55e46e3d2054f2a574cbda6605e6df0484dc3b864373ea25829a5320264660; ARRAffinitySameSite=9f55e46e3d2054f2a574cbda6605e6df0484dc3b864373ea25829a5320264660" Content-Length="14564218" x-ms-client-request-id="7a710806-0cc0-11f0-922c-8c3b4a441321" x-ms-artifact-checksum="03bf0750890445a32ecb8c54e9ad30bd234fa5770a4842f7ea025438fe7708e7" X-ARR-LOG-ID="7a710806-0cc0-11f0-922c-8c3b4a441321" CLIENT-IP="64.180.26.65:65376" X-SITE-DEPLOYMENT-ID="reading-road-voice-demo" WAS-DEFAULT-HOSTNAME="reading-road-voice-demo.scm.azurewebsites.net" X-Forwarded-Proto="https" X-AppService-Proto="https" X-Forwarded-TlsVersion="1.3" X-WAWS-Unencoded-URL="/api/publish?type=zip" X-Client-IP="64.180.26.65" X-Client-Port="65376" >
  <step title="OneDeploy" date="2025-03-29T17:08:57.927" >
    <step title="None repository commit" date="2025-03-29T17:08:57.969" >
      <step title="Commit id: 386b14e0-1323-4b68-9dd7-a8d5bfad9d1a" date="2025-03-29T17:08:57.970" Message="N/A" AuthorName="N/A" AuthorEmail="N/A" /><!-- duration: 18ms -->
    </step><!-- duration: 21ms -->
    <step title="Starting PushDeployAsync" date="2025-03-29T17:08:57.998" /><!-- duration: 2ms -->
    <step title="WEBSITE_RUN_FROM_PACKAGE is set to 1. Writing zip to SitePackagesPath" date="2025-03-29T17:08:58.011" /><!-- duration: 1ms -->
    <step title="Copying zip to SitePackages /home/data/SitePackages/20250329170857.zip from request body" date="2025-03-29T17:08:58.021" /><!-- duration: 1ms -->
    <step title="Writing multipart request body to /home/data/SitePackages/20250329170857.zip" date="2025-03-29T17:08:58.058" /><!-- duration: 1ms -->
    <step title="Attempting to fetch target branch HEAD" date="2025-03-29T17:08:58.882" /><!-- duration: 8ms -->
    <step title="Acquiring Deployment Lock" date="2025-03-29T17:08:58.898" /><!-- duration: 1ms -->
    <step title="Acquired Deployment Lock" date="2025-03-29T17:08:58.919" /><!-- duration: 2ms -->
    <step title="Performing fetch based deployment" date="2025-03-29T17:08:58.950" >
      <step title="Creating temporary deployment" date="2025-03-29T17:08:58.959" /><!-- duration: 35ms -->
      <step title="Releasing Deployment Lock" date="2025-03-29T17:09:00.170" /><!-- duration: 9ms -->
      <step title="None repository commit" date="2025-03-29T17:09:00.199" >
        <step title="Commit id: 386b14e0-1323-4b68-9dd7-a8d5bfad9d1a" date="2025-03-29T17:09:00.200" Message="OneDeploy" AuthorName="N/A" AuthorEmail="N/A" /><!-- duration: 8ms -->
      </step><!-- duration: 11ms -->
      <step title="Deployment timer started" date="2025-03-29T17:09:02.238" >
        <step title="DeploymentManager.Deploy(id:386b14e0-1323-4b68-9dd7-a8d5bfad9d1a)" date="2025-03-29T17:09:02.248" >
          <step title="Collecting changeset information" date="2025-03-29T17:09:02.290" /><!-- duration: 118ms -->
          <step title="Updating submodules" date="2025-03-29T17:09:02.418" /><!-- duration: 1140ms -->
          <step title="Determining deployment builder" date="2025-03-29T17:09:03.704" >
            <step title="Builder is RunFromZipSiteBuilder" date="2025-03-29T17:09:03.712" /><!-- duration: 10ms -->
          </step><!-- duration: 26ms -->
          <step title="PreDeployment: context.CleanOutputPath False" date="2025-03-29T17:09:03.765" >
            <step title="PreDeployment: context.OutputPath /home/site/wwwroot" date="2025-03-29T17:09:03.873" >
              <step title="Building" date="2025-03-29T17:09:03.969" >
                <step title="Modified file to trigger a restart of the app container." date="2025-03-29T17:09:04.262" /><!-- duration: 1ms -->
                <step title="Skip function trigger and logicapp sync because function is not enabled." date="2025-03-29T17:09:04.266" /><!-- duration: 6ms -->
              </step><!-- duration: 1011ms -->
            </step><!-- duration: 1124ms -->
            <step title="Cleaning up temp files" date="2025-03-29T17:09:04.999" /><!-- duration: 11ms -->
            <step title="Cleaning up temp files" date="2025-03-29T17:09:05.012" /><!-- duration: 504ms -->
            <step title="Reloading status file with latest updates" date="2025-03-29T17:09:05.564" >
              <step title="WebHooksManager.PublishEventAsync: PostDeployment" date="2025-03-29T17:09:05.574" /><!-- duration: 114ms -->
            </step><!-- duration: 126ms -->
            <step title="Cleaning up temporary deployment - fetch deployment was successful" date="2025-03-29T17:09:05.693" /><!-- duration: 1ms -->
          </step><!-- duration: 1991ms -->
        </step><!-- duration: 3512ms -->
        <step title="Outgoing response" date="2025-03-29T17:09:05.776" type="response" statusCode="200" statusText="OK" /><!-- duration: 2ms -->
      </step><!-- duration: 3546ms -->
