<step title="Incoming Request" date="2025-03-29T05:11:21.551" instance="9f55e4" url="/reading-road-voice-demo.git/info/refs?service=git-upload-pack" method="GET" type="request" pid="772,1,17" Accept="*/*" Host="reading-road-voice-demo.scm.azurewebsites.net" User-Agent="git/2.47.0.windows.2 (Windows 11 Pro 10.0.22621; win32 x64) vscode/1.96.2 (Cursor)" Accept-Encoding="deflate, gzip, br, zstd" Authorization="Bas..." Pragma="no-cache" git-protocol="version=2" X-ARR-LOG-ID="dea5e066-7428-4cf9-9c8b-fa3b393cb079" CLIENT-IP="64.180.26.65:58993" X-SITE-DEPLOYMENT-ID="reading-road-voice-demo" WAS-DEFAULT-HOSTNAME="reading-road-voice-demo.scm.azurewebsites.net" X-Forwarded-Proto="https" X-AppService-Proto="https" X-Forwarded-TlsVersion="1.3" X-WAWS-Unencoded-URL="/reading-road-voice-demo.git/info/refs?service=git-upload-pack" X-Client-IP="64.180.26.65" X-Client-Port="58993" >
  <step title="Cleanup Xml Logs" date="2025-03-29T05:11:21.559" >
    <step title="Cleanup Infos" date="2025-03-29T05:11:21.566" totalFiles="388" totalCleanup="228" /><!-- duration: 2ms -->
  </step><!-- duration: 10ms -->
  <step title="InfoRefsService.Execute" date="2025-03-29T05:11:21.578" >
    <step title="Executing external process" date="2025-03-29T05:11:21.591" type="process" path="git" arguments="rev-parse --git-dir" /><!-- duration: 58ms -->
    <step title="Assuming git repository at /home/site/repository" date="2025-03-29T05:11:21.657" /><!-- duration: 9ms -->
    <step title="InfoRefsService.SmartInfoRefs" date="2025-03-29T05:11:21.668" >
      <step title="Executing external process" date="2025-03-29T05:11:21.680" type="process" path="git" arguments="rev-parse --git-dir" /><!-- duration: 18ms -->
      <step title="Assuming git repository at /home/site/repository" date="2025-03-29T05:11:21.700" /><!-- duration: 1ms -->
      <step title="GitExeServer.AdvertiseUploadPack" date="2025-03-29T05:11:21.707" >
        <step title="Executing external process" date="2025-03-29T05:11:21.709" type="process" path="git" arguments="upload-pack --stateless-rpc --advertise-refs &quot;/home/site/repository&quot;" /><!-- duration: 33ms -->
      </step><!-- duration: 37ms -->
      <step title="Writing 288 bytes" date="2025-03-29T05:11:21.746" /><!-- duration: 2ms -->
    </step><!-- duration: 82ms -->
  </step><!-- duration: 177ms -->
  <step title="Outgoing response" date="2025-03-29T05:11:21.767" type="response" statusCode="200" statusText="OK" /><!-- duration: 1ms -->
</step><!-- duration: 218ms -->
