<step title="Incoming Request" date="2025-03-29T17:12:30.265" instance="9f55e4" url="/reading-road-voice-demo.git/git-receive-pack" method="POST" type="request" pid="770,1,30" Accept="application/x-git-receive-pack-result" Host="reading-road-voice-demo.scm.azurewebsites.net" User-Agent="git/2.47.0.windows.2" Accept-Encoding="deflate, gzip, br, zstd" Authorization="Bas..." Content-Type="application/x-git-receive-pack-request" Content-Length="780" X-ARR-LOG-ID="83e42efe-f257-4498-baf9-81cd1afb0cee" CLIENT-IP="64.180.26.65:65473" X-SITE-DEPLOYMENT-ID="reading-road-voice-demo" WAS-DEFAULT-HOSTNAME="reading-road-voice-demo.scm.azurewebsites.net" X-Forwarded-Proto="https" X-AppService-Proto="https" X-Forwarded-TlsVersion="1.3" X-WAWS-Unencoded-URL="/reading-road-voice-demo.git/git-receive-pack" X-Client-IP="64.180.26.65" X-Client-Port="65473" >
  <step title="RpcService.ReceivePack" date="2025-03-29T17:12:30.276" >
    <step title="Executing external process" date="2025-03-29T17:12:30.294" type="process" path="git" arguments="rev-parse --git-dir" /><!-- duration: 69ms -->
    <step title="Assuming git repository at /home/site/repository" date="2025-03-29T17:12:30.367" /><!-- duration: 1ms -->
    <step title="Acquiring Deployment Lock" date="2025-03-29T17:12:30.374" /><!-- duration: 1ms -->
    <step title="Acquired Deployment Lock" date="2025-03-29T17:12:30.415" /><!-- duration: 1ms -->
    <step title="Creating temporary deployment" date="2025-03-29T17:12:30.418" /><!-- duration: 37ms -->
    <step title="GitExeServer.Receive" date="2025-03-29T17:12:30.457" >
      <step title="Executing external process" date="2025-03-29T17:12:30.458" type="process" path="git" arguments="receive-pack --stateless-rpc &quot;/home/site/repository&quot;" /><!-- duration: 49636ms -->
    </step><!-- duration: 49647ms -->
    <step title="Releasing Deployment Lock" date="2025-03-29T17:13:20.163" /><!-- duration: 2ms -->
  </step><!-- duration: 49896ms -->
  <step title="Outgoing response" date="2025-03-29T17:13:20.176" type="response" statusCode="200" statusText="OK" /><!-- duration: 1ms -->
</step><!-- duration: 49914ms -->
