<step title="Incoming Request" date="2025-03-29T04:31:10.726" instance="9f55e4" url="/reading-road-voice-demo.git/info/refs?service=git-upload-pack" method="GET" type="request" pid="767,1,35" Accept="*/*" Host="reading-road-voice-demo.scm.azurewebsites.net" User-Agent="git/2.47.0.windows.2 (Windows 11 Pro 10.0.22621; win32 x64) vscode/1.96.2 (Cursor)" Accept-Encoding="deflate, gzip, br, zstd" Authorization="Bas..." Pragma="no-cache" git-protocol="version=2" X-ARR-LOG-ID="2383bd74-35be-4a53-a149-8bd03eb52690" CLIENT-IP="64.180.26.65:58037" X-SITE-DEPLOYMENT-ID="reading-road-voice-demo" WAS-DEFAULT-HOSTNAME="reading-road-voice-demo.scm.azurewebsites.net" X-Forwarded-Proto="https" X-AppService-Proto="https" X-Forwarded-TlsVersion="1.3" X-WAWS-Unencoded-URL="/reading-road-voice-demo.git/info/refs?service=git-upload-pack" X-Client-IP="64.180.26.65" X-Client-Port="58037" >
  <step title="Cleanup Xml Logs" date="2025-03-29T04:31:10.729" >
    <step title="Cleanup Infos" date="2025-03-29T04:31:10.738" totalFiles="356" totalCleanup="196" /><!-- duration: 4ms -->
  </step><!-- duration: 15ms -->
  <step title="InfoRefsService.Execute" date="2025-03-29T04:31:10.747" >
    <step title="Executing external process" date="2025-03-29T04:31:10.762" type="process" path="git" arguments="rev-parse --git-dir" /><!-- duration: 24ms -->
    <step title="Assuming git repository at /home/site/repository" date="2025-03-29T04:31:10.792" /><!-- duration: 2ms -->
    <step title="InfoRefsService.SmartInfoRefs" date="2025-03-29T04:31:10.796" >
      <step title="Executing external process" date="2025-03-29T04:31:10.804" type="process" path="git" arguments="rev-parse --git-dir" /><!-- duration: 18ms -->
      <step title="Assuming git repository at /home/site/repository" date="2025-03-29T04:31:10.840" /><!-- duration: 28ms -->
      <step title="GitExeServer.AdvertiseUploadPack" date="2025-03-29T04:31:10.871" >
        <step title="Executing external process" date="2025-03-29T04:31:10.873" type="process" path="git" arguments="upload-pack --stateless-rpc --advertise-refs &quot;/home/site/repository&quot;" /><!-- duration: 37ms -->
      </step><!-- duration: 41ms -->
      <step title="Writing 288 bytes" date="2025-03-29T04:31:10.913" /><!-- duration: 1ms -->
    </step><!-- duration: 119ms -->
  </step><!-- duration: 169ms -->
  <step title="Outgoing response" date="2025-03-29T04:31:10.921" type="response" statusCode="200" statusText="OK" /><!-- duration: 2ms -->
</step><!-- duration: 199ms -->
