<step title="Incoming Request" date="2025-03-29T17:17:25.013" instance="9f55e4" url="/reading-road-voice-demo.git/info/refs?service=git-receive-pack" method="GET" type="request" pid="770,1,25" Accept="*/*" Host="reading-road-voice-demo.scm.azurewebsites.net" User-Agent="git/2.47.0.windows.2" Accept-Encoding="deflate, gzip, br, zstd" Authorization="Bas..." Pragma="no-cache" X-ARR-LOG-ID="d66e7cf0-2076-47ea-8f7f-2ed1ee47596a" CLIENT-IP="64.180.26.65:49231" X-SITE-DEPLOYMENT-ID="reading-road-voice-demo" WAS-DEFAULT-HOSTNAME="reading-road-voice-demo.scm.azurewebsites.net" X-Forwarded-Proto="https" X-AppService-Proto="https" X-Forwarded-TlsVersion="1.3" X-WAWS-Unencoded-URL="/reading-road-voice-demo.git/info/refs?service=git-receive-pack" X-Client-IP="64.180.26.65" X-Client-Port="49231" >
  <step title="Cleanup Xml Logs" date="2025-03-29T17:17:25.015" >
    <step title="Cleanup Infos" date="2025-03-29T17:17:25.028" totalFiles="463" totalCleanup="303" /><!-- duration: 4ms -->
  </step><!-- duration: 19ms -->
  <step title="InfoRefsService.Execute" date="2025-03-29T17:17:25.054" >
    <step title="Executing external process" date="2025-03-29T17:17:25.076" type="process" path="git" arguments="rev-parse --git-dir" /><!-- duration: 68ms -->
    <step title="Assuming git repository at /home/site/repository" date="2025-03-29T17:17:25.154" /><!-- duration: 1ms -->
    <step title="InfoRefsService.SmartInfoRefs" date="2025-03-29T17:17:25.157" >
      <step title="Executing external process" date="2025-03-29T17:17:25.184" type="process" path="git" arguments="rev-parse --git-dir" /><!-- duration: 19ms -->
      <step title="Assuming git repository at /home/site/repository" date="2025-03-29T17:17:25.204" /><!-- duration: 1ms -->
      <step title="GitExeServer.AdvertiseReceivePack" date="2025-03-29T17:17:25.233" >
        <step title="Executing external process" date="2025-03-29T17:17:25.234" type="process" path="git" arguments="receive-pack --stateless-rpc --advertise-refs &quot;/home/site/repository&quot;" /><!-- duration: 64ms -->
      </step><!-- duration: 67ms -->
      <step title="Writing 279 bytes" date="2025-03-29T17:17:25.304" /><!-- duration: 1ms -->
    </step><!-- duration: 150ms -->
  </step><!-- duration: 254ms -->
  <step title="Outgoing response" date="2025-03-29T17:17:25.309" type="response" statusCode="200" statusText="OK" /><!-- duration: 1ms -->
</step><!-- duration: 299ms -->
