<step title="Incoming Request" date="2025-03-29T04:34:12.727" instance="9f55e4" url="/reading-road-voice-demo.git/info/refs?service=git-upload-pack" method="GET" type="request" pid="767,1,37" Accept="*/*" Host="reading-road-voice-demo.scm.azurewebsites.net" User-Agent="git/2.47.0.windows.2 (Windows 11 Pro 10.0.22621; win32 x64) vscode/1.96.2 (Cursor)" Accept-Encoding="deflate, gzip, br, zstd" Authorization="Bas..." Pragma="no-cache" git-protocol="version=2" X-ARR-LOG-ID="24d0b259-a655-4145-badc-e0294d492b59" CLIENT-IP="64.180.26.65:58086" X-SITE-DEPLOYMENT-ID="reading-road-voice-demo" WAS-DEFAULT-HOSTNAME="reading-road-voice-demo.scm.azurewebsites.net" X-Forwarded-Proto="https" X-AppService-Proto="https" X-Forwarded-TlsVersion="1.3" X-WAWS-Unencoded-URL="/reading-road-voice-demo.git/info/refs?service=git-upload-pack" X-Client-IP="64.180.26.65" X-Client-Port="58086" >
  <step title="Cleanup Xml Logs" date="2025-03-29T04:34:12.748" >
    <step title="Cleanup Infos" date="2025-03-29T04:34:12.773" totalFiles="358" totalCleanup="198" /><!-- duration: 2ms -->
  </step><!-- duration: 36ms -->
  <step title="InfoRefsService.Execute" date="2025-03-29T04:34:12.805" >
    <step title="Executing external process" date="2025-03-29T04:34:12.843" type="process" path="git" arguments="rev-parse --git-dir" /><!-- duration: 112ms -->
    <step title="Assuming git repository at /home/site/repository" date="2025-03-29T04:34:12.965" /><!-- duration: 8ms -->
    <step title="InfoRefsService.SmartInfoRefs" date="2025-03-29T04:34:12.975" >
      <step title="Executing external process" date="2025-03-29T04:34:12.986" type="process" path="git" arguments="rev-parse --git-dir" /><!-- duration: 47ms -->
      <step title="Assuming git repository at /home/site/repository" date="2025-03-29T04:34:13.041" /><!-- duration: 2ms -->
      <step title="GitExeServer.AdvertiseUploadPack" date="2025-03-29T04:34:13.050" >
        <step title="Executing external process" date="2025-03-29T04:34:13.057" type="process" path="git" arguments="upload-pack --stateless-rpc --advertise-refs &quot;/home/site/repository&quot;" /><!-- duration: 99ms -->
      </step><!-- duration: 107ms -->
      <step title="Writing 288 bytes" date="2025-03-29T04:34:13.165" /><!-- duration: 1ms -->
    </step><!-- duration: 193ms -->
  </step><!-- duration: 370ms -->
  <step title="Outgoing response" date="2025-03-29T04:34:13.177" type="response" statusCode="200" statusText="OK" /><!-- duration: 20ms -->
</step><!-- duration: 478ms -->
