<step title="Incoming Request" date="2025-03-29T03:06:59.030" instance="9f55e4" url="/api/publish?type=zip" method="POST" type="request" pid="770,1,17" Accept="*/*" Host="reading-road-voice-demo.scm.azurewebsites.net" User-Agent="AZURECLI/2.70.0 (MSI)" Accept-Encoding="gzip, deflate" Authorization="Bas..." Cache-Control="no-cache" Content-Type="application/octet-stream" Cookie="ARRAffinity=9f55e46e3d2054f2a574cbda6605e6df0484dc3b864373ea25829a5320264660; ARRAffinitySameSite=9f55e46e3d2054f2a574cbda6605e6df0484dc3b864373ea25829a5320264660" Content-Length="236988" x-ms-client-request-id="dcb54ef6-0c4a-11f0-acd4-8c3b4a441321" x-ms-artifact-checksum="de265f2d4876c3843540697b30fc845b90877e67d54fad91f3208b6e9e45183e" X-ARR-LOG-ID="dcb54ef6-0c4a-11f0-acd4-8c3b4a441321" CLIENT-IP="216.232.132.69:55505" X-SITE-DEPLOYMENT-ID="reading-road-voice-demo" WAS-DEFAULT-HOSTNAME="reading-road-voice-demo.scm.azurewebsites.net" X-Forwarded-Proto="https" X-AppService-Proto="https" X-Forwarded-TlsVersion="1.3" X-WAWS-Unencoded-URL="/api/publish?type=zip" X-Client-IP="216.232.132.69" X-Client-Port="55505" >
  <step title="OneDeploy" date="2025-03-29T03:06:59.050" >
    <step title="Starting PushDeployAsync" date="2025-03-29T03:06:59.073" /><!-- duration: 19ms -->
    <step title="Writing artifact to /tmp/zipdeploy/6687bab4-5ea7-44f2-a0a2-44f0668f0395.zip" date="2025-03-29T03:06:59.122" >
      <step title="Writing multipart request body to /tmp/zipdeploy/6687bab4-5ea7-44f2-a0a2-44f0668f0395.zip" date="2025-03-29T03:06:59.192" /><!-- duration: 11ms -->
    </step><!-- duration: 152ms -->
    <step title="Attempting to fetch target branch HEAD" date="2025-03-29T03:06:59.304" /><!-- duration: 10ms -->
    <step title="Acquiring Deployment Lock" date="2025-03-29T03:06:59.332" /><!-- duration: 2ms -->
    <step title="Cannot Acquire Deployment Lock already held" date="2025-03-29T03:06:59.353" /><!-- duration: 28ms -->
    <step title="There is a deployment currently in progress. Please try again when it completes." date="2025-03-29T03:06:59.402" /><!-- duration: 37ms -->
  </step><!-- duration: 399ms -->
  <step title="Outgoing response" date="2025-03-29T03:06:59.481" type="response" statusCode="409" statusText="Conflict" /><!-- duration: 9ms -->
</step><!-- duration: 500ms -->
