<step title="Incoming Request" date="2025-03-29T05:06:16.129" instance="9f55e4" url="/api/deployments/latest" method="GET" type="request" pid="767,1,29" Accept="*/*" Host="reading-road-voice-demo.scm.azurewebsites.net" User-Agent="AZURECLI/2.70.0 (MSI)" Accept-Encoding="gzip, deflate" Authorization="Bas..." x-ms-client-request-id="7594d457-0c5b-11f0-bc15-8c3b4a441321" X-ARR-LOG-ID="7594d457-0c5b-11f0-bc15-8c3b4a441321" CLIENT-IP="64.180.26.65:58852" X-SITE-DEPLOYMENT-ID="reading-road-voice-demo" WAS-DEFAULT-HOSTNAME="reading-road-voice-demo.scm.azurewebsites.net" X-Forwarded-Proto="https" X-AppService-Proto="https" X-Forwarded-TlsVersion="1.3" X-WAWS-Unencoded-URL="/api/deployments/latest" X-Client-IP="64.180.26.65" X-Client-Port="58852" >
  <step title="Cleanup Xml Logs" date="2025-03-29T05:06:16.130" >
    <step title="Cleanup Infos" date="2025-03-29T05:06:16.136" totalFiles="374" totalCleanup="214" /><!-- duration: 3ms -->
  </step><!-- duration: 10ms -->
  <step title="DeploymentService.GetResult" date="2025-03-29T05:06:16.143" >
    <step title="DeploymentService.GetLatestDeployment" date="2025-03-29T05:06:16.144" >
      <step title="DeploymentManager.GetResults" date="2025-03-29T05:06:16.148" /><!-- duration: 129ms -->
      <step title="Deployment temp-efc37f2c is Pending" date="2025-03-29T05:06:16.278" /><!-- duration: 1ms -->
    </step><!-- duration: 136ms -->
    <step title="Redirecting to latest deployment: https://reading-road-voice-demo.scm.azurewebsites.net/api/deployments/latest" date="2025-03-29T05:06:16.281" /><!-- duration: 1ms -->
  </step><!-- duration: 142ms -->
  <step title="Outgoing response" date="2025-03-29T05:06:16.289" type="response" statusCode="202" statusText="Accepted" /><!-- duration: 3ms -->
</step><!-- duration: 163ms -->
