<step title="Incoming Request" date="2025-03-29T16:59:26.480" instance="9f55e4" url="/reading-road-voice-demo.git/git-receive-pack" method="POST" type="request" pid="770,1,18" Accept="application/x-git-receive-pack-result" Host="reading-road-voice-demo.scm.azurewebsites.net" User-Agent="git/2.47.0.windows.2" Authorization="Bas..." Content-Type="application/x-git-receive-pack-request" Content-Length="4" X-ARR-LOG-ID="1cbbede5-227a-4183-b71d-a4ec2628bc7b" CLIENT-IP="64.180.26.65:65193" X-SITE-DEPLOYMENT-ID="reading-road-voice-demo" WAS-DEFAULT-HOSTNAME="reading-road-voice-demo.scm.azurewebsites.net" X-Forwarded-Proto="https" X-AppService-Proto="https" X-Forwarded-TlsVersion="1.3" X-WAWS-Unencoded-URL="/reading-road-voice-demo.git/git-receive-pack" X-Client-IP="64.180.26.65" X-Client-Port="65193" >
  <step title="Cleanup Xml Logs" date="2025-03-29T16:59:26.488" >
    <step title="Cleanup Infos" date="2025-03-29T16:59:26.538" totalFiles="447" totalCleanup="287" /><!-- duration: 10ms -->
  </step><!-- duration: 79ms -->
  <step title="RpcService.ReceivePack" date="2025-03-29T16:59:26.698" >
    <step title="Executing external process" date="2025-03-29T16:59:27.016" type="process" path="git" arguments="rev-parse --git-dir" /><!-- duration: 86ms -->
    <step title="Assuming git repository at /home/site/repository" date="2025-03-29T16:59:27.103" /><!-- duration: 1ms -->
    <step title="Acquiring Deployment Lock" date="2025-03-29T16:59:27.135" /><!-- duration: 8ms -->
    <step title="Acquired Deployment Lock" date="2025-03-29T16:59:27.243" /><!-- duration: 1ms -->
    <step title="Creating temporary deployment" date="2025-03-29T16:59:27.253" /><!-- duration: 81ms -->
    <step title="GitExeServer.Receive" date="2025-03-29T16:59:27.343" >
      <step title="Executing external process" date="2025-03-29T16:59:27.345" type="process" path="git" arguments="receive-pack --stateless-rpc &quot;/home/site/repository&quot;" /><!-- duration: 39ms -->
    </step><!-- duration: 42ms -->
    <step title="Releasing Deployment Lock" date="2025-03-29T16:59:27.427" /><!-- duration: 1ms -->
  </step><!-- duration: 741ms -->
  <step title="Outgoing response" date="2025-03-29T16:59:27.442" type="response" statusCode="200" statusText="OK" /><!-- duration: 1ms -->
</step><!-- duration: 965ms -->
