<step title="Incoming Request" date="2025-03-29T04:37:14.829" instance="9f55e4" url="/reading-road-voice-demo.git/info/refs?service=git-upload-pack" method="GET" type="request" pid="767,1,37" Accept="*/*" Host="reading-road-voice-demo.scm.azurewebsites.net" User-Agent="git/2.47.0.windows.2 (Windows 11 Pro 10.0.22621; win32 x64) vscode/1.96.2 (Cursor)" Accept-Encoding="deflate, gzip, br, zstd" Authorization="Bas..." Pragma="no-cache" git-protocol="version=2" X-ARR-LOG-ID="d6dd4df3-787b-458c-b56f-7a25c6d7c49e" CLIENT-IP="64.180.26.65:58199" X-SITE-DEPLOYMENT-ID="reading-road-voice-demo" WAS-DEFAULT-HOSTNAME="reading-road-voice-demo.scm.azurewebsites.net" X-Forwarded-Proto="https" X-AppService-Proto="https" X-Forwarded-TlsVersion="1.3" X-WAWS-Unencoded-URL="/reading-road-voice-demo.git/info/refs?service=git-upload-pack" X-Client-IP="64.180.26.65" X-Client-Port="58199" >
  <step title="Cleanup Xml Logs" date="2025-03-29T04:37:14.839" >
    <step title="Cleanup Infos" date="2025-03-29T04:37:14.858" totalFiles="359" totalCleanup="199" /><!-- duration: 2ms -->
  </step><!-- duration: 32ms -->
  <step title="InfoRefsService.Execute" date="2025-03-29T04:37:14.880" >
    <step title="Executing external process" date="2025-03-29T04:37:14.929" type="process" path="git" arguments="rev-parse --git-dir" /><!-- duration: 128ms -->
    <step title="Assuming git repository at /home/site/repository" date="2025-03-29T04:37:15.098" /><!-- duration: 2ms -->
    <step title="InfoRefsService.SmartInfoRefs" date="2025-03-29T04:37:15.137" >
      <step title="Executing external process" date="2025-03-29T04:37:15.198" type="process" path="git" arguments="rev-parse --git-dir" /><!-- duration: 50ms -->
      <step title="Assuming git repository at /home/site/repository" date="2025-03-29T04:37:15.250" /><!-- duration: 8ms -->
      <step title="GitExeServer.AdvertiseUploadPack" date="2025-03-29T04:37:15.288" >
        <step title="Executing external process" date="2025-03-29T04:37:15.290" type="process" path="git" arguments="upload-pack --stateless-rpc --advertise-refs &quot;/home/site/repository&quot;" /><!-- duration: 209ms -->
      </step><!-- duration: 221ms -->
      <step title="Writing 288 bytes" date="2025-03-29T04:37:15.518" /><!-- duration: 2ms -->
    </step><!-- duration: 392ms -->
  </step><!-- duration: 659ms -->
  <step title="Outgoing response" date="2025-03-29T04:37:15.569" type="response" statusCode="200" statusText="OK" /><!-- duration: 9ms -->
</step><!-- duration: 758ms -->
