<step title="Incoming Request" date="2025-03-29T04:28:08.925" instance="9f55e4" url="/reading-road-voice-demo.git/info/refs?service=git-upload-pack" method="GET" type="request" pid="767,1,24" Accept="*/*" Host="reading-road-voice-demo.scm.azurewebsites.net" User-Agent="git/2.47.0.windows.2 (Windows 11 Pro 10.0.22621; win32 x64) vscode/1.96.2 (Cursor)" Accept-Encoding="deflate, gzip, br, zstd" Authorization="Bas..." Pragma="no-cache" git-protocol="version=2" X-ARR-LOG-ID="07a2ed26-0850-443a-baac-b51aaa03880f" CLIENT-IP="64.180.26.65:58017" X-SITE-DEPLOYMENT-ID="reading-road-voice-demo" WAS-DEFAULT-HOSTNAME="reading-road-voice-demo.scm.azurewebsites.net" X-Forwarded-Proto="https" X-AppService-Proto="https" X-Forwarded-TlsVersion="1.3" X-WAWS-Unencoded-URL="/reading-road-voice-demo.git/info/refs?service=git-upload-pack" X-Client-IP="64.180.26.65" X-Client-Port="58017" >
  <step title="Cleanup Xml Logs" date="2025-03-29T04:28:08.927" >
    <step title="Cleanup Infos" date="2025-03-29T04:28:08.933" totalFiles="355" totalCleanup="195" /><!-- duration: 5ms -->
  </step><!-- duration: 12ms -->
  <step title="InfoRefsService.Execute" date="2025-03-29T04:28:08.942" >
    <step title="Executing external process" date="2025-03-29T04:28:08.952" type="process" path="git" arguments="rev-parse --git-dir" /><!-- duration: 32ms -->
    <step title="Assuming git repository at /home/site/repository" date="2025-03-29T04:28:08.993" /><!-- duration: 2ms -->
    <step title="InfoRefsService.SmartInfoRefs" date="2025-03-29T04:28:09.013" >
      <step title="Executing external process" date="2025-03-29T04:28:09.025" type="process" path="git" arguments="rev-parse --git-dir" /><!-- duration: 29ms -->
      <step title="Assuming git repository at /home/site/repository" date="2025-03-29T04:28:09.080" /><!-- duration: 2ms -->
      <step title="GitExeServer.AdvertiseUploadPack" date="2025-03-29T04:28:09.084" >
        <step title="Executing external process" date="2025-03-29T04:28:09.085" type="process" path="git" arguments="upload-pack --stateless-rpc --advertise-refs &quot;/home/site/repository&quot;" /><!-- duration: 88ms -->
      </step><!-- duration: 98ms -->
      <step title="Writing 288 bytes" date="2025-03-29T04:28:09.192" /><!-- duration: 11ms -->
    </step><!-- duration: 191ms -->
  </step><!-- duration: 270ms -->
  <step title="Outgoing response" date="2025-03-29T04:28:09.222" type="response" statusCode="200" statusText="OK" /><!-- duration: 1ms -->
</step><!-- duration: 299ms -->
