<step title="Incoming Request" date="2025-03-29T04:21:55.511" instance="9f55e4" url="/reading-road-voice-demo.git/info/refs?service=git-upload-pack" method="GET" type="request" pid="767,1,30" Accept="*/*" Host="reading-road-voice-demo.scm.azurewebsites.net" User-Agent="git/2.47.0.windows.2 (Windows 11 Pro 10.0.22621; win32 x64) vscode/1.96.2 (Cursor)" Accept-Encoding="deflate, gzip, br, zstd" Authorization="Bas..." Pragma="no-cache" git-protocol="version=2" X-ARR-LOG-ID="2946a2bf-1000-47ce-91dc-c25117a79171" CLIENT-IP="64.180.26.65:57820" X-SITE-DEPLOYMENT-ID="reading-road-voice-demo" WAS-DEFAULT-HOSTNAME="reading-road-voice-demo.scm.azurewebsites.net" X-Forwarded-Proto="https" X-AppService-Proto="https" X-Forwarded-TlsVersion="1.3" X-WAWS-Unencoded-URL="/reading-road-voice-demo.git/info/refs?service=git-upload-pack" X-Client-IP="64.180.26.65" X-Client-Port="57820" >
  <step title="Cleanup Xml Logs" date="2025-03-29T04:21:55.513" >
    <step title="Cleanup Infos" date="2025-03-29T04:21:55.518" totalFiles="353" totalCleanup="193" /><!-- duration: 1ms -->
  </step><!-- duration: 7ms -->
  <step title="InfoRefsService.Execute" date="2025-03-29T04:21:55.524" >
    <step title="Executing external process" date="2025-03-29T04:21:55.529" type="process" path="git" arguments="rev-parse --git-dir" /><!-- duration: 23ms -->
    <step title="Assuming git repository at /home/site/repository" date="2025-03-29T04:21:55.554" /><!-- duration: 1ms -->
    <step title="InfoRefsService.SmartInfoRefs" date="2025-03-29T04:21:55.558" >
      <step title="Executing external process" date="2025-03-29T04:21:55.573" type="process" path="git" arguments="rev-parse --git-dir" /><!-- duration: 20ms -->
      <step title="Assuming git repository at /home/site/repository" date="2025-03-29T04:21:55.595" /><!-- duration: 1ms -->
      <step title="GitExeServer.AdvertiseUploadPack" date="2025-03-29T04:21:55.613" >
        <step title="Executing external process" date="2025-03-29T04:21:55.615" type="process" path="git" arguments="upload-pack --stateless-rpc --advertise-refs &quot;/home/site/repository&quot;" /><!-- duration: 49ms -->
      </step><!-- duration: 53ms -->
      <step title="Writing 288 bytes" date="2025-03-29T04:21:55.674" /><!-- duration: 1ms -->
    </step><!-- duration: 119ms -->
  </step><!-- duration: 161ms -->
  <step title="Outgoing response" date="2025-03-29T04:21:55.695" type="response" statusCode="200" statusText="OK" /><!-- duration: 2ms -->
</step><!-- duration: 193ms -->
