<step title="Incoming Request" date="2025-03-29T03:20:01.204" instance="9f55e4" url="/api/zipdeploy?isAsync=true" method="POST" type="request" pid="772,1,5" Accept="*/*" Host="reading-road-voice-demo.scm.azurewebsites.net" User-Agent="AZURECLI/2.70.0 (MSI)" Accept-Encoding="gzip, deflate" Authorization="Bas..." Cache-Control="no-cache" Content-Type="application/octet-stream" Cookie="ARRAffinity=9f55e46e3d2054f2a574cbda6605e6df0484dc3b864373ea25829a5320264660; ARRAffinitySameSite=9f55e46e3d2054f2a574cbda6605e6df0484dc3b864373ea25829a5320264660" Content-Length="386992007" x-ms-client-request-id="a137dcf4-0c4c-11f0-9faa-8c3b4a441321" x-ms-artifact-checksum="041b211d372f8b3b8be30a2ac295002e457254a49ba98705659700c0f5fba5da" X-ARR-LOG-ID="a137dcf4-0c4c-11f0-9faa-8c3b4a441321" CLIENT-IP="216.232.132.69:55913" X-SITE-DEPLOYMENT-ID="reading-road-voice-demo" WAS-DEFAULT-HOSTNAME="reading-road-voice-demo.scm.azurewebsites.net" X-Forwarded-Proto="https" X-AppService-Proto="https" X-Forwarded-TlsVersion="1.3" X-WAWS-Unencoded-URL="/api/zipdeploy?isAsync=true" X-Client-IP="216.232.132.69" X-Client-Port="55913" >
  <step title="ZipPushDeploy" date="2025-03-29T03:20:01.829" >
    <step title="ZipDeploy. Extract zip. Remote build." date="2025-03-29T03:20:01.916" /><!-- duration: 8ms -->
    <step title="None repository commit" date="2025-03-29T03:20:02.015" >
      <step title="Commit id: ee2ea2cf-e46b-4b36-8cb0-ff504ca2e0e4" date="2025-03-29T03:20:02.026" Message="N/A" AuthorName="N/A" AuthorEmail="N/A" /><!-- duration: 1ms -->
    </step><!-- duration: 32ms -->
    <step title="Starting PushDeployAsync" date="2025-03-29T03:20:02.054" /><!-- duration: 1ms -->
    <step title="Writing artifact to /tmp/zipdeploy/8b575ed8-c348-4d3d-b0ba-cda73dc4b0d6.zip" date="2025-03-29T03:20:02.174" >
      <step title="Writing multipart request body to /tmp/zipdeploy/8b575ed8-c348-4d3d-b0ba-cda73dc4b0d6.zip" date="2025-03-29T03:20:02.192" /><!-- duration: 1ms -->
    </step><!-- duration: 19757ms -->
    <step title="Start deployment in the background" date="2025-03-29T03:20:21.948" >
      <step title="Acquiring Deployment Lock" date="2025-03-29T03:20:22.021" /><!-- duration: 17ms -->
      <step title="Acquired Deployment Lock" date="2025-03-29T03:20:22.055" /><!-- duration: 4ms -->
    </step><!-- duration: 180ms -->
  </step><!-- duration: 20318ms -->
  <step title="Outgoing response" date="2025-03-29T03:20:22.167" type="response" statusCode="202" statusText="Accepted" /><!-- duration: 2ms -->
</step><!-- duration: 20966ms -->
