<step title="Incoming Request" date="2025-03-29T05:06:10.295" instance="9f55e4" url="/api/deployments/latest" method="GET" type="request" pid="767,1,29" Accept="*/*" Host="reading-road-voice-demo.scm.azurewebsites.net" User-Agent="AZURECLI/2.70.0 (MSI)" Accept-Encoding="gzip, deflate" Authorization="Bas..." x-ms-client-request-id="7594d457-0c5b-11f0-bc15-8c3b4a441321" X-ARR-LOG-ID="7594d457-0c5b-11f0-bc15-8c3b4a441321" CLIENT-IP="64.180.26.65:58850" X-SITE-DEPLOYMENT-ID="reading-road-voice-demo" WAS-DEFAULT-HOSTNAME="reading-road-voice-demo.scm.azurewebsites.net" X-Forwarded-Proto="https" X-AppService-Proto="https" X-Forwarded-TlsVersion="1.3" X-WAWS-Unencoded-URL="/api/deployments/latest" X-Client-IP="64.180.26.65" X-Client-Port="58850" >
  <step title="Cleanup Xml Logs" date="2025-03-29T05:06:10.297" >
    <step title="Cleanup Infos" date="2025-03-29T05:06:10.319" totalFiles="372" totalCleanup="212" /><!-- duration: 8ms -->
  </step><!-- duration: 31ms -->
  <step title="DeploymentService.GetResult" date="2025-03-29T05:06:10.356" >
    <step title="DeploymentService.GetLatestDeployment" date="2025-03-29T05:06:10.364" >
      <step title="DeploymentManager.GetResults" date="2025-03-29T05:06:10.365" /><!-- duration: 311ms -->
      <step title="Deployment temp-efc37f2c is Pending" date="2025-03-29T05:06:10.695" /><!-- duration: 1ms -->
    </step><!-- duration: 340ms -->
    <step title="Redirecting to latest deployment: https://reading-road-voice-demo.scm.azurewebsites.net/api/deployments/latest" date="2025-03-29T05:06:10.706" /><!-- duration: 9ms -->
  </step><!-- duration: 360ms -->
  <step title="Outgoing response" date="2025-03-29T05:06:10.747" type="response" statusCode="202" statusText="Accepted" /><!-- duration: 38ms -->
</step><!-- duration: 491ms -->
