<step title="Incoming Request" date="2025-03-29T04:09:16.849" instance="9f55e4" url="/api/zipdeploy?isAsync=true" method="POST" type="request" pid="767,1,16" Accept="*/*" Host="reading-road-voice-demo.scm.azurewebsites.net" User-Agent="AZURECLI/2.70.0 (MSI)" Accept-Encoding="gzip, deflate" Authorization="Bas..." Cache-Control="no-cache" Content-Type="application/octet-stream" Cookie="ARRAffinity=9f55e46e3d2054f2a574cbda6605e6df0484dc3b864373ea25829a5320264660; ARRAffinitySameSite=9f55e46e3d2054f2a574cbda6605e6df0484dc3b864373ea25829a5320264660" Content-Length="232098" x-ms-client-request-id="8c7a341e-0c53-11f0-be1d-8c3b4a441321" x-ms-artifact-checksum="6c7e3f28f73e35cb85c23d2ceae05aad08e153784d3bf344cd17e803fee7df78" X-ARR-LOG-ID="8c7a341e-0c53-11f0-be1d-8c3b4a441321" CLIENT-IP="64.180.26.65:57342" X-SITE-DEPLOYMENT-ID="reading-road-voice-demo" WAS-DEFAULT-HOSTNAME="reading-road-voice-demo.scm.azurewebsites.net" X-Forwarded-Proto="https" X-AppService-Proto="https" X-Forwarded-TlsVersion="1.3" X-WAWS-Unencoded-URL="/api/zipdeploy?isAsync=true" X-Client-IP="64.180.26.65" X-Client-Port="57342" >
  <step title="ZipPushDeploy" date="2025-03-29T04:09:16.857" >
    <step title="ZipDeploy. Extract zip. Remote build." date="2025-03-29T04:09:16.887" /><!-- duration: 1ms -->
    <step title="Starting PushDeployAsync" date="2025-03-29T04:09:16.890" /><!-- duration: 1ms -->
    <step title="Writing artifact to /tmp/zipdeploy/d6e16877-5973-4ef6-9744-a4a514857741.zip" date="2025-03-29T04:09:16.918" >
      <step title="Writing multipart request body to /tmp/zipdeploy/d6e16877-5973-4ef6-9744-a4a514857741.zip" date="2025-03-29T04:09:16.924" /><!-- duration: 1ms -->
    </step><!-- duration: 135ms -->
    <step title="Start deployment in the background" date="2025-03-29T04:09:17.057" >
      <step title="Acquiring Deployment Lock" date="2025-03-29T04:09:17.081" /><!-- duration: 1ms -->
      <step title="Acquired Deployment Lock" date="2025-03-29T04:09:17.116" /><!-- duration: 1ms -->
    </step><!-- duration: 127ms -->
  </step><!-- duration: 334ms -->
  <step title="Outgoing response" date="2025-03-29T04:09:17.193" type="response" statusCode="202" statusText="Accepted" /><!-- duration: 1ms -->
</step><!-- duration: 347ms -->
