<step title="Incoming Request" date="2025-03-29T04:09:21.066" instance="9f55e4" url="/api/deployments/latest" method="GET" type="request" pid="767,1,3" Accept="*/*" Host="reading-road-voice-demo.scm.azurewebsites.net" User-Agent="AZURECLI/2.70.0 (MSI)" Accept-Encoding="gzip, deflate" Authorization="Bas..." x-ms-client-request-id="8c7a341e-0c53-11f0-be1d-8c3b4a441321" X-ARR-LOG-ID="8c7a341e-0c53-11f0-be1d-8c3b4a441321" CLIENT-IP="64.180.26.65:57347" X-SITE-DEPLOYMENT-ID="reading-road-voice-demo" WAS-DEFAULT-HOSTNAME="reading-road-voice-demo.scm.azurewebsites.net" X-Forwarded-Proto="https" X-AppService-Proto="https" X-Forwarded-TlsVersion="1.3" X-WAWS-Unencoded-URL="/api/deployments/latest" X-Client-IP="64.180.26.65" X-Client-Port="57347" >
  <step title="Cleanup Xml Logs" date="2025-03-29T04:09:21.068" >
    <step title="Cleanup Infos" date="2025-03-29T04:09:21.075" totalFiles="346" totalCleanup="186" /><!-- duration: 2ms -->
  </step><!-- duration: 10ms -->
  <step title="DeploymentService.GetResult" date="2025-03-29T04:09:21.082" >
    <step title="DeploymentService.GetLatestDeployment" date="2025-03-29T04:09:21.087" >
      <step title="DeploymentManager.GetResults" date="2025-03-29T04:09:21.089" /><!-- duration: 171ms -->
      <step title="Deployment 16980457-4f84-4778-a85b-fd664702c45e is Pending" date="2025-03-29T04:09:21.261" /><!-- duration: 2ms -->
    </step><!-- duration: 177ms -->
    <step title="Redirecting to latest deployment: https://reading-road-voice-demo.scm.azurewebsites.net/api/deployments/latest" date="2025-03-29T04:09:21.266" /><!-- duration: 1ms -->
  </step><!-- duration: 186ms -->
  <step title="Outgoing response" date="2025-03-29T04:09:21.281" type="response" statusCode="202" statusText="Accepted" /><!-- duration: 9ms -->
</step><!-- duration: 232ms -->
