<step title="Incoming Request" date="2025-03-29T16:52:28.740" instance="9f55e4" url="/reading-road-voice-demo.git/info/refs?service=git-upload-pack" method="GET" type="request" pid="768,1,18" Accept="*/*" Host="reading-road-voice-demo.scm.azurewebsites.net" User-Agent="git/2.47.0.windows.2 (Windows 11 Pro 10.0.22621; win32 x64) vscode/1.96.2 (Cursor)" Accept-Encoding="deflate, gzip, br, zstd" Authorization="Bas..." Pragma="no-cache" git-protocol="version=2" X-ARR-LOG-ID="131f4e8f-5ba5-4d4f-add1-8e1d83542a0d" CLIENT-IP="64.180.26.65:64863" X-SITE-DEPLOYMENT-ID="reading-road-voice-demo" WAS-DEFAULT-HOSTNAME="reading-road-voice-demo.scm.azurewebsites.net" X-Forwarded-Proto="https" X-AppService-Proto="https" X-Forwarded-TlsVersion="1.3" X-WAWS-Unencoded-URL="/reading-road-voice-demo.git/info/refs?service=git-upload-pack" X-Client-IP="64.180.26.65" X-Client-Port="64863" >
  <step title="Cleanup Xml Logs" date="2025-03-29T16:52:28.742" >
    <step title="Cleanup Infos" date="2025-03-29T16:52:28.770" totalFiles="440" totalCleanup="280" /><!-- duration: 2ms -->
  </step><!-- duration: 49ms -->
  <step title="InfoRefsService.Execute" date="2025-03-29T16:52:28.800" >
    <step title="Executing external process" date="2025-03-29T16:52:28.821" type="process" path="git" arguments="rev-parse --git-dir" /><!-- duration: 48ms -->
    <step title="Assuming git repository at /home/site/repository" date="2025-03-29T16:52:28.871" /><!-- duration: 7ms -->
    <step title="InfoRefsService.SmartInfoRefs" date="2025-03-29T16:52:28.881" >
      <step title="Executing external process" date="2025-03-29T16:52:28.889" type="process" path="git" arguments="rev-parse --git-dir" /><!-- duration: 32ms -->
      <step title="Assuming git repository at /home/site/repository" date="2025-03-29T16:52:28.923" /><!-- duration: 6ms -->
      <step title="GitExeServer.AdvertiseUploadPack" date="2025-03-29T16:52:28.931" >
        <step title="Executing external process" date="2025-03-29T16:52:28.932" type="process" path="git" arguments="upload-pack --stateless-rpc --advertise-refs &quot;/home/site/repository&quot;" /><!-- duration: 32ms -->
      </step><!-- duration: 38ms -->
      <step title="Writing 288 bytes" date="2025-03-29T16:52:28.970" /><!-- duration: 2ms -->
    </step><!-- duration: 92ms -->
  </step><!-- duration: 178ms -->
  <step title="Outgoing response" date="2025-03-29T16:52:28.997" type="response" statusCode="200" statusText="OK" /><!-- duration: 4ms -->
</step><!-- duration: 262ms -->
