<step title="Incoming Request" date="2025-03-29T03:42:55.688" instance="9f55e4" url="/reading-road-voice-demo.git/info/refs?service=git-upload-pack" method="GET" type="request" pid="772,1,27" Accept="*/*" Host="reading-road-voice-demo.scm.azurewebsites.net" User-Agent="git/2.47.0.windows.2 (Windows 11 Pro 10.0.22621; win32 x64) vscode/1.96.2 (Cursor)" Accept-Encoding="deflate, gzip, br, zstd" Authorization="Bas..." Pragma="no-cache" git-protocol="version=2" X-ARR-LOG-ID="fde58dd2-f9c0-4d09-b7a5-da6c8d5346bb" CLIENT-IP="64.180.26.65:56289" X-SITE-DEPLOYMENT-ID="reading-road-voice-demo" WAS-DEFAULT-HOSTNAME="reading-road-voice-demo.scm.azurewebsites.net" X-Forwarded-Proto="https" X-AppService-Proto="https" X-Forwarded-TlsVersion="1.3" X-WAWS-Unencoded-URL="/reading-road-voice-demo.git/info/refs?service=git-upload-pack" X-Client-IP="64.180.26.65" X-Client-Port="56289" >
  <step title="Cleanup Xml Logs" date="2025-03-29T03:42:55.690" >
    <step title="Cleanup Infos" date="2025-03-29T03:42:55.695" totalFiles="291" totalCleanup="131" /><!-- duration: 2ms -->
  </step><!-- duration: 9ms -->
  <step title="InfoRefsService.Execute" date="2025-03-29T03:42:55.703" >
    <step title="Executing external process" date="2025-03-29T03:42:55.710" type="process" path="git" arguments="rev-parse --git-dir" /><!-- duration: 49ms -->
    <step title="Assuming git repository at /home/site/repository" date="2025-03-29T03:42:55.761" /><!-- duration: 1ms -->
    <step title="InfoRefsService.SmartInfoRefs" date="2025-03-29T03:42:55.767" >
      <step title="Executing external process" date="2025-03-29T03:42:55.773" type="process" path="git" arguments="rev-parse --git-dir" /><!-- duration: 21ms -->
      <step title="Assuming git repository at /home/site/repository" date="2025-03-29T03:42:55.794" /><!-- duration: 1ms -->
      <step title="GitExeServer.AdvertiseUploadPack" date="2025-03-29T03:42:55.802" >
        <step title="Executing external process" date="2025-03-29T03:42:55.803" type="process" path="git" arguments="upload-pack --stateless-rpc --advertise-refs &quot;/home/site/repository&quot;" /><!-- duration: 99ms -->
      </step><!-- duration: 102ms -->
      <step title="Writing 288 bytes" date="2025-03-29T03:42:55.906" /><!-- duration: 1ms -->
    </step><!-- duration: 152ms -->
  </step><!-- duration: 217ms -->
  <step title="Outgoing response" date="2025-03-29T03:42:55.925" type="response" statusCode="200" statusText="OK" /><!-- duration: 8ms -->
</step><!-- duration: 245ms -->
