<step title="Incoming Request" date="2025-03-29T05:14:23.714" instance="9f55e4" url="/reading-road-voice-demo.git/info/refs?service=git-upload-pack" method="GET" type="request" pid="772,1,17" Accept="*/*" Host="reading-road-voice-demo.scm.azurewebsites.net" User-Agent="git/2.47.0.windows.2 (Windows 11 Pro 10.0.22621; win32 x64) vscode/1.96.2 (Cursor)" Accept-Encoding="deflate, gzip, br, zstd" Authorization="Bas..." Pragma="no-cache" git-protocol="version=2" X-ARR-LOG-ID="7ea060d3-9dc6-4650-9024-b21354845ed6" CLIENT-IP="64.180.26.65:59096" X-SITE-DEPLOYMENT-ID="reading-road-voice-demo" WAS-DEFAULT-HOSTNAME="reading-road-voice-demo.scm.azurewebsites.net" X-Forwarded-Proto="https" X-AppService-Proto="https" X-Forwarded-TlsVersion="1.3" X-WAWS-Unencoded-URL="/reading-road-voice-demo.git/info/refs?service=git-upload-pack" X-Client-IP="64.180.26.65" X-Client-Port="59096" >
  <step title="Cleanup Xml Logs" date="2025-03-29T05:14:23.715" >
    <step title="Cleanup Infos" date="2025-03-29T05:14:23.724" totalFiles="403" totalCleanup="243" /><!-- duration: 2ms -->
  </step><!-- duration: 13ms -->
  <step title="InfoRefsService.Execute" date="2025-03-29T05:14:23.732" >
    <step title="Executing external process" date="2025-03-29T05:14:23.739" type="process" path="git" arguments="rev-parse --git-dir" /><!-- duration: 52ms -->
    <step title="Assuming git repository at /home/site/repository" date="2025-03-29T05:14:23.798" /><!-- duration: 2ms -->
    <step title="InfoRefsService.SmartInfoRefs" date="2025-03-29T05:14:23.809" >
      <step title="Executing external process" date="2025-03-29T05:14:23.829" type="process" path="git" arguments="rev-parse --git-dir" /><!-- duration: 20ms -->
      <step title="Assuming git repository at /home/site/repository" date="2025-03-29T05:14:23.850" /><!-- duration: 1ms -->
      <step title="GitExeServer.AdvertiseUploadPack" date="2025-03-29T05:14:23.854" >
        <step title="Executing external process" date="2025-03-29T05:14:23.858" type="process" path="git" arguments="upload-pack --stateless-rpc --advertise-refs &quot;/home/site/repository&quot;" /><!-- duration: 66ms -->
      </step><!-- duration: 75ms -->
      <step title="Writing 288 bytes" date="2025-03-29T05:14:23.930" /><!-- duration: 8ms -->
    </step><!-- duration: 131ms -->
  </step><!-- duration: 210ms -->
  <step title="Outgoing response" date="2025-03-29T05:14:23.949" type="response" statusCode="200" statusText="OK" /><!-- duration: 1ms -->
</step><!-- duration: 238ms -->
