<step title="Incoming Request" date="2025-03-29T03:20:41.849" instance="9f55e4" url="/api/deployments/latest" method="GET" type="request" pid="772,1,17" Accept="*/*" Host="reading-road-voice-demo.scm.azurewebsites.net" User-Agent="AZURECLI/2.70.0 (MSI)" Accept-Encoding="gzip, deflate" Authorization="Bas..." x-ms-client-request-id="a137dcf4-0c4c-11f0-9faa-8c3b4a441321" X-ARR-LOG-ID="a137dcf4-0c4c-11f0-9faa-8c3b4a441321" CLIENT-IP="216.232.132.69:55928" X-SITE-DEPLOYMENT-ID="reading-road-voice-demo" WAS-DEFAULT-HOSTNAME="reading-road-voice-demo.scm.azurewebsites.net" X-Forwarded-Proto="https" X-AppService-Proto="https" X-Forwarded-TlsVersion="1.3" X-WAWS-Unencoded-URL="/api/deployments/latest" X-Client-IP="216.232.132.69" X-Client-Port="55928" >
  <step title="DeploymentService.GetResult" date="2025-03-29T03:20:41.889" >
    <step title="DeploymentService.GetLatestDeployment" date="2025-03-29T03:20:41.901" >
      <step title="DeploymentManager.GetResults" date="2025-03-29T03:20:41.921" /><!-- duration: 700ms -->
      <step title="Deployment temp-a2660c2d is Pending" date="2025-03-29T03:20:42.623" /><!-- duration: 1ms -->
    </step><!-- duration: 724ms -->
    <step title="Redirecting to latest deployment: https://reading-road-voice-demo.scm.azurewebsites.net/api/deployments/latest" date="2025-03-29T03:20:42.627" /><!-- duration: 1ms -->
  </step><!-- duration: 742ms -->
  <step title="Outgoing response" date="2025-03-29T03:20:42.634" type="response" statusCode="202" statusText="Accepted" /><!-- duration: 1ms -->
</step><!-- duration: 788ms -->
