<step title="Incoming Request" date="2025-03-29T17:09:11.781" instance="9f55e4" url="/reading-road-voice-demo.git/info/refs?service=git-upload-pack" method="GET" type="request" pid="770,1,30" Accept="*/*" Host="reading-road-voice-demo.scm.azurewebsites.net" User-Agent="git/2.47.0.windows.2 (Windows 11 Pro 10.0.22621; win32 x64) vscode/1.96.2 (Cursor)" Accept-Encoding="deflate, gzip, br, zstd" Authorization="Bas..." Pragma="no-cache" git-protocol="version=2" X-ARR-LOG-ID="b454c809-2aa3-4606-b2f9-344a95902da5" CLIENT-IP="64.180.26.65:65388" X-SITE-DEPLOYMENT-ID="reading-road-voice-demo" WAS-DEFAULT-HOSTNAME="reading-road-voice-demo.scm.azurewebsites.net" X-Forwarded-Proto="https" X-AppService-Proto="https" X-Forwarded-TlsVersion="1.3" X-WAWS-Unencoded-URL="/reading-road-voice-demo.git/info/refs?service=git-upload-pack" X-Client-IP="64.180.26.65" X-Client-Port="65388" >
  <step title="InfoRefsService.Execute" date="2025-03-29T17:09:11.801" >
    <step title="Executing external process" date="2025-03-29T17:09:11.859" type="process" path="git" arguments="rev-parse --git-dir" /><!-- duration: 60ms -->
    <step title="Assuming git repository at /home/site/repository" date="2025-03-29T17:09:11.950" /><!-- duration: 20ms -->
    <step title="InfoRefsService.SmartInfoRefs" date="2025-03-29T17:09:11.989" >
      <step title="Executing external process" date="2025-03-29T17:09:12.019" type="process" path="git" arguments="rev-parse --git-dir" /><!-- duration: 68ms -->
      <step title="Assuming git repository at /home/site/repository" date="2025-03-29T17:09:12.088" /><!-- duration: 9ms -->
      <step title="GitExeServer.AdvertiseUploadPack" date="2025-03-29T17:09:12.107" >
        <step title="Executing external process" date="2025-03-29T17:09:12.109" type="process" path="git" arguments="upload-pack --stateless-rpc --advertise-refs &quot;/home/site/repository&quot;" /><!-- duration: 184ms -->
      </step><!-- duration: 198ms -->
      <step title="Writing 288 bytes" date="2025-03-29T17:09:12.345" /><!-- duration: 131ms -->
    </step><!-- duration: 507ms -->
  </step><!-- duration: 704ms -->
  <step title="Outgoing response" date="2025-03-29T17:09:12.516" type="response" statusCode="200" statusText="OK" /><!-- duration: 47ms -->
</step><!-- duration: 784ms -->
