<step title="Incoming Request" date="2025-03-29T16:06:30.983" instance="9f55e4" url="/reading-road-voice-demo.git/info/refs?service=git-upload-pack" method="GET" type="request" pid="768,1,26" Accept="*/*" Host="reading-road-voice-demo.scm.azurewebsites.net" User-Agent="git/2.47.0.windows.2 (Windows 11 Pro 10.0.22621; win32 x64) vscode/1.96.2 (Cursor)" Accept-Encoding="deflate, gzip, br, zstd" Authorization="Bas..." Pragma="no-cache" git-protocol="version=2" X-ARR-LOG-ID="9f4575b7-8529-422a-b766-17ab71a7abed" CLIENT-IP="64.180.26.65:64097" X-SITE-DEPLOYMENT-ID="reading-road-voice-demo" WAS-DEFAULT-HOSTNAME="reading-road-voice-demo.scm.azurewebsites.net" X-Forwarded-Proto="https" X-AppService-Proto="https" X-Forwarded-TlsVersion="1.3" X-WAWS-Unencoded-URL="/reading-road-voice-demo.git/info/refs?service=git-upload-pack" X-Client-IP="64.180.26.65" X-Client-Port="64097" >
  <step title="Cleanup Xml Logs" date="2025-03-29T16:06:30.991" >
    <step title="Cleanup Infos" date="2025-03-29T16:06:30.997" totalFiles="436" totalCleanup="276" /><!-- duration: 4ms -->
  </step><!-- duration: 11ms -->
  <step title="InfoRefsService.Execute" date="2025-03-29T16:06:31.005" >
    <step title="Executing external process" date="2025-03-29T16:06:31.021" type="process" path="git" arguments="rev-parse --git-dir" /><!-- duration: 71ms -->
    <step title="Assuming git repository at /home/site/repository" date="2025-03-29T16:06:31.094" /><!-- duration: 9ms -->
    <step title="InfoRefsService.SmartInfoRefs" date="2025-03-29T16:06:31.104" >
      <step title="Executing external process" date="2025-03-29T16:06:31.123" type="process" path="git" arguments="rev-parse --git-dir" /><!-- duration: 21ms -->
      <step title="Assuming git repository at /home/site/repository" date="2025-03-29T16:06:31.152" /><!-- duration: 1ms -->
      <step title="GitExeServer.AdvertiseUploadPack" date="2025-03-29T16:06:31.161" >
        <step title="Executing external process" date="2025-03-29T16:06:31.163" type="process" path="git" arguments="upload-pack --stateless-rpc --advertise-refs &quot;/home/site/repository&quot;" /><!-- duration: 79ms -->
      </step><!-- duration: 88ms -->
      <step title="Writing 288 bytes" date="2025-03-29T16:06:31.251" /><!-- duration: 8ms -->
    </step><!-- duration: 157ms -->
  </step><!-- duration: 258ms -->
  <step title="Outgoing response" date="2025-03-29T16:06:31.271" type="response" statusCode="200" statusText="OK" /><!-- duration: 8ms -->
</step><!-- duration: 299ms -->
