<step title="Incoming Request" date="2025-03-29T17:12:13.980" instance="9f55e4" url="/reading-road-voice-demo.git/info/refs?service=git-upload-pack" method="GET" type="request" pid="770,1,30" Accept="*/*" Host="reading-road-voice-demo.scm.azurewebsites.net" User-Agent="git/2.47.0.windows.2 (Windows 11 Pro 10.0.22621; win32 x64) vscode/1.96.2 (Cursor)" Accept-Encoding="deflate, gzip, br, zstd" Authorization="Bas..." Pragma="no-cache" git-protocol="version=2" X-ARR-LOG-ID="065d6af3-1f5e-4a6e-9669-9220f71b2bec" CLIENT-IP="64.180.26.65:65459" X-SITE-DEPLOYMENT-ID="reading-road-voice-demo" WAS-DEFAULT-HOSTNAME="reading-road-voice-demo.scm.azurewebsites.net" X-Forwarded-Proto="https" X-AppService-Proto="https" X-Forwarded-TlsVersion="1.3" X-WAWS-Unencoded-URL="/reading-road-voice-demo.git/info/refs?service=git-upload-pack" X-Client-IP="64.180.26.65" X-Client-Port="65459" >
  <step title="Cleanup Xml Logs" date="2025-03-29T17:12:13.982" >
    <step title="Cleanup Infos" date="2025-03-29T17:12:14.012" totalFiles="454" totalCleanup="294" /><!-- duration: 19ms -->
  </step><!-- duration: 58ms -->
  <step title="InfoRefsService.Execute" date="2025-03-29T17:12:14.160" >
    <step title="Executing external process" date="2025-03-29T17:12:14.211" type="process" path="git" arguments="rev-parse --git-dir" /><!-- duration: 99ms -->
    <step title="Assuming git repository at /home/site/repository" date="2025-03-29T17:12:14.331" /><!-- duration: 2ms -->
    <step title="InfoRefsService.SmartInfoRefs" date="2025-03-29T17:12:14.342" >
      <step title="Executing external process" date="2025-03-29T17:12:14.393" type="process" path="git" arguments="rev-parse --git-dir" /><!-- duration: 69ms -->
      <step title="Assuming git repository at /home/site/repository" date="2025-03-29T17:12:14.472" /><!-- duration: 1ms -->
      <step title="GitExeServer.AdvertiseUploadPack" date="2025-03-29T17:12:14.501" >
        <step title="Executing external process" date="2025-03-29T17:12:14.511" type="process" path="git" arguments="upload-pack --stateless-rpc --advertise-refs &quot;/home/site/repository&quot;" /><!-- duration: 104ms -->
      </step><!-- duration: 143ms -->
      <step title="Writing 288 bytes" date="2025-03-29T17:12:14.652" /><!-- duration: 2ms -->
    </step><!-- duration: 320ms -->
  </step><!-- duration: 513ms -->
  <step title="Outgoing response" date="2025-03-29T17:12:14.733" type="response" statusCode="200" statusText="OK" /><!-- duration: 9ms -->
</step><!-- duration: 764ms -->
