<step title="Incoming Request" date="2025-03-29T05:08:18.109" instance="9f55e4" url="/reading-road-voice-demo.git/info/refs?service=git-upload-pack" method="GET" type="request" pid="767,1,5" Accept="*/*" Host="reading-road-voice-demo.scm.azurewebsites.net" User-Agent="git/2.47.0.windows.2 (Windows 11 Pro 10.0.22621; win32 x64) vscode/1.96.2 (Cursor)" Accept-Encoding="deflate, gzip, br, zstd" Authorization="Bas..." Pragma="no-cache" git-protocol="version=2" X-ARR-LOG-ID="78b41af2-fc36-44d4-871b-193fc33f7599" CLIENT-IP="64.180.26.65:58880" X-SITE-DEPLOYMENT-ID="reading-road-voice-demo" WAS-DEFAULT-HOSTNAME="reading-road-voice-demo.scm.azurewebsites.net" X-Forwarded-Proto="https" X-AppService-Proto="https" X-Forwarded-TlsVersion="1.3" X-WAWS-Unencoded-URL="/reading-road-voice-demo.git/info/refs?service=git-upload-pack" X-Client-IP="64.180.26.65" X-Client-Port="58880" >
  <step title="InfoRefsService.Execute" date="2025-03-29T05:08:18.148" >
    <step title="Executing external process" date="2025-03-29T05:08:18.177" type="process" path="git" arguments="rev-parse --git-dir" /><!-- duration: 200ms -->
    <step title="Assuming git repository at /home/site/repository" date="2025-03-29T05:08:18.380" /><!-- duration: 8ms -->
    <step title="InfoRefsService.SmartInfoRefs" date="2025-03-29T05:08:18.399" >
      <step title="Executing external process" date="2025-03-29T05:08:18.976" type="process" path="git" arguments="rev-parse --git-dir" /><!-- duration: 48ms -->
      <step title="Assuming git repository at /home/site/repository" date="2025-03-29T05:08:19.041" /><!-- duration: 17ms -->
      <step title="GitExeServer.AdvertiseUploadPack" date="2025-03-29T05:08:19.069" >
        <step title="Executing external process" date="2025-03-29T05:08:19.094" type="process" path="git" arguments="upload-pack --stateless-rpc --advertise-refs &quot;/home/site/repository&quot;" /><!-- duration: 237ms -->
      </step><!-- duration: 271ms -->
      <step title="Writing 288 bytes" date="2025-03-29T05:08:19.360" /><!-- duration: 8ms -->
    </step><!-- duration: 1041ms -->
  </step><!-- duration: 1295ms -->
  <step title="Outgoing response" date="2025-03-29T05:08:19.472" type="response" statusCode="200" statusText="OK" /><!-- duration: 8ms -->
</step><!-- duration: 1373ms -->
