<step title="Incoming Request" date="2025-03-29T15:57:06.132" instance="9f55e4" url="/reading-road-voice-demo.git/info/refs?service=git-upload-pack" method="GET" type="request" pid="768,1,5" Accept="*/*" Host="reading-road-voice-demo.scm.azurewebsites.net" User-Agent="git/2.47.0.windows.2 (Windows 11 Pro 10.0.22621; win32 x64) vscode/1.96.2 (Cursor)" Accept-Encoding="deflate, gzip, br, zstd" Authorization="Bas..." Pragma="no-cache" git-protocol="version=2" X-ARR-LOG-ID="aa660970-5d80-4bbc-9962-231117eb1c7b" CLIENT-IP="64.180.26.65:63648" X-SITE-DEPLOYMENT-ID="reading-road-voice-demo" WAS-DEFAULT-HOSTNAME="reading-road-voice-demo.scm.azurewebsites.net" X-Forwarded-Proto="https" X-AppService-Proto="https" X-Forwarded-TlsVersion="1.3" X-WAWS-Unencoded-URL="/reading-road-voice-demo.git/info/refs?service=git-upload-pack" X-Client-IP="64.180.26.65" X-Client-Port="63648" >
  <step title="Cleanup Xml Logs" date="2025-03-29T15:57:06.170" >
    <step title="Cleanup Infos" date="2025-03-29T15:57:06.231" totalFiles="433" totalCleanup="273" /><!-- duration: 21ms -->
  </step><!-- duration: 101ms -->
  <step title="InfoRefsService.Execute" date="2025-03-29T15:57:06.294" >
    <step title="Executing external process" date="2025-03-29T15:57:06.314" type="process" path="git" arguments="rev-parse --git-dir" /><!-- duration: 69ms -->
    <step title="Assuming git repository at /home/site/repository" date="2025-03-29T15:57:06.384" /><!-- duration: 20ms -->
    <step title="InfoRefsService.SmartInfoRefs" date="2025-03-29T15:57:06.414" >
      <step title="Executing external process" date="2025-03-29T15:57:06.442" type="process" path="git" arguments="rev-parse --git-dir" /><!-- duration: 41ms -->
      <step title="Assuming git repository at /home/site/repository" date="2025-03-29T15:57:06.502" /><!-- duration: 2ms -->
      <step title="GitExeServer.AdvertiseUploadPack" date="2025-03-29T15:57:06.514" >
        <step title="Executing external process" date="2025-03-29T15:57:06.522" type="process" path="git" arguments="upload-pack --stateless-rpc --advertise-refs &quot;/home/site/repository&quot;" /><!-- duration: 71ms -->
      </step><!-- duration: 98ms -->
      <step title="Writing 288 bytes" date="2025-03-29T15:57:06.613" /><!-- duration: 9ms -->
    </step><!-- duration: 209ms -->
  </step><!-- duration: 338ms -->
  <step title="Outgoing response" date="2025-03-29T15:57:06.634" type="response" statusCode="200" statusText="OK" /><!-- duration: 20ms -->
</step><!-- duration: 530ms -->
