<step title="Incoming Request" date="2025-03-29T16:59:14.506" instance="9f55e4" url="/reading-road-voice-demo.git/info/refs?service=git-receive-pack" method="GET" type="request" pid="770,1,18" Accept="*/*" Host="reading-road-voice-demo.scm.azurewebsites.net" User-Agent="git/2.47.0.windows.2" Accept-Encoding="deflate, gzip, br, zstd" Authorization="Bas..." Pragma="no-cache" X-ARR-LOG-ID="e4df406a-38c2-4933-8427-680346e50242" CLIENT-IP="64.180.26.65:65193" X-SITE-DEPLOYMENT-ID="reading-road-voice-demo" WAS-DEFAULT-HOSTNAME="reading-road-voice-demo.scm.azurewebsites.net" X-Forwarded-Proto="https" X-AppService-Proto="https" X-Forwarded-TlsVersion="1.3" X-WAWS-Unencoded-URL="/reading-road-voice-demo.git/info/refs?service=git-receive-pack" X-Client-IP="64.180.26.65" X-Client-Port="65193" >
  <step title="Cleanup Xml Logs" date="2025-03-29T16:59:14.508" >
    <step title="Cleanup Infos" date="2025-03-29T16:59:14.521" totalFiles="446" totalCleanup="286" /><!-- duration: 3ms -->
  </step><!-- duration: 19ms -->
  <step title="InfoRefsService.Execute" date="2025-03-29T16:59:14.535" >
    <step title="Executing external process" date="2025-03-29T16:59:14.545" type="process" path="git" arguments="rev-parse --git-dir" /><!-- duration: 41ms -->
    <step title="Assuming git repository at /home/site/repository" date="2025-03-29T16:59:14.593" /><!-- duration: 17ms -->
    <step title="InfoRefsService.SmartInfoRefs" date="2025-03-29T16:59:14.613" >
      <step title="Executing external process" date="2025-03-29T16:59:14.627" type="process" path="git" arguments="rev-parse --git-dir" /><!-- duration: 26ms -->
      <step title="Assuming git repository at /home/site/repository" date="2025-03-29T16:59:14.655" /><!-- duration: 1ms -->
      <step title="GitExeServer.AdvertiseReceivePack" date="2025-03-29T16:59:14.663" >
        <step title="Executing external process" date="2025-03-29T16:59:14.665" type="process" path="git" arguments="receive-pack --stateless-rpc --advertise-refs &quot;/home/site/repository&quot;" /><!-- duration: 39ms -->
      </step><!-- duration: 43ms -->
      <step title="Writing 216 bytes" date="2025-03-29T16:59:14.712" /><!-- duration: 2ms -->
    </step><!-- duration: 102ms -->
  </step><!-- duration: 180ms -->
  <step title="Outgoing response" date="2025-03-29T16:59:14.723" type="response" statusCode="200" statusText="OK" /><!-- duration: 2ms -->
</step><!-- duration: 219ms -->
