<step title="Incoming Request" date="2025-03-29T15:54:03.716" instance="9f55e4" url="/reading-road-voice-demo.git/info/refs?service=git-upload-pack" method="GET" type="request" pid="768,1,21" Accept="*/*" Host="reading-road-voice-demo.scm.azurewebsites.net" User-Agent="git/2.47.0.windows.2 (Windows 11 Pro 10.0.22621; win32 x64) vscode/1.96.2 (Cursor)" Accept-Encoding="deflate, gzip, br, zstd" Authorization="Bas..." Pragma="no-cache" git-protocol="version=2" X-ARR-LOG-ID="bf8b786a-6b83-4605-963b-116bc113ac56" CLIENT-IP="64.180.26.65:63358" X-SITE-DEPLOYMENT-ID="reading-road-voice-demo" WAS-DEFAULT-HOSTNAME="reading-road-voice-demo.scm.azurewebsites.net" X-Forwarded-Proto="https" X-AppService-Proto="https" X-Forwarded-TlsVersion="1.3" X-WAWS-Unencoded-URL="/reading-road-voice-demo.git/info/refs?service=git-upload-pack" X-Client-IP="64.180.26.65" X-Client-Port="63358" >
  <step title="Cleanup Xml Logs" date="2025-03-29T15:54:03.717" >
    <step title="Cleanup Infos" date="2025-03-29T15:54:03.748" totalFiles="432" totalCleanup="272" /><!-- duration: 9ms -->
  </step><!-- duration: 49ms -->
  <step title="InfoRefsService.Execute" date="2025-03-29T15:54:03.788" >
    <step title="Executing external process" date="2025-03-29T15:54:03.897" type="process" path="git" arguments="rev-parse --git-dir" /><!-- duration: 120ms -->
    <step title="Assuming git repository at /home/site/repository" date="2025-03-29T15:54:04.035" /><!-- duration: 3ms -->
    <step title="InfoRefsService.SmartInfoRefs" date="2025-03-29T15:54:04.047" >
      <step title="Executing external process" date="2025-03-29T15:54:04.075" type="process" path="git" arguments="rev-parse --git-dir" /><!-- duration: 39ms -->
      <step title="Assuming git repository at /home/site/repository" date="2025-03-29T15:54:04.116" /><!-- duration: 10ms -->
      <step title="GitExeServer.AdvertiseUploadPack" date="2025-03-29T15:54:04.143" >
        <step title="Executing external process" date="2025-03-29T15:54:04.144" type="process" path="git" arguments="upload-pack --stateless-rpc --advertise-refs &quot;/home/site/repository&quot;" /><!-- duration: 155ms -->
      </step><!-- duration: 173ms -->
      <step title="Writing 288 bytes" date="2025-03-29T15:54:04.325" /><!-- duration: 1ms -->
    </step><!-- duration: 281ms -->
  </step><!-- duration: 547ms -->
  <step title="Outgoing response" date="2025-03-29T15:54:04.337" type="response" statusCode="200" statusText="OK" /><!-- duration: 11ms -->
</step><!-- duration: 639ms -->
