<step title="Incoming Request" date="2025-03-29T05:25:10.857" instance="9f55e4" url="/reading-road-voice-demo.git/info/refs?service=git-upload-pack" method="GET" type="request" pid="768,1,7" Accept="*/*" Host="reading-road-voice-demo.scm.azurewebsites.net" User-Agent="git/2.47.0.windows.2 (Windows 11 Pro 10.0.22621; win32 x64) vscode/1.96.2 (Cursor)" Accept-Encoding="deflate, gzip, br, zstd" Authorization="Bas..." Pragma="no-cache" git-protocol="version=2" X-ARR-LOG-ID="226d162c-afe9-4996-a44b-dbf71e68a599" CLIENT-IP="64.180.26.65:59744" X-SITE-DEPLOYMENT-ID="reading-road-voice-demo" WAS-DEFAULT-HOSTNAME="reading-road-voice-demo.scm.azurewebsites.net" X-Forwarded-Proto="https" X-AppService-Proto="https" X-Forwarded-TlsVersion="1.3" X-WAWS-Unencoded-URL="/reading-road-voice-demo.git/info/refs?service=git-upload-pack" X-Client-IP="64.180.26.65" X-Client-Port="59744" >
  <step title="Cleanup Xml Logs" date="2025-03-29T05:25:10.866" >
    <step title="Cleanup Infos" date="2025-03-29T05:25:10.916" totalFiles="420" totalCleanup="260" /><!-- duration: 2ms -->
  </step><!-- duration: 70ms -->
  <step title="InfoRefsService.Execute" date="2025-03-29T05:25:10.958" >
    <step title="Executing external process" date="2025-03-29T05:25:11.006" type="process" path="git" arguments="rev-parse --git-dir" /><!-- duration: 170ms -->
    <step title="Assuming git repository at /home/site/repository" date="2025-03-29T05:25:11.218" /><!-- duration: 19ms -->
    <step title="InfoRefsService.SmartInfoRefs" date="2025-03-29T05:25:11.277" >
      <step title="Executing external process" date="2025-03-29T05:25:11.330" type="process" path="git" arguments="rev-parse --git-dir" /><!-- duration: 49ms -->
      <step title="Assuming git repository at /home/site/repository" date="2025-03-29T05:25:11.380" /><!-- duration: 28ms -->
      <step title="GitExeServer.AdvertiseUploadPack" date="2025-03-29T05:25:11.418" >
        <step title="Executing external process" date="2025-03-29T05:25:11.420" type="process" path="git" arguments="upload-pack --stateless-rpc --advertise-refs &quot;/home/site/repository&quot;" /><!-- duration: 161ms -->
      </step><!-- duration: 182ms -->
      <step title="Writing 288 bytes" date="2025-03-29T05:25:11.609" /><!-- duration: 10ms -->
    </step><!-- duration: 343ms -->
  </step><!-- duration: 691ms -->
  <step title="Outgoing response" date="2025-03-29T05:25:11.671" type="response" statusCode="200" statusText="OK" /><!-- duration: 10ms -->
</step><!-- duration: 842ms -->
