<step title="Incoming Request" date="2025-03-29T17:15:16.280" instance="9f55e4" url="/reading-road-voice-demo.git/info/refs?service=git-upload-pack" method="GET" type="request" pid="770,1,25" Accept="*/*" Host="reading-road-voice-demo.scm.azurewebsites.net" User-Agent="git/2.47.0.windows.2 (Windows 11 Pro 10.0.22621; win32 x64) vscode/1.96.2 (Cursor)" Accept-Encoding="deflate, gzip, br, zstd" Authorization="Bas..." Pragma="no-cache" git-protocol="version=2" X-ARR-LOG-ID="a9fbc45c-b097-4aee-b38b-eb71d6813e12" CLIENT-IP="64.180.26.65:49178" X-SITE-DEPLOYMENT-ID="reading-road-voice-demo" WAS-DEFAULT-HOSTNAME="reading-road-voice-demo.scm.azurewebsites.net" X-Forwarded-Proto="https" X-AppService-Proto="https" X-Forwarded-TlsVersion="1.3" X-WAWS-Unencoded-URL="/reading-road-voice-demo.git/info/refs?service=git-upload-pack" X-Client-IP="64.180.26.65" X-Client-Port="49178" >
  <step title="Cleanup Xml Logs" date="2025-03-29T17:15:16.289" >
    <step title="Cleanup Infos" date="2025-03-29T17:15:16.302" totalFiles="459" totalCleanup="299" /><!-- duration: 2ms -->
  </step><!-- duration: 20ms -->
  <step title="InfoRefsService.Execute" date="2025-03-29T17:15:16.319" >
    <step title="Executing external process" date="2025-03-29T17:15:16.340" type="process" path="git" arguments="rev-parse --git-dir" /><!-- duration: 42ms -->
    <step title="Assuming git repository at /home/site/repository" date="2025-03-29T17:15:16.400" /><!-- duration: 1ms -->
    <step title="InfoRefsService.SmartInfoRefs" date="2025-03-29T17:15:16.410" >
      <step title="Executing external process" date="2025-03-29T17:15:16.422" type="process" path="git" arguments="rev-parse --git-dir" /><!-- duration: 71ms -->
      <step title="Assuming git repository at /home/site/repository" date="2025-03-29T17:15:16.511" /><!-- duration: 1ms -->
      <step title="GitExeServer.AdvertiseUploadPack" date="2025-03-29T17:15:16.531" >
        <step title="Executing external process" date="2025-03-29T17:15:16.541" type="process" path="git" arguments="upload-pack --stateless-rpc --advertise-refs &quot;/home/site/repository&quot;" /><!-- duration: 91ms -->
      </step><!-- duration: 116ms -->
      <step title="Writing 431 bytes" date="2025-03-29T17:15:16.648" /><!-- duration: 11ms -->
    </step><!-- duration: 258ms -->
  </step><!-- duration: 350ms -->
  <step title="Outgoing response" date="2025-03-29T17:15:16.677" type="response" statusCode="200" statusText="OK" /><!-- duration: 1ms -->
</step><!-- duration: 399ms -->
