<step title="Incoming Request" date="2025-03-29T03:48:34.383" instance="9f55e4" url="/api/deployments/latest" method="GET" type="request" pid="767,1,7" Accept="*/*" Host="reading-road-voice-demo.scm.azurewebsites.net" User-Agent="AZURECLI/2.70.0 (MSI)" Accept-Encoding="gzip, deflate" Authorization="Bas..." x-ms-client-request-id="71d0398d-0c50-11f0-9584-8c3b4a441321" X-ARR-LOG-ID="71d0398d-0c50-11f0-9584-8c3b4a441321" CLIENT-IP="64.180.26.65:56494" X-SITE-DEPLOYMENT-ID="reading-road-voice-demo" WAS-DEFAULT-HOSTNAME="reading-road-voice-demo.scm.azurewebsites.net" X-Forwarded-Proto="https" X-AppService-Proto="https" X-Forwarded-TlsVersion="1.3" X-WAWS-Unencoded-URL="/api/deployments/latest" X-Client-IP="64.180.26.65" X-Client-Port="56494" >
  <step title="DeploymentService.GetResult" date="2025-03-29T03:48:34.395" >
    <step title="DeploymentService.GetLatestDeployment" date="2025-03-29T03:48:34.396" >
      <step title="DeploymentManager.GetResults" date="2025-03-29T03:48:34.406" /><!-- duration: 207ms -->
      <step title="Deployment temp-ead5a591 is Pending" date="2025-03-29T03:48:34.622" /><!-- duration: 1ms -->
    </step><!-- duration: 238ms -->
    <step title="Redirecting to latest deployment: https://reading-road-voice-demo.scm.azurewebsites.net/api/deployments/latest" date="2025-03-29T03:48:34.642" /><!-- duration: 1ms -->
  </step><!-- duration: 249ms -->
  <step title="Outgoing response" date="2025-03-29T03:48:34.661" type="response" statusCode="202" statusText="Accepted" /><!-- duration: 2ms -->
</step><!-- duration: 288ms -->
