<step title="Incoming Request" date="2025-03-29T05:18:24.493" instance="9f55e4" url="/reading-road-voice-demo.git/info/refs?service=git-upload-pack" method="GET" type="request" pid="772,1,19" Accept="*/*" Host="reading-road-voice-demo.scm.azurewebsites.net" User-Agent="git/2.47.0.windows.2 (Windows 11 Pro 10.0.22621; win32 x64) vscode/1.96.2 (Cursor)" Accept-Encoding="deflate, gzip, br, zstd" Authorization="Bas..." Pragma="no-cache" git-protocol="version=2" X-ARR-LOG-ID="f8cd9dd4-87a0-4ac5-b970-0c88280e5168" CLIENT-IP="64.180.26.65:59196" X-SITE-DEPLOYMENT-ID="reading-road-voice-demo" WAS-DEFAULT-HOSTNAME="reading-road-voice-demo.scm.azurewebsites.net" X-Forwarded-Proto="https" X-AppService-Proto="https" X-Forwarded-TlsVersion="1.3" X-WAWS-Unencoded-URL="/reading-road-voice-demo.git/info/refs?service=git-upload-pack" X-Client-IP="64.180.26.65" X-Client-Port="59196" >
  <step title="Cleanup Xml Logs" date="2025-03-29T05:18:24.495" >
    <step title="Cleanup Infos" date="2025-03-29T05:18:24.504" totalFiles="405" totalCleanup="245" /><!-- duration: 2ms -->
  </step><!-- duration: 15ms -->
  <step title="InfoRefsService.Execute" date="2025-03-29T05:18:24.513" >
    <step title="Executing external process" date="2025-03-29T05:18:24.531" type="process" path="git" arguments="rev-parse --git-dir" /><!-- duration: 59ms -->
    <step title="Assuming git repository at /home/site/repository" date="2025-03-29T05:18:24.592" /><!-- duration: 8ms -->
    <step title="InfoRefsService.SmartInfoRefs" date="2025-03-29T05:18:24.602" >
      <step title="Executing external process" date="2025-03-29T05:18:24.611" type="process" path="git" arguments="rev-parse --git-dir" /><!-- duration: 18ms -->
      <step title="Assuming git repository at /home/site/repository" date="2025-03-29T05:18:24.630" /><!-- duration: 2ms -->
      <step title="GitExeServer.AdvertiseUploadPack" date="2025-03-29T05:18:24.636" >
        <step title="Executing external process" date="2025-03-29T05:18:24.639" type="process" path="git" arguments="upload-pack --stateless-rpc --advertise-refs &quot;/home/site/repository&quot;" /><!-- duration: 45ms -->
      </step><!-- duration: 56ms -->
      <step title="Writing 288 bytes" date="2025-03-29T05:18:24.693" /><!-- duration: 1ms -->
    </step><!-- duration: 93ms -->
  </step><!-- duration: 183ms -->
  <step title="Outgoing response" date="2025-03-29T05:18:24.700" type="response" statusCode="200" statusText="OK" /><!-- duration: 2ms -->
</step><!-- duration: 210ms -->
