<step title="Incoming Request" date="2025-03-29T15:20:08.745" instance="9f55e4" url="/reading-road-voice-demo.git/info/refs?service=git-upload-pack" method="GET" type="request" pid="768,1,21" Accept="*/*" Host="reading-road-voice-demo.scm.azurewebsites.net" User-Agent="git/2.47.0.windows.2 (Windows 11 Pro 10.0.22621; win32 x64) vscode/1.96.2 (Cursor)" Accept-Encoding="deflate, gzip, br, zstd" Authorization="Bas..." Pragma="no-cache" git-protocol="version=2" X-ARR-LOG-ID="5f23b57e-f92e-40d3-9989-7bd4dac42b1b" CLIENT-IP="64.180.26.65:62478" X-SITE-DEPLOYMENT-ID="reading-road-voice-demo" WAS-DEFAULT-HOSTNAME="reading-road-voice-demo.scm.azurewebsites.net" X-Forwarded-Proto="https" X-AppService-Proto="https" X-Forwarded-TlsVersion="1.3" X-WAWS-Unencoded-URL="/reading-road-voice-demo.git/info/refs?service=git-upload-pack" X-Client-IP="64.180.26.65" X-Client-Port="62478" >
  <step title="Cleanup Xml Logs" date="2025-03-29T15:20:08.833" >
    <step title="Cleanup Infos" date="2025-03-29T15:20:10.584" totalFiles="425" totalCleanup="265" /><!-- duration: 11ms -->
  </step><!-- duration: 1771ms -->
  <step title="InfoRefsService.Execute" date="2025-03-29T15:20:10.631" >
    <step title="Executing external process" date="2025-03-29T15:20:10.641" type="process" path="git" arguments="rev-parse --git-dir" /><!-- duration: 31ms -->
    <step title="Assuming git repository at /home/site/repository" date="2025-03-29T15:20:10.673" /><!-- duration: 2ms -->
    <step title="InfoRefsService.SmartInfoRefs" date="2025-03-29T15:20:10.677" >
      <step title="Executing external process" date="2025-03-29T15:20:10.683" type="process" path="git" arguments="rev-parse --git-dir" /><!-- duration: 20ms -->
      <step title="Assuming git repository at /home/site/repository" date="2025-03-29T15:20:10.706" /><!-- duration: 1ms -->
      <step title="GitExeServer.AdvertiseUploadPack" date="2025-03-29T15:20:10.711" >
        <step title="Executing external process" date="2025-03-29T15:20:10.713" type="process" path="git" arguments="upload-pack --stateless-rpc --advertise-refs &quot;/home/site/repository&quot;" /><!-- duration: 420ms -->
      </step><!-- duration: 427ms -->
      <step title="Writing 288 bytes" date="2025-03-29T15:20:11.161" /><!-- duration: 1ms -->
    </step><!-- duration: 488ms -->
  </step><!-- duration: 536ms -->
  <step title="Outgoing response" date="2025-03-29T15:20:11.170" type="response" statusCode="200" statusText="OK" /><!-- duration: 3ms -->
</step><!-- duration: 2429ms -->
