<step title="Incoming Request" date="2025-03-29T05:19:53.231" instance="9f55e4" url="/api/publish?type=zip" method="POST" type="request" pid="772,1,3" Accept="*/*" Host="reading-road-voice-demo.scm.azurewebsites.net" User-Agent="AZURECLI/2.70.0 (MSI)" Accept-Encoding="gzip, deflate" Authorization="Bas..." Cache-Control="no-cache" Content-Type="application/octet-stream" Cookie="ARRAffinity=9f55e46e3d2054f2a574cbda6605e6df0484dc3b864373ea25829a5320264660; ARRAffinitySameSite=9f55e46e3d2054f2a574cbda6605e6df0484dc3b864373ea25829a5320264660" Content-Length="26206336" x-ms-client-request-id="6b2be2bb-0c5d-11f0-8954-8c3b4a441321" x-ms-artifact-checksum="577bf92a810fcf15d5966c79106192d5c14def35d0cf880ba3e1651330e57877" X-ARR-LOG-ID="6b2be2bb-0c5d-11f0-8954-8c3b4a441321" CLIENT-IP="64.180.26.65:59337" X-SITE-DEPLOYMENT-ID="reading-road-voice-demo" WAS-DEFAULT-HOSTNAME="reading-road-voice-demo.scm.azurewebsites.net" X-Forwarded-Proto="https" X-AppService-Proto="https" X-Forwarded-TlsVersion="1.3" X-WAWS-Unencoded-URL="/api/publish?type=zip" X-Client-IP="64.180.26.65" X-Client-Port="59337" >
  <step title="OneDeploy" date="2025-03-29T05:19:53.271" >
    <step title="Starting PushDeployAsync" date="2025-03-29T05:19:53.292" /><!-- duration: 8ms -->
    <step title="Writing artifact to /tmp/zipdeploy/8ed038ff-b5ee-44c3-913e-b79d5c6df43b.zip" date="2025-03-29T05:19:53.313" >
      <step title="Writing multipart request body to /tmp/zipdeploy/8ed038ff-b5ee-44c3-913e-b79d5c6df43b.zip" date="2025-03-29T05:19:53.323" /><!-- duration: 8ms -->
    </step><!-- duration: 1237ms -->
    <step title="Attempting to fetch target branch HEAD" date="2025-03-29T05:19:54.570" /><!-- duration: 1ms -->
    <step title="Acquiring Deployment Lock" date="2025-03-29T05:19:54.589" /><!-- duration: 10ms -->
    <step title="Acquired Deployment Lock" date="2025-03-29T05:19:54.621" /><!-- duration: 1ms -->
    <step title="Performing fetch based deployment" date="2025-03-29T05:19:54.632" >
      <step title="Creating temporary deployment" date="2025-03-29T05:19:54.641" /><!-- duration: 50ms -->
      <step title="Releasing Deployment Lock" date="2025-03-29T05:19:55.834" /><!-- duration: 3ms -->
      <step title="Cleaning up temp folders from previous zip deployments and extracting pushed zip file /tmp/zipdeploy/8ed038ff-b5ee-44c3-913e-b79d5c6df43b.zip (24.99 MB) to /tmp/zipdeploy/extracted" date="2025-03-29T05:19:55.854" >
        <step title="ChmodRecursive Process exited with total time taken in ms: 60" date="2025-03-29T05:19:58.867" /><!-- duration: 20ms -->
      </step><!-- duration: 3043ms -->
      <step title="None repository commit" date="2025-03-29T05:19:58.906" >
        <step title="Commit id: ec282ce8-4b28-4fe3-a952-60ccf29b187f" date="2025-03-29T05:19:58.908" Message="OneDeploy" AuthorName="N/A" AuthorEmail="N/A" /><!-- duration: 19ms -->
      </step><!-- duration: 29ms -->
      <step title="Deployment timer started" date="2025-03-29T05:20:00.938" >
        <step title="DeploymentManager.Deploy(id:ec282ce8-4b28-4fe3-a952-60ccf29b187f)" date="2025-03-29T05:20:00.942" >
          <step title="Collecting changeset information" date="2025-03-29T05:20:00.969" /><!-- duration: 53ms -->
          <step title="Updating submodules" date="2025-03-29T05:20:01.027" /><!-- duration: 1141ms -->
          <step title="Determining deployment builder" date="2025-03-29T05:20:02.515" >
            <step title="Builder is OneDeployBuilder" date="2025-03-29T05:20:02.554" /><!-- duration: 1ms -->
          </step><!-- duration: 55ms -->
          <step title="PreDeployment: context.CleanOutputPath False" date="2025-03-29T05:20:02.625" >
            <step title="PreDeployment: context.OutputPath /home/site/wwwroot" date="2025-03-29T05:20:02.761" >
              <step title="Building" date="2025-03-29T05:20:02.913" >
                <step title="Error occurred" date="2025-03-29T05:20:03.572" type="error" text="Invalid argument : &apos;/home/site/wwwroot/.next\types\app\api\sessions\route.ts&apos;" stackTrace="   at Microsoft.Win32.SafeHandles.SafeFileHandle.Open(String , OpenFlags , Int32 )
   at Microsoft.Win32.SafeHandles.SafeFileHandle.Open(String , FileMode , FileAccess , FileShare , FileOptions , Int64 )
   at System.IO.File.OpenHandle(String , FileMode , FileAccess , FileShare , FileOptions , Int64 )
   at System.IO.FileSystem.CopyFile(String , String , Boolean )
   at System.IO.File.Copy(String , String , Boolean )
   at System.IO.Abstractions.FileWrapper.Copy(String sourceFileName, String destFileName, Boolean overwrite)
   at Kudu.Core.Infrastructure.FileSystemHelpers.CopyDirectoryRecursive(String sourceDirPath, String destinationDirPath, Boolean overwrite) in /tmp/KuduLite/Kudu.Core/Infrastructure/FileSystemHelpers.cs:line 239
   at Kudu.Core.Deployment.Generator.OneDeployBuilder.Build(DeploymentContext context, CancellationToken token) in /tmp/KuduLite/Kudu.Core/Deployment/Generator/OneDeployBuilder.cs:line 113
   at Kudu.Core.Deployment.DeploymentManager.Build(ChangeSet changeSet, ITracer tracer, IDisposable deployStep, IRepository repository, DeploymentInfoBase deploymentInfo, DeploymentAnalytics deploymentAnalytics, Boolean fullBuildByDefault, CancellationToken cancellationToken) in /tmp/KuduLite/Kudu.Core/Deployment/DeploymentManager.cs:line 770" /><!-- duration: 9ms -->
              </step><!-- duration: 1049ms -->
            </step><!-- duration: 1222ms -->
            <step title="Error occurred" date="2025-03-29T05:20:04.000" type="error" text="Invalid argument : &apos;/home/site/wwwroot/.next\types\app\api\sessions\route.ts&apos;" stackTrace="   at Microsoft.Win32.SafeHandles.SafeFileHandle.Open(String , OpenFlags , Int32 )
   at Microsoft.Win32.SafeHandles.SafeFileHandle.Open(String , FileMode , FileAccess , FileShare , FileOptions , Int64 )
   at System.IO.File.OpenHandle(String , FileMode , FileAccess , FileShare , FileOptions , Int64 )
   at System.IO.FileSystem.CopyFile(String , String , Boolean )
   at System.IO.File.Copy(String , String , Boolean )
   at System.IO.Abstractions.FileWrapper.Copy(String sourceFileName, String destFileName, Boolean overwrite)
   at Kudu.Core.Infrastructure.FileSystemHelpers.CopyDirectoryRecursive(String sourceDirPath, String destinationDirPath, Boolean overwrite) in /tmp/KuduLite/Kudu.Core/Infrastructure/FileSystemHelpers.cs:line 239
   at Kudu.Core.Deployment.Generator.OneDeployBuilder.Build(DeploymentContext context, CancellationToken token) in /tmp/KuduLite/Kudu.Core/Deployment/Generator/OneDeployBuilder.cs:line 113
   at Kudu.Core.Deployment.DeploymentManager.Build(ChangeSet changeSet, ITracer tracer, IDisposable deployStep, IRepository repository, DeploymentInfoBase deploymentInfo, DeploymentAnalytics deploymentAnalytics, Boolean fullBuildByDefault, CancellationToken cancellationToken) in /tmp/KuduLite/Kudu.Core/Deployment/DeploymentManager.cs:line 770
   at Kudu.Core.Deployment.DeploymentManager.Build(ChangeSet changeSet, ITracer tracer, IDisposable deployStep, IRepository repository, DeploymentInfoBase deploymentInfo, DeploymentAnalytics deploymentAnalytics, Boolean fullBuildByDefault, CancellationToken cancellationToken) in /tmp/KuduLite/Kudu.Core/Deployment/DeploymentManager.cs:line 839" /><!-- duration: 6ms -->
            <step title="Cleaning up temp files" date="2025-03-29T05:20:04.113" /><!-- duration: 2ms -->
            <step title="Cleaning up temp files" date="2025-03-29T05:20:04.131" /><!-- duration: 514ms -->
            <step title="Error occurred" date="2025-03-29T05:20:04.675" type="error" text="Invalid argument : &apos;/home/site/wwwroot/.next\types\app\api\sessions\route.ts&apos;" stackTrace="   at Microsoft.Win32.SafeHandles.SafeFileHandle.Open(String , OpenFlags , Int32 )
   at Microsoft.Win32.SafeHandles.SafeFileHandle.Open(String , FileMode , FileAccess , FileShare , FileOptions , Int64 )
   at System.IO.File.OpenHandle(String , FileMode , FileAccess , FileShare , FileOptions , Int64 )
   at System.IO.FileSystem.CopyFile(String , String , Boolean )
   at System.IO.File.Copy(String , String , Boolean )
   at System.IO.Abstractions.FileWrapper.Copy(String sourceFileName, String destFileName, Boolean overwrite)
   at Kudu.Core.Infrastructure.FileSystemHelpers.CopyDirectoryRecursive(String sourceDirPath, String destinationDirPath, Boolean overwrite) in /tmp/KuduLite/Kudu.Core/Infrastructure/FileSystemHelpers.cs:line 239
   at Kudu.Core.Deployment.Generator.OneDeployBuilder.Build(DeploymentContext context, CancellationToken token) in /tmp/KuduLite/Kudu.Core/Deployment/Generator/OneDeployBuilder.cs:line 113
   at Kudu.Core.Deployment.DeploymentManager.Build(ChangeSet changeSet, ITracer tracer, IDisposable deployStep, IRepository repository, DeploymentInfoBase deploymentInfo, DeploymentAnalytics deploymentAnalytics, Boolean fullBuildByDefault, CancellationToken cancellationToken) in /tmp/KuduLite/Kudu.Core/Deployment/DeploymentManager.cs:line 770
   at Kudu.Core.Deployment.DeploymentManager.Build(ChangeSet changeSet, ITracer tracer, IDisposable deployStep, IRepository repository, DeploymentInfoBase deploymentInfo, DeploymentAnalytics deploymentAnalytics, Boolean fullBuildByDefault, CancellationToken cancellationToken) in /tmp/KuduLite/Kudu.Core/Deployment/DeploymentManager.cs:line 839
   at Kudu.Core.Deployment.DeploymentManager.DeployAsync(IRepository repository, ChangeSet changeSet, String deployer, Boolean clean, DeploymentInfoBase deploymentInfo, Boolean needFileUpdate, Boolean fullBuildByDefault) in /tmp/KuduLite/Kudu.Core/Deployment/DeploymentManager.cs:line 266" /><!-- duration: 1ms -->
          </step><!-- duration: 2069ms -->
          <step title="Reloading status file with latest updates" date="2025-03-29T05:20:04.733" >
            <step title="WebHooksManager.PublishEventAsync: PostDeployment" date="2025-03-29T05:20:04.735" /><!-- duration: 89ms -->
          </step><!-- duration: 112ms -->
          <step title="Error occurred" date="2025-03-29T05:20:04.855" type="error" text="Invalid argument : &apos;/home/site/wwwroot/.next\types\app\api\sessions\route.ts&apos;" stackTrace="   at Microsoft.Win32.SafeHandles.SafeFileHandle.Open(String , OpenFlags , Int32 )
   at Microsoft.Win32.SafeHandles.SafeFileHandle.Open(String , FileMode , FileAccess , FileShare , FileOptions , Int64 )
   at System.IO.File.OpenHandle(String , FileMode , FileAccess , FileShare , FileOptions , Int64 )
   at System.IO.FileSystem.CopyFile(String , String , Boolean )
   at System.IO.File.Copy(String , String , Boolean )
   at System.IO.Abstractions.FileWrapper.Copy(String sourceFileName, String destFileName, Boolean overwrite)
   at Kudu.Core.Infrastructure.FileSystemHelpers.CopyDirectoryRecursive(String sourceDirPath, String destinationDirPath, Boolean overwrite) in /tmp/KuduLite/Kudu.Core/Infrastructure/FileSystemHelpers.cs:line 239
   at Kudu.Core.Deployment.Generator.OneDeployBuilder.Build(DeploymentContext context, CancellationToken token) in /tmp/KuduLite/Kudu.Core/Deployment/Generator/OneDeployBuilder.cs:line 113
   at Kudu.Core.Deployment.DeploymentManager.Build(ChangeSet changeSet, ITracer tracer, IDisposable deployStep, IRepository repository, DeploymentInfoBase deploymentInfo, DeploymentAnalytics deploymentAnalytics, Boolean fullBuildByDefault, CancellationToken cancellationToken) in /tmp/KuduLite/Kudu.Core/Deployment/DeploymentManager.cs:line 770
   at Kudu.Core.Deployment.DeploymentManager.Build(ChangeSet changeSet, ITracer tracer, IDisposable deployStep, IRepository repository, DeploymentInfoBase deploymentInfo, DeploymentAnalytics deploymentAnalytics, Boolean fullBuildByDefault, CancellationToken cancellationToken) in /tmp/KuduLite/Kudu.Core/Deployment/DeploymentManager.cs:line 839
   at Kudu.Core.Deployment.DeploymentManager.DeployAsync(IRepository repository, ChangeSet changeSet, String deployer, Boolean clean, DeploymentInfoBase deploymentInfo, Boolean needFileUpdate, Boolean fullBuildByDefault) in /tmp/KuduLite/Kudu.Core/Deployment/DeploymentManager.cs:line 266" /><!-- duration: 12ms -->
          <step title="Marking deployment as failed and cleaning up the temp deployment" date="2025-03-29T05:20:04.927" /><!-- duration: 28ms -->
        </step><!-- duration: 4186ms -->
      </step><!-- duration: 4211ms -->
      <step title="Error occurred" date="2025-03-29T05:20:05.201" type="error" text="Deployment failed" stackTrace="   at Kudu.Core.Deployment.DeploymentManager.DeployAsync(IRepository repository, ChangeSet changeSet, String deployer, Boolean clean, DeploymentInfoBase deploymentInfo, Boolean needFileUpdate, Boolean fullBuildByDefault) in /tmp/KuduLite/Kudu.Core/Deployment/DeploymentManager.cs:line 307
   at Kudu.Core.Deployment.FetchDeploymentManager.PerformDeployment(DeploymentInfoBase deploymentInfo, IDisposable tempDeployment, ChangeSet tempChangeSet, DeployStatusApiResult updateStatusObj) in /tmp/KuduLite/Kudu.Core/Deployment/FetchDeploymentManager.cs:line 230
   at Kudu.Core.Deployment.FetchDeploymentManager.&lt;&gt;c__DisplayClass17_0.&lt;&lt;FetchDeploy&gt;b__0&gt;d.MoveNext() in /tmp/KuduLite/Kudu.Core/Deployment/FetchDeploymentManager.cs:line 131
--- End of stack trace from previous location ---
   at Kudu.Core.Deployment.FetchDeploymentManager.FetchDeploy(DeploymentInfoBase deployInfo, Boolean asyncRequested, Uri requestUri, String targetBranch) in /tmp/KuduLite/Kudu.Core/Deployment/FetchDeploymentManager.cs:line 124
   at Kudu.Services.Deployment.PushDeploymentController.PushDeployAsync(ArtifactDeploymentInfo deploymentInfo, Boolean isAsync, HttpContext context, JObject requestJson) in /tmp/KuduLite/Kudu.Services/Deployment/PushDeploymentController.cs:line 785
   at Kudu.Services.Deployment.PushDeploymentController.OneDeploy(String type, Boolean async, String path, Nullable`1 restart, Nullable`1 clean, Boolean ignoreStack, Boolean trackDeploymentProgress, Boolean trackStatus, Boolean reset) in /tmp/KuduLite/Kudu.Services/Deployment/PushDeploymentController.cs:line 623
   at Microsoft.AspNetCore.Mvc.Infrastructure.ActionMethodExecutor.TaskOfIActionResultExecutor.Execute(IActionResultTypeMapper mapper, ObjectMethodExecutor executor, Object controller, Object[] arguments)
   at Microsoft.AspNetCore.Mvc.Infrastructure.ControllerActionInvoker.&lt;InvokeActionMethodAsync&gt;g__Awaited|12_0(ControllerActionInvoker invoker, ValueTask`1 actionResultValueTask)
   at Microsoft.AspNetCore.Mvc.Infrastructure.ControllerActionInvoker.&lt;InvokeNextActionFilterAsync&gt;g__Awaited|10_0(ControllerActionInvoker invoker, Task lastTask, State next, Scope scope, Object state, Boolean isCompleted)
   at Microsoft.AspNetCore.Mvc.Infrastructure.ControllerActionInvoker.Rethrow(ActionExecutedContextSealed context)
   at Microsoft.AspNetCore.Mvc.Infrastructure.ControllerActionInvoker.Next(State&amp; next, Scope&amp; scope, Object&amp; state, Boolean&amp; isCompleted)
   at Microsoft.AspNetCore.Mvc.Infrastructure.ControllerActionInvoker.&lt;InvokeInnerFilterAsync&gt;g__Awaited|13_0(ControllerActionInvoker invoker, Task lastTask, State next, Scope scope, Object state, Boolean isCompleted)
   at Microsoft.AspNetCore.Mvc.Infrastructure.ResourceInvoker.&lt;InvokeNextResourceFilter&gt;g__Awaited|25_0(ResourceInvoker invoker, Task lastTask, State next, Scope scope, Object state, Boolean isCompleted)
   at Microsoft.AspNetCore.Mvc.Infrastructure.ResourceInvoker.Rethrow(ResourceExecutedContextSealed context)
   at Microsoft.AspNetCore.Mvc.Infrastructure.ResourceInvoker.Next(State&amp; next, Scope&amp; scope, Object&amp; state, Boolean&amp; isCompleted)
   at Microsoft.AspNetCore.Mvc.Infrastructure.ResourceInvoker.&lt;InvokeFilterPipelineAsync&gt;g__Awaited|20_0(ResourceInvoker invoker, Task lastTask, State next, Scope scope, Object state, Boolean isCompleted)
   at Microsoft.AspNetCore.Mvc.Infrastructure.ResourceInvoker.&lt;InvokeAsync&gt;g__Awaited|17_0(ResourceInvoker invoker, Task task, IDisposable scope)
   at Microsoft.AspNetCore.Mvc.Infrastructure.ResourceInvoker.&lt;InvokeAsync&gt;g__Awaited|17_0(ResourceInvoker invoker, Task task, IDisposable scope)
   at Microsoft.AspNetCore.Builder.RouterMiddleware.Invoke(HttpContext httpContext)
   at Kudu.Services.Web.Tracing.TraceMiddleware.Invoke(HttpContext context) in /tmp/KuduLite/Kudu.Services.Web/Tracing/TraceMiddleware.cs:line 111" innerText="Invalid argument : &apos;/home/site/wwwroot/.next\types\app\api\sessions\route.ts&apos;" innerStackTrace="   at Microsoft.Win32.SafeHandles.SafeFileHandle.Open(String , OpenFlags , Int32 )
   at Microsoft.Win32.SafeHandles.SafeFileHandle.Open(String , FileMode , FileAccess , FileShare , FileOptions , Int64 )
   at System.IO.File.OpenHandle(String , FileMode , FileAccess , FileShare , FileOptions , Int64 )
   at System.IO.FileSystem.CopyFile(String , String , Boolean )
   at System.IO.File.Copy(String , String , Boolean )
   at System.IO.Abstractions.FileWrapper.Copy(String sourceFileName, String destFileName, Boolean overwrite)
   at Kudu.Core.Infrastructure.FileSystemHelpers.CopyDirectoryRecursive(String sourceDirPath, String destinationDirPath, Boolean overwrite) in /tmp/KuduLite/Kudu.Core/Infrastructure/FileSystemHelpers.cs:line 239
   at Kudu.Core.Deployment.Generator.OneDeployBuilder.Build(DeploymentContext context, CancellationToken token) in /tmp/KuduLite/Kudu.Core/Deployment/Generator/OneDeployBuilder.cs:line 113
   at Kudu.Core.Deployment.DeploymentManager.Build(ChangeSet changeSet, ITracer tracer, IDisposable deployStep, IRepository repository, DeploymentInfoBase deploymentInfo, DeploymentAnalytics deploymentAnalytics, Boolean fullBuildByDefault, CancellationToken cancellationToken) in /tmp/KuduLite/Kudu.Core/Deployment/DeploymentManager.cs:line 770
   at Kudu.Core.Deployment.DeploymentManager.Build(ChangeSet changeSet, ITracer tracer, IDisposable deployStep, IRepository repository, DeploymentInfoBase deploymentInfo, DeploymentAnalytics deploymentAnalytics, Boolean fullBuildByDefault, CancellationToken cancellationToken) in /tmp/KuduLite/Kudu.Core/Deployment/DeploymentManager.cs:line 839
   at Kudu.Core.Deployment.DeploymentManager.DeployAsync(IRepository repository, ChangeSet changeSet, String deployer, Boolean clean, DeploymentInfoBase deploymentInfo, Boolean needFileUpdate, Boolean fullBuildByDefault) in /tmp/KuduLite/Kudu.Core/Deployment/DeploymentManager.cs:line 266" /><!-- duration: 28ms -->
      <step title="Incoming Request" date="2025-03-29T05:20:05.309" url="/Error?type=zip" method="POST" type="request" pid="772,1,5" Accept="*/*" Host="reading-road-voice-demo.scm.azurewebsites.net" User-Agent="AZURECLI/2.70.0 (MSI)" Accept-Encoding="gzip, deflate" Authorization="Bas..." Cache-Control="no-cache" Content-Type="application/octet-stream" Cookie="ARRAffinity=9f55e46e3d2054f2a574cbda6605e6df0484dc3b864373ea25829a5320264660; ARRAffinitySameSite=9f55e46e3d2054f2a574cbda6605e6df0484dc3b864373ea25829a5320264660" Content-Length="26206336" x-ms-client-request-id="6b2be2bb-0c5d-11f0-8954-8c3b4a441321" x-ms-artifact-checksum="577bf92a810fcf15d5966c79106192d5c14def35d0cf880ba3e1651330e57877" X-ARR-LOG-ID="6b2be2bb-0c5d-11f0-8954-8c3b4a441321" CLIENT-IP="64.180.26.65:59337" X-SITE-DEPLOYMENT-ID="reading-road-voice-demo" WAS-DEFAULT-HOSTNAME="reading-road-voice-demo.scm.azurewebsites.net" X-Forwarded-Proto="https" X-AppService-Proto="https" X-Forwarded-TlsVersion="1.3" X-WAWS-Unencoded-URL="/api/publish?type=zip" X-Client-IP="64.180.26.65" X-Client-Port="59337" >
        <step title="Outgoing response" date="2025-03-29T05:20:05.341" type="response" statusCode="400" statusText="BadRequest" /><!-- duration: 10ms -->
      </step><!-- duration: 70ms -->
