<step title="Incoming Request" date="2025-03-29T03:20:52.653" instance="9f55e4" url="/reading-road-voice-demo.git/info/refs?service=git-upload-pack" method="GET" type="request" pid="772,1,5" Accept="*/*" Host="reading-road-voice-demo.scm.azurewebsites.net" User-Agent="git/2.47.0.windows.2 (Windows 11 Pro 10.0.22621; win32 x64) vscode/1.96.2 (Cursor)" Accept-Encoding="deflate, gzip, br, zstd" Authorization="Bas..." Pragma="no-cache" git-protocol="version=2" X-ARR-LOG-ID="8b40c384-fb24-42b6-a23c-7a2b552092fe" CLIENT-IP="216.232.132.69:55934" X-SITE-DEPLOYMENT-ID="reading-road-voice-demo" WAS-DEFAULT-HOSTNAME="reading-road-voice-demo.scm.azurewebsites.net" X-Forwarded-Proto="https" X-AppService-Proto="https" X-Forwarded-TlsVersion="1.3" X-WAWS-Unencoded-URL="/reading-road-voice-demo.git/info/refs?service=git-upload-pack" X-Client-IP="216.232.132.69" X-Client-Port="55934" >
  <step title="Cleanup Xml Logs" date="2025-03-29T03:20:52.662" >
    <step title="Cleanup Infos" date="2025-03-29T03:20:52.674" totalFiles="268" totalCleanup="108" /><!-- duration: 18ms -->
  </step><!-- duration: 32ms -->
  <step title="InfoRefsService.Execute" date="2025-03-29T03:20:52.724" >
    <step title="Executing external process" date="2025-03-29T03:20:52.772" type="process" path="git" arguments="rev-parse --git-dir" /><!-- duration: 122ms -->
    <step title="Assuming git repository at /home/site/repository" date="2025-03-29T03:20:52.903" /><!-- duration: 1ms -->
    <step title="InfoRefsService.SmartInfoRefs" date="2025-03-29T03:20:52.913" >
      <step title="Executing external process" date="2025-03-29T03:20:52.934" type="process" path="git" arguments="rev-parse --git-dir" /><!-- duration: 40ms -->
      <step title="Assuming git repository at /home/site/repository" date="2025-03-29T03:20:52.991" /><!-- duration: 1ms -->
      <step title="GitExeServer.AdvertiseUploadPack" date="2025-03-29T03:20:53.003" >
        <step title="Executing external process" date="2025-03-29T03:20:53.011" type="process" path="git" arguments="upload-pack --stateless-rpc --advertise-refs &quot;/home/site/repository&quot;" /><!-- duration: 112ms -->
      </step><!-- duration: 121ms -->
      <step title="Writing 288 bytes" date="2025-03-29T03:20:53.133" /><!-- duration: 2ms -->
    </step><!-- duration: 239ms -->
  </step><!-- duration: 438ms -->
  <step title="Outgoing response" date="2025-03-29T03:20:53.193" type="response" statusCode="200" statusText="OK" /><!-- duration: 12ms -->
</step><!-- duration: 580ms -->
