<step title="Incoming Request" date="2025-03-29T04:49:31.612" instance="9f55e4" url="/reading-road-voice-demo.git/info/refs?service=git-upload-pack" method="GET" type="request" pid="767,1,3" Accept="*/*" Host="reading-road-voice-demo.scm.azurewebsites.net" User-Agent="git/2.47.0.windows.2 (Windows 11 Pro 10.0.22621; win32 x64) vscode/1.96.2 (Cursor)" Accept-Encoding="deflate, gzip, br, zstd" Authorization="Bas..." Pragma="no-cache" git-protocol="version=2" X-ARR-LOG-ID="6433ea95-8b68-4887-a9ac-e66b5721c76f" CLIENT-IP="64.180.26.65:58412" X-SITE-DEPLOYMENT-ID="reading-road-voice-demo" WAS-DEFAULT-HOSTNAME="reading-road-voice-demo.scm.azurewebsites.net" X-Forwarded-Proto="https" X-AppService-Proto="https" X-Forwarded-TlsVersion="1.3" X-WAWS-Unencoded-URL="/reading-road-voice-demo.git/info/refs?service=git-upload-pack" X-Client-IP="64.180.26.65" X-Client-Port="58412" >
  <step title="Cleanup Xml Logs" date="2025-03-29T04:49:31.631" >
    <step title="Cleanup Infos" date="2025-03-29T04:49:31.681" totalFiles="365" totalCleanup="205" /><!-- duration: 11ms -->
  </step><!-- duration: 72ms -->
  <step title="InfoRefsService.Execute" date="2025-03-29T04:49:31.773" >
    <step title="Executing external process" date="2025-03-29T04:49:32.253" type="process" path="git" arguments="rev-parse --git-dir" /><!-- duration: 138ms -->
    <step title="Assuming git repository at /home/site/repository" date="2025-03-29T04:49:32.400" /><!-- duration: 2ms -->
    <step title="InfoRefsService.SmartInfoRefs" date="2025-03-29T04:49:32.411" >
      <step title="Executing external process" date="2025-03-29T04:49:33.268" type="process" path="git" arguments="rev-parse --git-dir" /><!-- duration: 331ms -->
      <step title="Assuming git repository at /home/site/repository" date="2025-03-29T04:49:33.620" /><!-- duration: 8ms -->
      <step title="GitExeServer.AdvertiseUploadPack" date="2025-03-29T04:49:33.738" >
        <step title="Executing external process" date="2025-03-29T04:49:34.069" type="process" path="git" arguments="upload-pack --stateless-rpc --advertise-refs &quot;/home/site/repository&quot;" /><!-- duration: 239ms -->
      </step><!-- duration: 589ms -->
      <step title="Writing 288 bytes" date="2025-03-29T04:49:34.328" /><!-- duration: 29ms -->
    </step><!-- duration: 1977ms -->
  </step><!-- duration: 2624ms -->
  <step title="Outgoing response" date="2025-03-29T04:49:34.507" type="response" statusCode="200" statusText="OK" /><!-- duration: 10ms -->
</step><!-- duration: 2908ms -->
