<step title="Incoming Request" date="2025-03-29T04:40:24.181" instance="9f55e4" url="/reading-road-voice-demo.git/info/refs?service=git-upload-pack" method="GET" type="request" pid="767,1,35" Accept="*/*" Host="reading-road-voice-demo.scm.azurewebsites.net" User-Agent="git/2.47.0.windows.2 (Windows 11 Pro 10.0.22621; win32 x64) vscode/1.96.2 (Cursor)" Accept-Encoding="deflate, gzip, br, zstd" Authorization="Bas..." Pragma="no-cache" git-protocol="version=2" X-ARR-LOG-ID="d5013e03-9c90-45db-a462-aa7772373ac5" CLIENT-IP="64.180.26.65:58225" X-SITE-DEPLOYMENT-ID="reading-road-voice-demo" WAS-DEFAULT-HOSTNAME="reading-road-voice-demo.scm.azurewebsites.net" X-Forwarded-Proto="https" X-AppService-Proto="https" X-Forwarded-TlsVersion="1.3" X-WAWS-Unencoded-URL="/reading-road-voice-demo.git/info/refs?service=git-upload-pack" X-Client-IP="64.180.26.65" X-Client-Port="58225" >
  <step title="Cleanup Xml Logs" date="2025-03-29T04:40:24.183" >
    <step title="Cleanup Infos" date="2025-03-29T04:40:24.194" totalFiles="360" totalCleanup="200" /><!-- duration: 21ms -->
  </step><!-- duration: 33ms -->
  <step title="InfoRefsService.Execute" date="2025-03-29T04:40:24.218" >
    <step title="Executing external process" date="2025-03-29T04:40:24.223" type="process" path="git" arguments="rev-parse --git-dir" /><!-- duration: 35ms -->
    <step title="Assuming git repository at /home/site/repository" date="2025-03-29T04:40:24.259" /><!-- duration: 1ms -->
    <step title="InfoRefsService.SmartInfoRefs" date="2025-03-29T04:40:24.269" >
      <step title="Executing external process" date="2025-03-29T04:40:24.273" type="process" path="git" arguments="rev-parse --git-dir" /><!-- duration: 15ms -->
      <step title="Assuming git repository at /home/site/repository" date="2025-03-29T04:40:24.290" /><!-- duration: 1ms -->
      <step title="GitExeServer.AdvertiseUploadPack" date="2025-03-29T04:40:24.293" >
        <step title="Executing external process" date="2025-03-29T04:40:24.295" type="process" path="git" arguments="upload-pack --stateless-rpc --advertise-refs &quot;/home/site/repository&quot;" /><!-- duration: 28ms -->
      </step><!-- duration: 35ms -->
      <step title="Writing 288 bytes" date="2025-03-29T04:40:24.329" /><!-- duration: 1ms -->
    </step><!-- duration: 62ms -->
  </step><!-- duration: 115ms -->
  <step title="Outgoing response" date="2025-03-29T04:40:24.339" type="response" statusCode="200" statusText="OK" /><!-- duration: 1ms -->
</step><!-- duration: 159ms -->
