<step title="Incoming Request" date="2025-03-29T03:49:27.945" instance="9f55e4" url="/api/publish?type=zip" method="POST" type="request" pid="767,1,20" Accept="*/*" Host="reading-road-voice-demo.scm.azurewebsites.net" User-Agent="AZURECLI/2.70.0 (MSI)" Accept-Encoding="gzip, deflate" Authorization="Bas..." Cache-Control="no-cache" Content-Type="application/octet-stream" Cookie="ARRAffinity=9f55e46e3d2054f2a574cbda6605e6df0484dc3b864373ea25829a5320264660; ARRAffinitySameSite=9f55e46e3d2054f2a574cbda6605e6df0484dc3b864373ea25829a5320264660" Content-Length="232758" x-ms-client-request-id="caa82ec9-0c50-11f0-a652-8c3b4a441321" x-ms-artifact-checksum="e1876dbf56c97b93f7147b409a7b0cc4a39f195085d4ae42594e62f4ec31ced2" X-ARR-LOG-ID="caa82ec9-0c50-11f0-a652-8c3b4a441321" CLIENT-IP="64.180.26.65:56534" X-SITE-DEPLOYMENT-ID="reading-road-voice-demo" WAS-DEFAULT-HOSTNAME="reading-road-voice-demo.scm.azurewebsites.net" X-Forwarded-Proto="https" X-AppService-Proto="https" X-Forwarded-TlsVersion="1.3" X-WAWS-Unencoded-URL="/api/publish?type=zip" X-Client-IP="64.180.26.65" X-Client-Port="56534" >
  <step title="OneDeploy" date="2025-03-29T03:49:28.157" >
    <step title="Starting PushDeployAsync" date="2025-03-29T03:49:28.197" /><!-- duration: 18ms -->
    <step title="Writing artifact to /tmp/zipdeploy/beaa1f75-55b7-48d3-8fb4-289c280367e5.zip" date="2025-03-29T03:49:28.344" >
      <step title="Writing multipart request body to /tmp/zipdeploy/beaa1f75-55b7-48d3-8fb4-289c280367e5.zip" date="2025-03-29T03:49:28.353" /><!-- duration: 2ms -->
    </step><!-- duration: 70ms -->
    <step title="Attempting to fetch target branch HEAD" date="2025-03-29T03:49:28.426" /><!-- duration: 18ms -->
    <step title="Acquiring Deployment Lock" date="2025-03-29T03:49:28.454" /><!-- duration: 1ms -->
    <step title="Cannot Acquire Deployment Lock already held" date="2025-03-29T03:49:28.483" /><!-- duration: 1ms -->
    <step title="There is a deployment currently in progress. Please try again when it completes." date="2025-03-29T03:49:28.513" /><!-- duration: 3ms -->
  </step><!-- duration: 406ms -->
  <step title="Outgoing response" date="2025-03-29T03:49:28.592" type="response" statusCode="409" statusText="Conflict" /><!-- duration: 2ms -->
</step><!-- duration: 679ms -->
