<step title="Incoming Request" date="2025-03-29T05:22:08.747" instance="9f55e4" url="/reading-road-voice-demo.git/info/refs?service=git-upload-pack" method="GET" type="request" pid="772,1,24" Accept="*/*" Host="reading-road-voice-demo.scm.azurewebsites.net" User-Agent="git/2.47.0.windows.2 (Windows 11 Pro 10.0.22621; win32 x64) vscode/1.96.2 (Cursor)" Accept-Encoding="deflate, gzip, br, zstd" Authorization="Bas..." Pragma="no-cache" git-protocol="version=2" X-ARR-LOG-ID="cbe71c42-b9de-4cc6-a693-887705a2e05d" CLIENT-IP="64.180.26.65:59552" X-SITE-DEPLOYMENT-ID="reading-road-voice-demo" WAS-DEFAULT-HOSTNAME="reading-road-voice-demo.scm.azurewebsites.net" X-Forwarded-Proto="https" X-AppService-Proto="https" X-Forwarded-TlsVersion="1.3" X-WAWS-Unencoded-URL="/reading-road-voice-demo.git/info/refs?service=git-upload-pack" X-Client-IP="64.180.26.65" X-Client-Port="59552" >
  <step title="Cleanup Xml Logs" date="2025-03-29T05:22:08.755" >
    <step title="Cleanup Infos" date="2025-03-29T05:22:08.784" totalFiles="412" totalCleanup="252" /><!-- duration: 2ms -->
  </step><!-- duration: 33ms -->
  <step title="InfoRefsService.Execute" date="2025-03-29T05:22:08.793" >
    <step title="Executing external process" date="2025-03-29T05:22:08.798" type="process" path="git" arguments="rev-parse --git-dir" /><!-- duration: 54ms -->
    <step title="Assuming git repository at /home/site/repository" date="2025-03-29T05:22:08.854" /><!-- duration: 1ms -->
    <step title="InfoRefsService.SmartInfoRefs" date="2025-03-29T05:22:08.857" >
      <step title="Executing external process" date="2025-03-29T05:22:08.863" type="process" path="git" arguments="rev-parse --git-dir" /><!-- duration: 26ms -->
      <step title="Assuming git repository at /home/site/repository" date="2025-03-29T05:22:08.895" /><!-- duration: 1ms -->
      <step title="GitExeServer.AdvertiseUploadPack" date="2025-03-29T05:22:08.899" >
        <step title="Executing external process" date="2025-03-29T05:22:08.904" type="process" path="git" arguments="upload-pack --stateless-rpc --advertise-refs &quot;/home/site/repository&quot;" /><!-- duration: 31ms -->
      </step><!-- duration: 38ms -->
      <step title="Writing 288 bytes" date="2025-03-29T05:22:08.937" /><!-- duration: 1ms -->
    </step><!-- duration: 85ms -->
  </step><!-- duration: 150ms -->
  <step title="Outgoing response" date="2025-03-29T05:22:08.952" type="response" statusCode="200" statusText="OK" /><!-- duration: 2ms -->
</step><!-- duration: 216ms -->
