<step title="Incoming Request" date="2025-03-29T03:18:22.949" instance="9f55e4" url="/reading-road-voice-demo.git/info/refs?service=git-receive-pack" method="GET" type="request" pid="772,1,5" Accept="*/*" Host="reading-road-voice-demo.scm.azurewebsites.net" User-Agent="git/2.47.0.windows.2" Accept-Encoding="deflate, gzip, br, zstd" Authorization="Bas..." Pragma="no-cache" X-ARR-LOG-ID="94dd8095-46b7-4924-9628-c7266867f090" CLIENT-IP="216.232.132.69:55872" X-SITE-DEPLOYMENT-ID="reading-road-voice-demo" WAS-DEFAULT-HOSTNAME="reading-road-voice-demo.scm.azurewebsites.net" X-Forwarded-Proto="https" X-AppService-Proto="https" X-Forwarded-TlsVersion="1.3" X-WAWS-Unencoded-URL="/reading-road-voice-demo.git/info/refs?service=git-receive-pack" X-Client-IP="216.232.132.69" X-Client-Port="55872" >
  <step title="InfoRefsService.Execute" date="2025-03-29T03:18:23.563" >
    <step title="Executing external process" date="2025-03-29T03:18:23.581" type="process" path="git" arguments="rev-parse --git-dir" /><!-- duration: 70ms -->
    <step title="Assuming git repository at /home/site/repository" date="2025-03-29T03:18:23.654" /><!-- duration: 3ms -->
    <step title="InfoRefsService.SmartInfoRefs" date="2025-03-29T03:18:23.664" >
      <step title="Executing external process" date="2025-03-29T03:18:23.676" type="process" path="git" arguments="rev-parse --git-dir" /><!-- duration: 17ms -->
      <step title="Assuming git repository at /home/site/repository" date="2025-03-29T03:18:23.695" /><!-- duration: 2ms -->
      <step title="GitExeServer.AdvertiseReceivePack" date="2025-03-29T03:18:23.703" >
        <step title="Executing external process" date="2025-03-29T03:18:23.704" type="process" path="git" arguments="receive-pack --stateless-rpc --advertise-refs &quot;/home/site/repository&quot;" /><!-- duration: 25ms -->
      </step><!-- duration: 28ms -->
      <step title="Writing 216 bytes" date="2025-03-29T03:18:23.732" /><!-- duration: 2ms -->
    </step><!-- duration: 72ms -->
  </step><!-- duration: 175ms -->
  <step title="Outgoing response" date="2025-03-29T03:18:23.759" type="response" statusCode="200" statusText="OK" /><!-- duration: 1ms -->
</step><!-- duration: 813ms -->
