<step title="Incoming Request" date="2025-03-29T03:48:39.828" instance="9f55e4" url="/api/deployments/latest" method="GET" type="request" pid="767,1,7" Accept="*/*" Host="reading-road-voice-demo.scm.azurewebsites.net" User-Agent="AZURECLI/2.70.0 (MSI)" Accept-Encoding="gzip, deflate" Authorization="Bas..." x-ms-client-request-id="71d0398d-0c50-11f0-9584-8c3b4a441321" X-ARR-LOG-ID="71d0398d-0c50-11f0-9584-8c3b4a441321" CLIENT-IP="64.180.26.65:56496" X-SITE-DEPLOYMENT-ID="reading-road-voice-demo" WAS-DEFAULT-HOSTNAME="reading-road-voice-demo.scm.azurewebsites.net" X-Forwarded-Proto="https" X-AppService-Proto="https" X-Forwarded-TlsVersion="1.3" X-WAWS-Unencoded-URL="/api/deployments/latest" X-Client-IP="64.180.26.65" X-Client-Port="56496" >
  <step title="DeploymentService.GetResult" date="2025-03-29T03:48:39.866" >
    <step title="DeploymentService.GetLatestDeployment" date="2025-03-29T03:48:39.867" >
      <step title="DeploymentManager.GetResults" date="2025-03-29T03:48:39.876" /><!-- duration: 200ms -->
      <step title="Deployment temp-ead5a591 is Pending" date="2025-03-29T03:48:40.078" /><!-- duration: 17ms -->
    </step><!-- duration: 260ms -->
    <step title="Redirecting to latest deployment: https://reading-road-voice-demo.scm.azurewebsites.net/api/deployments/latest" date="2025-03-29T03:48:40.129" /><!-- duration: 9ms -->
  </step><!-- duration: 274ms -->
  <step title="Outgoing response" date="2025-03-29T03:48:40.157" type="response" statusCode="202" statusText="Accepted" /><!-- duration: 1ms -->
</step><!-- duration: 331ms -->
