<step title="BackgroundTrace" date="2025-03-29T03:54:57.223" instance="9f55e4" url="/api/zipdeploy" method="POST" >
  <step title="Creating temporary deployment - FetchDeploymentManager" date="2025-03-29T03:54:57.294" /><!-- duration: 1ms -->
  <step title="Creating temporary deployment" date="2025-03-29T03:54:57.297" /><!-- duration: 31ms -->
  <step title="Performing fetch based deployment" date="2025-03-29T03:54:57.384" >
    <step title="Cleaning up temp folders from previous zip deployments and extracting pushed zip file /tmp/zipdeploy/c33a0bd2-8dca-4e07-82c1-12ce0ec5c8be.zip (0.22 MB) to /tmp/zipdeploy/extracted" date="2025-03-29T03:54:58.532" >
      <step title="ChmodRecursive Process exited with total time taken in ms: 130" date="2025-03-29T03:54:58.721" /><!-- duration: 9ms -->
    </step><!-- duration: 199ms -->
    <step title="Deployment timer started" date="2025-03-29T03:55:00.743" >
      <step title="DeploymentManager.Deploy(id:b8609a14-d405-4ab0-a00f-0b1c6e075024)" date="2025-03-29T03:55:00.760" >
        <step title="Collecting changeset information" date="2025-03-29T03:55:00.766" /><!-- duration: 70ms -->
        <step title="Updating submodules" date="2025-03-29T03:55:00.839" /><!-- duration: 1185ms -->
        <step title="Determining deployment builder" date="2025-03-29T03:55:02.233" >
          <step title="Builder is OryxBuilder" date="2025-03-29T03:55:02.245" /><!-- duration: 8ms -->
        </step><!-- duration: 23ms -->
        <step title="PreDeployment: context.CleanOutputPath False" date="2025-03-29T03:55:02.297" >
          <step title="PreDeployment: context.OutputPath /home/site/wwwroot" date="2025-03-29T03:55:02.971" >
            <step title="Building" date="2025-03-29T03:55:03.215" >
              <step title="Executing external process" date="2025-03-29T03:55:03.932" type="process" path="bash" arguments="-c &quot;oryx build /tmp/zipdeploy/extracted -o /home/site/wwwroot --platform nodejs --platform-version 18 -p virtualenv_name= --log-file /tmp/build-debug.log  -i /tmp/8dd6e757bbc312f -p compress_node_modules=tar-gz | tee /tmp/oryx-build.log ; exit $PIPESTATUS &quot;" >
                <step title="Cpu: npm install(920,36.830s)+build.sh(813,0.080s)+oryx(796,4.430s)+tee(797,0.000s)+bash(795,0.000s)=total(41.320s)" date="2025-03-29T03:56:25.431" /><!-- duration: 58ms -->
                <step title="bash: no io activity for 61s, prev-cpu=-1.000s, current-cpu=41.320s" date="2025-03-29T03:56:25.612" /><!-- duration: 18ms -->
                <step title="Cpu: npm install(920,67.260s)+build.sh(813,0.080s)+oryx(796,4.870s)+tee(797,0.000s)+bash(795,0.000s)=total(72.210s)" date="2025-03-29T03:57:26.038" /><!-- duration: 9ms -->
                <step title="bash: no io activity for 122s, prev-cpu=41.320s, current-cpu=72.210s" date="2025-03-29T03:57:26.088" /><!-- duration: 19ms -->
                <step title="Cpu: node(1035,38.950s)+node(1019,4.630s)+sh(1018,0.020s)+npm run build(1004,1.070s)+build.sh(813,0.090s)+oryx(796,6.310s)+tee(797,0.010s)+bash(795,0.000s)=total(51.070s)" date="2025-03-29T03:59:33.179" /><!-- duration: 10ms -->
                <step title="bash: no io activity for 61s, prev-cpu=-1.000s, current-cpu=51.070s" date="2025-03-29T03:59:33.207" /><!-- duration: 21ms -->
                <step title="Process dump" date="2025-03-29T03:59:49.557" exitCode="1" type="processOutput" /><!-- duration: 27ms -->
              </step><!-- duration: 285814ms -->
              <step title="Error occurred" date="2025-03-29T03:59:50.036" type="error" text="Failed to compile.

./app/activities/letter-tracing/page.tsx
Module not found: Can&apos;t resolve &apos;@/components/LetterTracer&apos;

https://nextjs.org/docs/messages/module-not-found

./app/activities/letter-tracing/page.tsx
Module not found: Can&apos;t resolve &apos;@/components/ui/button&apos;

https://nextjs.org/docs/messages/module-not-found

./app/dashboard/analytics/page.tsx
Module not found: Can&apos;t resolve &apos;@/components/dashboard/MetricCard&apos;

https://nextjs.org/docs/messages/module-not-found

./app/dashboard/analytics/page.tsx
Module not found: Can&apos;t resolve &apos;@/components/ui/select&apos;

https://nextjs.org/docs/messages/module-not-found

./app/dashboard/analytics/page.tsx
Module not found: Can&apos;t resolve &apos;@/components/ui/progress&apos;

https://nextjs.org/docs/messages/module-not-found


&gt; Build failed because of webpack errors
/bin/bash -c &quot;oryx build /tmp/zipdeploy/extracted -o /home/site/wwwroot --platform nodejs --platform-version 18 -p virtualenv_name= --log-file /tmp/build-debug.log  -i /tmp/8dd6e757bbc312f -p compress_node_modules=tar-gz | tee /tmp/oryx-build.log ; exit $PIPESTATUS &quot;" stackTrace="   at Kudu.Core.Infrastructure.Executable.ExecuteInternal(ITracer tracer, Func`2 onWriteOutput, Func`2 onWriteError, CancellationToken token, Encoding encoding, String arguments, Object[] args) in /tmp/KuduLite/Kudu.Core/Infrastructure/Executable.cs:line 239
   at Kudu.Core.Infrastructure.Executable.ExecuteWithProgressWriter(ILogger logger, ITracer tracer, CancellationToken token, String arguments, Object[] args) in /tmp/KuduLite/Kudu.Core/Infrastructure/Executable.cs:line 118
   at Kudu.Core.Deployment.Generator.ExternalCommandBuilder.RunCommand(DeploymentContext context, String command, Boolean ignoreManifest, CancellationToken token, String message) in /tmp/KuduLite/Kudu.Core/Deployment/Generator/ExternalCommandBuilder.cs:line 115" /><!-- duration: 10ms -->
              <step title="Error occurred" date="2025-03-29T03:59:50.105" type="error" text="Failed to compile.

./app/activities/letter-tracing/page.tsx
Module not found: Can&apos;t resolve &apos;@/components/LetterTracer&apos;

https://nextjs.org/docs/messages/module-not-found

./app/activities/letter-tracing/page.tsx
Module not found: Can&apos;t resolve &apos;@/components/ui/button&apos;

https://nextjs.org/docs/messages/module-not-found

./app/dashboard/analytics/page.tsx
Module not found: Can&apos;t resolve &apos;@/components/dashboard/MetricCard&apos;

https://nextjs.org/docs/messages/module-not-found

./app/dashboard/analytics/page.tsx
Module not found: Can&apos;t resolve &apos;@/components/ui/select&apos;

https://nextjs.org/docs/messages/module-not-found

./app/dashboard/analytics/page.tsx
Module not found: Can&apos;t resolve &apos;@/components/ui/progress&apos;

https://nextjs.org/docs/messages/module-not-found


&gt; Build failed because of webpack errors
/bin/bash -c &quot;oryx build /tmp/zipdeploy/extracted -o /home/site/wwwroot --platform nodejs --platform-version 18 -p virtualenv_name= --log-file /tmp/build-debug.log  -i /tmp/8dd6e757bbc312f -p compress_node_modules=tar-gz | tee /tmp/oryx-build.log ; exit $PIPESTATUS &quot;" stackTrace="   at Kudu.Core.Infrastructure.Executable.ExecuteInternal(ITracer tracer, Func`2 onWriteOutput, Func`2 onWriteError, CancellationToken token, Encoding encoding, String arguments, Object[] args) in /tmp/KuduLite/Kudu.Core/Infrastructure/Executable.cs:line 239
   at Kudu.Core.Infrastructure.Executable.ExecuteWithProgressWriter(ILogger logger, ITracer tracer, CancellationToken token, String arguments, Object[] args) in /tmp/KuduLite/Kudu.Core/Infrastructure/Executable.cs:line 118
   at Kudu.Core.Deployment.Generator.ExternalCommandBuilder.RunCommand(DeploymentContext context, String command, Boolean ignoreManifest, CancellationToken token, String message) in /tmp/KuduLite/Kudu.Core/Deployment/Generator/ExternalCommandBuilder.cs:line 115
   at Kudu.Core.Deployment.Generator.OryxBuilder.RunBuildCommand(IOryxArguments args, DeploymentContext context, CancellationToken token) in /tmp/KuduLite/Kudu.Core/Deployment/Generator/OryxBuilder.cs:line 282
   at Kudu.Core.Deployment.Generator.OryxBuilder.Build(DeploymentContext context, CancellationToken token) in /tmp/KuduLite/Kudu.Core/Deployment/Generator/OryxBuilder.cs:line 119
   at Kudu.Core.Deployment.DeploymentManager.Build(ChangeSet changeSet, ITracer tracer, IDisposable deployStep, IRepository repository, DeploymentInfoBase deploymentInfo, DeploymentAnalytics deploymentAnalytics, Boolean fullBuildByDefault, CancellationToken cancellationToken) in /tmp/KuduLite/Kudu.Core/Deployment/DeploymentManager.cs:line 770" /><!-- duration: 2ms -->
              <step title="Using GenericDeploymentLogParser" date="2025-03-29T03:59:50.446" /><!-- duration: 10ms -->
              <step title="Purge deployment items" date="2025-03-29T03:59:51.835" >
                <step title="Remove 185c0667-, Failed, received at 03/29/2025 03:53:31" date="2025-03-29T03:59:51.883" /><!-- duration: 2ms -->
                <step title="Remove temp-497f, Failed, received at 03/29/2025 03:53:26" date="2025-03-29T03:59:51.941" /><!-- duration: 2ms -->
                <step title="Remove caa64a42-, Failed, received at 03/29/2025 03:48:42" date="2025-03-29T03:59:51.992" /><!-- duration: 2ms -->
                <step title="Remove temp-ead5, Failed, received at 03/29/2025 03:48:23" date="2025-03-29T03:59:52.042" /><!-- duration: 1ms -->
                <step title="Remove 81b2b00c-, Failed, received at 03/29/2025 03:43:31" date="2025-03-29T03:59:52.121" /><!-- duration: 2ms -->
              </step><!-- duration: 292ms -->
            </step><!-- duration: 288914ms -->
          </step><!-- duration: 289166ms -->
          <step title="Error occurred" date="2025-03-29T03:59:52.140" type="error" text="Failed to compile.

./app/activities/letter-tracing/page.tsx
Module not found: Can&apos;t resolve &apos;@/components/LetterTracer&apos;

https://nextjs.org/docs/messages/module-not-found

./app/activities/letter-tracing/page.tsx
Module not found: Can&apos;t resolve &apos;@/components/ui/button&apos;

https://nextjs.org/docs/messages/module-not-found

./app/dashboard/analytics/page.tsx
Module not found: Can&apos;t resolve &apos;@/components/dashboard/MetricCard&apos;

https://nextjs.org/docs/messages/module-not-found

./app/dashboard/analytics/page.tsx
Module not found: Can&apos;t resolve &apos;@/components/ui/select&apos;

https://nextjs.org/docs/messages/module-not-found

./app/dashboard/analytics/page.tsx
Module not found: Can&apos;t resolve &apos;@/components/ui/progress&apos;

https://nextjs.org/docs/messages/module-not-found


&gt; Build failed because of webpack errors
/bin/bash -c &quot;oryx build /tmp/zipdeploy/extracted -o /home/site/wwwroot --platform nodejs --platform-version 18 -p virtualenv_name= --log-file /tmp/build-debug.log  -i /tmp/8dd6e757bbc312f -p compress_node_modules=tar-gz | tee /tmp/oryx-build.log ; exit $PIPESTATUS &quot;" stackTrace="   at Kudu.Core.Infrastructure.Executable.ExecuteInternal(ITracer tracer, Func`2 onWriteOutput, Func`2 onWriteError, CancellationToken token, Encoding encoding, String arguments, Object[] args) in /tmp/KuduLite/Kudu.Core/Infrastructure/Executable.cs:line 239
   at Kudu.Core.Infrastructure.Executable.ExecuteWithProgressWriter(ILogger logger, ITracer tracer, CancellationToken token, String arguments, Object[] args) in /tmp/KuduLite/Kudu.Core/Infrastructure/Executable.cs:line 118
   at Kudu.Core.Deployment.Generator.ExternalCommandBuilder.RunCommand(DeploymentContext context, String command, Boolean ignoreManifest, CancellationToken token, String message) in /tmp/KuduLite/Kudu.Core/Deployment/Generator/ExternalCommandBuilder.cs:line 115
   at Kudu.Core.Deployment.Generator.OryxBuilder.RunBuildCommand(IOryxArguments args, DeploymentContext context, CancellationToken token) in /tmp/KuduLite/Kudu.Core/Deployment/Generator/OryxBuilder.cs:line 282
   at Kudu.Core.Deployment.Generator.OryxBuilder.Build(DeploymentContext context, CancellationToken token) in /tmp/KuduLite/Kudu.Core/Deployment/Generator/OryxBuilder.cs:line 119
   at Kudu.Core.Deployment.DeploymentManager.Build(ChangeSet changeSet, ITracer tracer, IDisposable deployStep, IRepository repository, DeploymentInfoBase deploymentInfo, DeploymentAnalytics deploymentAnalytics, Boolean fullBuildByDefault, CancellationToken cancellationToken) in /tmp/KuduLite/Kudu.Core/Deployment/DeploymentManager.cs:line 770
   at Kudu.Core.Deployment.DeploymentManager.Build(ChangeSet changeSet, ITracer tracer, IDisposable deployStep, IRepository repository, DeploymentInfoBase deploymentInfo, DeploymentAnalytics deploymentAnalytics, Boolean fullBuildByDefault, CancellationToken cancellationToken) in /tmp/KuduLite/Kudu.Core/Deployment/DeploymentManager.cs:line 839" /><!-- duration: 2ms -->
          <step title="Cleaning up temp files" date="2025-03-29T03:59:52.199" /><!-- duration: 5111ms -->
          <step title="Cleaning up temp files" date="2025-03-29T03:59:57.313" /><!-- duration: 509ms -->
          <step title="Error occurred" date="2025-03-29T03:59:57.842" type="error" text="Failed to compile.

./app/activities/letter-tracing/page.tsx
Module not found: Can&apos;t resolve &apos;@/components/LetterTracer&apos;

https://nextjs.org/docs/messages/module-not-found

./app/activities/letter-tracing/page.tsx
Module not found: Can&apos;t resolve &apos;@/components/ui/button&apos;

https://nextjs.org/docs/messages/module-not-found

./app/dashboard/analytics/page.tsx
Module not found: Can&apos;t resolve &apos;@/components/dashboard/MetricCard&apos;

https://nextjs.org/docs/messages/module-not-found

./app/dashboard/analytics/page.tsx
Module not found: Can&apos;t resolve &apos;@/components/ui/select&apos;

https://nextjs.org/docs/messages/module-not-found

./app/dashboard/analytics/page.tsx
Module not found: Can&apos;t resolve &apos;@/components/ui/progress&apos;

https://nextjs.org/docs/messages/module-not-found


&gt; Build failed because of webpack errors
/bin/bash -c &quot;oryx build /tmp/zipdeploy/extracted -o /home/site/wwwroot --platform nodejs --platform-version 18 -p virtualenv_name= --log-file /tmp/build-debug.log  -i /tmp/8dd6e757bbc312f -p compress_node_modules=tar-gz | tee /tmp/oryx-build.log ; exit $PIPESTATUS &quot;" stackTrace="   at Kudu.Core.Infrastructure.Executable.ExecuteInternal(ITracer tracer, Func`2 onWriteOutput, Func`2 onWriteError, CancellationToken token, Encoding encoding, String arguments, Object[] args) in /tmp/KuduLite/Kudu.Core/Infrastructure/Executable.cs:line 239
   at Kudu.Core.Infrastructure.Executable.ExecuteWithProgressWriter(ILogger logger, ITracer tracer, CancellationToken token, String arguments, Object[] args) in /tmp/KuduLite/Kudu.Core/Infrastructure/Executable.cs:line 118
   at Kudu.Core.Deployment.Generator.ExternalCommandBuilder.RunCommand(DeploymentContext context, String command, Boolean ignoreManifest, CancellationToken token, String message) in /tmp/KuduLite/Kudu.Core/Deployment/Generator/ExternalCommandBuilder.cs:line 115
   at Kudu.Core.Deployment.Generator.OryxBuilder.RunBuildCommand(IOryxArguments args, DeploymentContext context, CancellationToken token) in /tmp/KuduLite/Kudu.Core/Deployment/Generator/OryxBuilder.cs:line 282
   at Kudu.Core.Deployment.Generator.OryxBuilder.Build(DeploymentContext context, CancellationToken token) in /tmp/KuduLite/Kudu.Core/Deployment/Generator/OryxBuilder.cs:line 119
   at Kudu.Core.Deployment.DeploymentManager.Build(ChangeSet changeSet, ITracer tracer, IDisposable deployStep, IRepository repository, DeploymentInfoBase deploymentInfo, DeploymentAnalytics deploymentAnalytics, Boolean fullBuildByDefault, CancellationToken cancellationToken) in /tmp/KuduLite/Kudu.Core/Deployment/DeploymentManager.cs:line 770
   at Kudu.Core.Deployment.DeploymentManager.Build(ChangeSet changeSet, ITracer tracer, IDisposable deployStep, IRepository repository, DeploymentInfoBase deploymentInfo, DeploymentAnalytics deploymentAnalytics, Boolean fullBuildByDefault, CancellationToken cancellationToken) in /tmp/KuduLite/Kudu.Core/Deployment/DeploymentManager.cs:line 839
   at Kudu.Core.Deployment.DeploymentManager.DeployAsync(IRepository repository, ChangeSet changeSet, String deployer, Boolean clean, DeploymentInfoBase deploymentInfo, Boolean needFileUpdate, Boolean fullBuildByDefault) in /tmp/KuduLite/Kudu.Core/Deployment/DeploymentManager.cs:line 266" /><!-- duration: 1ms -->
        </step><!-- duration: 295553ms -->
        <step title="Reloading status file with latest updates" date="2025-03-29T03:59:57.884" >
          <step title="WebHooksManager.PublishEventAsync: PostDeployment" date="2025-03-29T03:59:57.890" /><!-- duration: 115ms -->
        </step><!-- duration: 122ms -->
        <step title="Error occurred" date="2025-03-29T03:59:58.012" type="error" text="Failed to compile.

./app/activities/letter-tracing/page.tsx
Module not found: Can&apos;t resolve &apos;@/components/LetterTracer&apos;

https://nextjs.org/docs/messages/module-not-found

./app/activities/letter-tracing/page.tsx
Module not found: Can&apos;t resolve &apos;@/components/ui/button&apos;

https://nextjs.org/docs/messages/module-not-found

./app/dashboard/analytics/page.tsx
Module not found: Can&apos;t resolve &apos;@/components/dashboard/MetricCard&apos;

https://nextjs.org/docs/messages/module-not-found

./app/dashboard/analytics/page.tsx
Module not found: Can&apos;t resolve &apos;@/components/ui/select&apos;

https://nextjs.org/docs/messages/module-not-found

./app/dashboard/analytics/page.tsx
Module not found: Can&apos;t resolve &apos;@/components/ui/progress&apos;

https://nextjs.org/docs/messages/module-not-found


&gt; Build failed because of webpack errors
/bin/bash -c &quot;oryx build /tmp/zipdeploy/extracted -o /home/site/wwwroot --platform nodejs --platform-version 18 -p virtualenv_name= --log-file /tmp/build-debug.log  -i /tmp/8dd6e757bbc312f -p compress_node_modules=tar-gz | tee /tmp/oryx-build.log ; exit $PIPESTATUS &quot;" stackTrace="   at Kudu.Core.Infrastructure.Executable.ExecuteInternal(ITracer tracer, Func`2 onWriteOutput, Func`2 onWriteError, CancellationToken token, Encoding encoding, String arguments, Object[] args) in /tmp/KuduLite/Kudu.Core/Infrastructure/Executable.cs:line 239
   at Kudu.Core.Infrastructure.Executable.ExecuteWithProgressWriter(ILogger logger, ITracer tracer, CancellationToken token, String arguments, Object[] args) in /tmp/KuduLite/Kudu.Core/Infrastructure/Executable.cs:line 118
   at Kudu.Core.Deployment.Generator.ExternalCommandBuilder.RunCommand(DeploymentContext context, String command, Boolean ignoreManifest, CancellationToken token, String message) in /tmp/KuduLite/Kudu.Core/Deployment/Generator/ExternalCommandBuilder.cs:line 115
   at Kudu.Core.Deployment.Generator.OryxBuilder.RunBuildCommand(IOryxArguments args, DeploymentContext context, CancellationToken token) in /tmp/KuduLite/Kudu.Core/Deployment/Generator/OryxBuilder.cs:line 282
   at Kudu.Core.Deployment.Generator.OryxBuilder.Build(DeploymentContext context, CancellationToken token) in /tmp/KuduLite/Kudu.Core/Deployment/Generator/OryxBuilder.cs:line 119
   at Kudu.Core.Deployment.DeploymentManager.Build(ChangeSet changeSet, ITracer tracer, IDisposable deployStep, IRepository repository, DeploymentInfoBase deploymentInfo, DeploymentAnalytics deploymentAnalytics, Boolean fullBuildByDefault, CancellationToken cancellationToken) in /tmp/KuduLite/Kudu.Core/Deployment/DeploymentManager.cs:line 770
   at Kudu.Core.Deployment.DeploymentManager.Build(ChangeSet changeSet, ITracer tracer, IDisposable deployStep, IRepository repository, DeploymentInfoBase deploymentInfo, DeploymentAnalytics deploymentAnalytics, Boolean fullBuildByDefault, CancellationToken cancellationToken) in /tmp/KuduLite/Kudu.Core/Deployment/DeploymentManager.cs:line 839
   at Kudu.Core.Deployment.DeploymentManager.DeployAsync(IRepository repository, ChangeSet changeSet, String deployer, Boolean clean, DeploymentInfoBase deploymentInfo, Boolean needFileUpdate, Boolean fullBuildByDefault) in /tmp/KuduLite/Kudu.Core/Deployment/DeploymentManager.cs:line 266" /><!-- duration: 2ms -->
        <step title="Marking deployment as failed and cleaning up the temp deployment" date="2025-03-29T03:59:58.057" /><!-- duration: 1ms -->
      </step><!-- duration: 297372ms -->
      <step title="Error occurred" date="2025-03-29T03:59:58.143" type="error" text="One or more errors occurred. (Deployment failed)" stackTrace="   at System.Threading.Tasks.Task.Wait(Int32 , CancellationToken )
   at System.Threading.Tasks.Task.Wait()
   at Kudu.Core.Deployment.FetchDeploymentManager.&lt;&gt;c__DisplayClass22_1.&lt;PerformBackgroundDeployment&gt;b__3() in /tmp/KuduLite/Kudu.Core/Deployment/FetchDeploymentManager.cs:line 411
   at Kudu.Contracts.Infrastructure.LockExtensions.TryLockOperation(IOperationLock lockObj, Action operation, String operationName, TimeSpan timeout) in /tmp/KuduLite/Kudu.Contracts/Infrastructure/LockExtensions.cs:line 34
   at Kudu.Contracts.Infrastructure.LockExtensions.LockOperation(IOperationLock lockObj, Action operation, String operationName, TimeSpan timeout) in /tmp/KuduLite/Kudu.Contracts/Infrastructure/LockExtensions.cs:line 46
   at Kudu.Core.Deployment.FetchDeploymentManager.&lt;&gt;c__DisplayClass22_0.&lt;PerformBackgroundDeployment&gt;b__1() in /tmp/KuduLite/Kudu.Core/Deployment/FetchDeploymentManager.cs:line 393" innerText="Deployment failed" innerStackTrace="   at Kudu.Core.Deployment.DeploymentManager.DeployAsync(IRepository repository, ChangeSet changeSet, String deployer, Boolean clean, DeploymentInfoBase deploymentInfo, Boolean needFileUpdate, Boolean fullBuildByDefault) in /tmp/KuduLite/Kudu.Core/Deployment/DeploymentManager.cs:line 307
   at Kudu.Core.Deployment.FetchDeploymentManager.PerformDeployment(DeploymentInfoBase deploymentInfo, IDisposable tempDeployment, ChangeSet tempChangeSet, DeployStatusApiResult updateStatusObj) in /tmp/KuduLite/Kudu.Core/Deployment/FetchDeploymentManager.cs:line 230" /><!-- duration: 2ms -->
    </step><!-- duration: 297416ms -->
