<step title="Incoming Request" date="2025-03-29T04:18:48.887" instance="9f55e4" url="/reading-road-voice-demo.git/info/refs?service=git-upload-pack" method="GET" type="request" pid="767,1,33" Accept="*/*" Host="reading-road-voice-demo.scm.azurewebsites.net" User-Agent="git/2.47.0.windows.2 (Windows 11 Pro 10.0.22621; win32 x64) vscode/1.96.2 (Cursor)" Accept-Encoding="deflate, gzip, br, zstd" Authorization="Bas..." Pragma="no-cache" git-protocol="version=2" X-ARR-LOG-ID="5cb8f869-6f8f-4204-8297-43e834fa0d94" CLIENT-IP="64.180.26.65:57714" X-SITE-DEPLOYMENT-ID="reading-road-voice-demo" WAS-DEFAULT-HOSTNAME="reading-road-voice-demo.scm.azurewebsites.net" X-Forwarded-Proto="https" X-AppService-Proto="https" X-Forwarded-TlsVersion="1.3" X-WAWS-Unencoded-URL="/reading-road-voice-demo.git/info/refs?service=git-upload-pack" X-Client-IP="64.180.26.65" X-Client-Port="57714" >
  <step title="Cleanup Xml Logs" date="2025-03-29T04:18:48.892" >
    <step title="Cleanup Infos" date="2025-03-29T04:18:48.899" totalFiles="352" totalCleanup="192" /><!-- duration: 5ms -->
  </step><!-- duration: 17ms -->
  <step title="InfoRefsService.Execute" date="2025-03-29T04:18:48.940" >
    <step title="Executing external process" date="2025-03-29T04:18:48.970" type="process" path="git" arguments="rev-parse --git-dir" /><!-- duration: 38ms -->
    <step title="Assuming git repository at /home/site/repository" date="2025-03-29T04:18:49.010" /><!-- duration: 1ms -->
    <step title="InfoRefsService.SmartInfoRefs" date="2025-03-29T04:18:49.020" >
      <step title="Executing external process" date="2025-03-29T04:18:49.024" type="process" path="git" arguments="rev-parse --git-dir" /><!-- duration: 27ms -->
      <step title="Assuming git repository at /home/site/repository" date="2025-03-29T04:18:49.061" /><!-- duration: 1ms -->
      <step title="GitExeServer.AdvertiseUploadPack" date="2025-03-29T04:18:49.072" >
        <step title="Executing external process" date="2025-03-29T04:18:49.073" type="process" path="git" arguments="upload-pack --stateless-rpc --advertise-refs &quot;/home/site/repository&quot;" /><!-- duration: 41ms -->
      </step><!-- duration: 44ms -->
      <step title="Writing 288 bytes" date="2025-03-29T04:18:49.117" /><!-- duration: 3ms -->
    </step><!-- duration: 111ms -->
  </step><!-- duration: 210ms -->
  <step title="Outgoing response" date="2025-03-29T04:18:49.160" type="response" statusCode="200" statusText="OK" /><!-- duration: 1ms -->
</step><!-- duration: 276ms -->
