<step title="Incoming Request" date="2025-03-29T04:12:33.394" instance="9f55e4" url="/reading-road-voice-demo.git/info/refs?service=git-upload-pack" method="GET" type="request" pid="767,1,29" Accept="*/*" Host="reading-road-voice-demo.scm.azurewebsites.net" User-Agent="git/2.47.0.windows.2 (Windows 11 Pro 10.0.22621; win32 x64) vscode/1.96.2 (Cursor)" Accept-Encoding="deflate, gzip, br, zstd" Authorization="Bas..." Pragma="no-cache" git-protocol="version=2" X-ARR-LOG-ID="c1b61e3e-e425-4190-bf78-01c3ba77c2a4" CLIENT-IP="64.180.26.65:57574" X-SITE-DEPLOYMENT-ID="reading-road-voice-demo" WAS-DEFAULT-HOSTNAME="reading-road-voice-demo.scm.azurewebsites.net" X-Forwarded-Proto="https" X-AppService-Proto="https" X-Forwarded-TlsVersion="1.3" X-WAWS-Unencoded-URL="/reading-road-voice-demo.git/info/refs?service=git-upload-pack" X-Client-IP="64.180.26.65" X-Client-Port="57574" >
  <step title="Cleanup Xml Logs" date="2025-03-29T04:12:33.396" >
    <step title="Cleanup Infos" date="2025-03-29T04:12:33.446" totalFiles="351" totalCleanup="191" /><!-- duration: 10ms -->
  </step><!-- duration: 79ms -->
  <step title="InfoRefsService.Execute" date="2025-03-29T04:12:33.503" >
    <step title="Executing external process" date="2025-03-29T04:12:33.525" type="process" path="git" arguments="rev-parse --git-dir" /><!-- duration: 129ms -->
    <step title="Assuming git repository at /home/site/repository" date="2025-03-29T04:12:33.664" /><!-- duration: 12ms -->
    <step title="InfoRefsService.SmartInfoRefs" date="2025-03-29T04:12:33.687" >
      <step title="Executing external process" date="2025-03-29T04:12:33.746" type="process" path="git" arguments="rev-parse --git-dir" /><!-- duration: 171ms -->
      <step title="Assuming git repository at /home/site/repository" date="2025-03-29T04:12:34.007" /><!-- duration: 48ms -->
      <step title="GitExeServer.AdvertiseUploadPack" date="2025-03-29T04:12:34.087" >
        <step title="Executing external process" date="2025-03-29T04:12:34.105" type="process" path="git" arguments="upload-pack --stateless-rpc --advertise-refs &quot;/home/site/repository&quot;" /><!-- duration: 385ms -->
      </step><!-- duration: 435ms -->
      <step title="Writing 288 bytes" date="2025-03-29T04:12:34.560" /><!-- duration: 11ms -->
    </step><!-- duration: 924ms -->
  </step><!-- duration: 1137ms -->
  <step title="Outgoing response" date="2025-03-29T04:12:34.651" type="response" statusCode="200" statusText="OK" /><!-- duration: 1ms -->
</step><!-- duration: 1288ms -->
