<step title="Incoming Request" date="2025-03-29T04:05:37.697" instance="9f55e4" url="/api/publish?type=zip" method="POST" type="request" pid="767,1,18" Accept="*/*" Host="reading-road-voice-demo.scm.azurewebsites.net" User-Agent="AZURECLI/2.70.0 (MSI)" Accept-Encoding="gzip, deflate" Authorization="Bas..." Cache-Control="no-cache" Content-Type="application/octet-stream" Cookie="ARRAffinity=9f55e46e3d2054f2a574cbda6605e6df0484dc3b864373ea25829a5320264660; ARRAffinitySameSite=9f55e46e3d2054f2a574cbda6605e6df0484dc3b864373ea25829a5320264660" Content-Length="232758" x-ms-client-request-id="0dbf3c86-0c53-11f0-82ca-8c3b4a441321" x-ms-artifact-checksum="3a60d50f689a83e4cfad1dcebb7194ccff0b95d0d1e81297d25eb606d3c3609c" X-ARR-LOG-ID="0dbf3c86-0c53-11f0-82ca-8c3b4a441321" CLIENT-IP="64.180.26.65:56962" X-SITE-DEPLOYMENT-ID="reading-road-voice-demo" WAS-DEFAULT-HOSTNAME="reading-road-voice-demo.scm.azurewebsites.net" X-Forwarded-Proto="https" X-AppService-Proto="https" X-Forwarded-TlsVersion="1.3" X-WAWS-Unencoded-URL="/api/publish?type=zip" X-Client-IP="64.180.26.65" X-Client-Port="56962" >
  <step title="OneDeploy" date="2025-03-29T04:05:37.715" >
    <step title="Starting PushDeployAsync" date="2025-03-29T04:05:37.718" /><!-- duration: 1ms -->
    <step title="Writing artifact to /tmp/zipdeploy/27bbe6ae-4d1b-476d-9226-0955e3f12cf9.zip" date="2025-03-29T04:05:37.747" >
      <step title="Writing multipart request body to /tmp/zipdeploy/27bbe6ae-4d1b-476d-9226-0955e3f12cf9.zip" date="2025-03-29T04:05:37.752" /><!-- duration: 2ms -->
    </step><!-- duration: 183ms -->
    <step title="Attempting to fetch target branch HEAD" date="2025-03-29T04:05:37.950" /><!-- duration: 11ms -->
    <step title="Acquiring Deployment Lock" date="2025-03-29T04:05:37.980" /><!-- duration: 3ms -->
    <step title="Acquired Deployment Lock" date="2025-03-29T04:05:38.038" /><!-- duration: 2ms -->
    <step title="Performing fetch based deployment" date="2025-03-29T04:05:38.044" >
      <step title="Creating temporary deployment" date="2025-03-29T04:05:38.051" /><!-- duration: 47ms -->
      <step title="Releasing Deployment Lock" date="2025-03-29T04:05:39.188" /><!-- duration: 2ms -->
      <step title="Cleaning up temp folders from previous zip deployments and extracting pushed zip file /tmp/zipdeploy/27bbe6ae-4d1b-476d-9226-0955e3f12cf9.zip (0.22 MB) to /tmp/zipdeploy/extracted" date="2025-03-29T04:05:39.210" >
        <step title="ChmodRecursive Process exited with total time taken in ms: 48" date="2025-03-29T04:05:39.347" /><!-- duration: 8ms -->
      </step><!-- duration: 174ms -->
      <step title="None repository commit" date="2025-03-29T04:05:39.386" >
        <step title="Commit id: 304aafe2-17c1-44ac-839c-3944f02cfeae" date="2025-03-29T04:05:39.394" Message="OneDeploy" AuthorName="N/A" AuthorEmail="N/A" /><!-- duration: 1ms -->
      </step><!-- duration: 18ms -->
      <step title="Deployment timer started" date="2025-03-29T04:05:41.408" >
        <step title="DeploymentManager.Deploy(id:304aafe2-17c1-44ac-839c-3944f02cfeae)" date="2025-03-29T04:05:41.411" >
          <step title="Collecting changeset information" date="2025-03-29T04:05:41.434" /><!-- duration: 76ms -->
          <step title="Updating submodules" date="2025-03-29T04:05:41.513" /><!-- duration: 1126ms -->
          <step title="Determining deployment builder" date="2025-03-29T04:05:42.796" >
            <step title="Builder is OryxBuilder" date="2025-03-29T04:05:42.803" /><!-- duration: 1ms -->
          </step><!-- duration: 9ms -->
          <step title="PreDeployment: context.CleanOutputPath False" date="2025-03-29T04:05:42.836" >
            <step title="PreDeployment: context.OutputPath /home/site/wwwroot" date="2025-03-29T04:05:42.923" >
              <step title="Building" date="2025-03-29T04:05:43.039" >
                <step title="Executing external process" date="2025-03-29T04:05:43.290" type="process" path="bash" arguments="-c &quot;oryx build /tmp/zipdeploy/extracted -o /home/site/wwwroot --platform nodejs --platform-version 18 -p virtualenv_name= --log-file /tmp/build-debug.log  -i /tmp/8dd6e76f987db63 -p compress_node_modules=tar-gz | tee /tmp/oryx-build.log ; exit $PIPESTATUS &quot;" >
                  <step title="Cpu: npm install(1447,39.800s)+build.sh(1364,0.050s)+oryx(1343,3.860s)+tee(1344,0.000s)+bash(1342,0.000s)=total(43.700s)" date="2025-03-29T04:06:51.772" /><!-- duration: 21ms -->
                  <step title="bash: no io activity for 61s, prev-cpu=-1.000s, current-cpu=43.700s" date="2025-03-29T04:06:51.840" /><!-- duration: 10ms -->
                  <step title="Cpu: npm install(1447,74.580s)+build.sh(1364,0.050s)+oryx(1343,4.240s)+tee(1344,0.000s)+bash(1342,0.000s)=total(78.870s)" date="2025-03-29T04:07:52.379" /><!-- duration: 28ms -->
                  <step title="bash: no io activity for 121s, prev-cpu=43.700s, current-cpu=78.870s" date="2025-03-29T04:07:52.436" /><!-- duration: 10ms -->
                  <step title="Process dump" date="2025-03-29T04:08:36.664" exitCode="1" type="processOutput" /><!-- duration: 3ms -->
                </step><!-- duration: 173388ms -->
                <step title="Error occurred" date="2025-03-29T04:08:36.730" type="error" text="&gt; Build error occurred
Error: &gt; Couldn&apos;t find any `pages` or `app` directory. Please create one under the project root
    at findPagesDir (/tmp/8dd6e76f987db63/node_modules/next/dist/lib/find-pages-dir.js:42:15)
    at /tmp/8dd6e76f987db63/node_modules/next/dist/build/index.js:406:73
    at async Span.traceAsyncFn (/tmp/8dd6e76f987db63/node_modules/next/dist/trace/trace.js:154:20)
    at async build (/tmp/8dd6e76f987db63/node_modules/next/dist/build/index.js:368:9)
/bin/bash -c &quot;oryx build /tmp/zipdeploy/extracted -o /home/site/wwwroot --platform nodejs --platform-version 18 -p virtualenv_name= --log-file /tmp/build-debug.log  -i /tmp/8dd6e76f987db63 -p compress_node_modules=tar-gz | tee /tmp/oryx-build.log ; exit $PIPESTATUS &quot;" stackTrace="   at Kudu.Core.Infrastructure.Executable.ExecuteInternal(ITracer tracer, Func`2 onWriteOutput, Func`2 onWriteError, CancellationToken token, Encoding encoding, String arguments, Object[] args) in /tmp/KuduLite/Kudu.Core/Infrastructure/Executable.cs:line 239
   at Kudu.Core.Infrastructure.Executable.ExecuteWithProgressWriter(ILogger logger, ITracer tracer, CancellationToken token, String arguments, Object[] args) in /tmp/KuduLite/Kudu.Core/Infrastructure/Executable.cs:line 118
   at Kudu.Core.Deployment.Generator.ExternalCommandBuilder.RunCommand(DeploymentContext context, String command, Boolean ignoreManifest, CancellationToken token, String message) in /tmp/KuduLite/Kudu.Core/Deployment/Generator/ExternalCommandBuilder.cs:line 115" /><!-- duration: 5ms -->
                <step title="Error occurred" date="2025-03-29T04:08:36.758" type="error" text="&gt; Build error occurred
Error: &gt; Couldn&apos;t find any `pages` or `app` directory. Please create one under the project root
    at findPagesDir (/tmp/8dd6e76f987db63/node_modules/next/dist/lib/find-pages-dir.js:42:15)
    at /tmp/8dd6e76f987db63/node_modules/next/dist/build/index.js:406:73
    at async Span.traceAsyncFn (/tmp/8dd6e76f987db63/node_modules/next/dist/trace/trace.js:154:20)
    at async build (/tmp/8dd6e76f987db63/node_modules/next/dist/build/index.js:368:9)
/bin/bash -c &quot;oryx build /tmp/zipdeploy/extracted -o /home/site/wwwroot --platform nodejs --platform-version 18 -p virtualenv_name= --log-file /tmp/build-debug.log  -i /tmp/8dd6e76f987db63 -p compress_node_modules=tar-gz | tee /tmp/oryx-build.log ; exit $PIPESTATUS &quot;" stackTrace="   at Kudu.Core.Infrastructure.Executable.ExecuteInternal(ITracer tracer, Func`2 onWriteOutput, Func`2 onWriteError, CancellationToken token, Encoding encoding, String arguments, Object[] args) in /tmp/KuduLite/Kudu.Core/Infrastructure/Executable.cs:line 239
   at Kudu.Core.Infrastructure.Executable.ExecuteWithProgressWriter(ILogger logger, ITracer tracer, CancellationToken token, String arguments, Object[] args) in /tmp/KuduLite/Kudu.Core/Infrastructure/Executable.cs:line 118
   at Kudu.Core.Deployment.Generator.ExternalCommandBuilder.RunCommand(DeploymentContext context, String command, Boolean ignoreManifest, CancellationToken token, String message) in /tmp/KuduLite/Kudu.Core/Deployment/Generator/ExternalCommandBuilder.cs:line 115
   at Kudu.Core.Deployment.Generator.OryxBuilder.RunBuildCommand(IOryxArguments args, DeploymentContext context, CancellationToken token) in /tmp/KuduLite/Kudu.Core/Deployment/Generator/OryxBuilder.cs:line 282
   at Kudu.Core.Deployment.Generator.OryxBuilder.Build(DeploymentContext context, CancellationToken token) in /tmp/KuduLite/Kudu.Core/Deployment/Generator/OryxBuilder.cs:line 119
   at Kudu.Core.Deployment.DeploymentManager.Build(ChangeSet changeSet, ITracer tracer, IDisposable deployStep, IRepository repository, DeploymentInfoBase deploymentInfo, DeploymentAnalytics deploymentAnalytics, Boolean fullBuildByDefault, CancellationToken cancellationToken) in /tmp/KuduLite/Kudu.Core/Deployment/DeploymentManager.cs:line 770" /><!-- duration: 2ms -->
                <step title="Using GenericDeploymentLogParser" date="2025-03-29T04:08:37.037" /><!-- duration: 6ms -->
                <step title="Purge deployment items" date="2025-03-29T04:08:38.122" >
                  <step title="Remove 2e4dda16-, Failed, received at 03/29/2025 04:02:27" date="2025-03-29T04:08:38.155" /><!-- duration: 1ms -->
                </step><!-- duration: 36ms -->
              </step><!-- duration: 175123ms -->
            </step><!-- duration: 175241ms -->
            <step title="Error occurred" date="2025-03-29T04:08:38.167" type="error" text="&gt; Build error occurred
Error: &gt; Couldn&apos;t find any `pages` or `app` directory. Please create one under the project root
    at findPagesDir (/tmp/8dd6e76f987db63/node_modules/next/dist/lib/find-pages-dir.js:42:15)
    at /tmp/8dd6e76f987db63/node_modules/next/dist/build/index.js:406:73
    at async Span.traceAsyncFn (/tmp/8dd6e76f987db63/node_modules/next/dist/trace/trace.js:154:20)
    at async build (/tmp/8dd6e76f987db63/node_modules/next/dist/build/index.js:368:9)
/bin/bash -c &quot;oryx build /tmp/zipdeploy/extracted -o /home/site/wwwroot --platform nodejs --platform-version 18 -p virtualenv_name= --log-file /tmp/build-debug.log  -i /tmp/8dd6e76f987db63 -p compress_node_modules=tar-gz | tee /tmp/oryx-build.log ; exit $PIPESTATUS &quot;" stackTrace="   at Kudu.Core.Infrastructure.Executable.ExecuteInternal(ITracer tracer, Func`2 onWriteOutput, Func`2 onWriteError, CancellationToken token, Encoding encoding, String arguments, Object[] args) in /tmp/KuduLite/Kudu.Core/Infrastructure/Executable.cs:line 239
   at Kudu.Core.Infrastructure.Executable.ExecuteWithProgressWriter(ILogger logger, ITracer tracer, CancellationToken token, String arguments, Object[] args) in /tmp/KuduLite/Kudu.Core/Infrastructure/Executable.cs:line 118
   at Kudu.Core.Deployment.Generator.ExternalCommandBuilder.RunCommand(DeploymentContext context, String command, Boolean ignoreManifest, CancellationToken token, String message) in /tmp/KuduLite/Kudu.Core/Deployment/Generator/ExternalCommandBuilder.cs:line 115
   at Kudu.Core.Deployment.Generator.OryxBuilder.RunBuildCommand(IOryxArguments args, DeploymentContext context, CancellationToken token) in /tmp/KuduLite/Kudu.Core/Deployment/Generator/OryxBuilder.cs:line 282
   at Kudu.Core.Deployment.Generator.OryxBuilder.Build(DeploymentContext context, CancellationToken token) in /tmp/KuduLite/Kudu.Core/Deployment/Generator/OryxBuilder.cs:line 119
   at Kudu.Core.Deployment.DeploymentManager.Build(ChangeSet changeSet, ITracer tracer, IDisposable deployStep, IRepository repository, DeploymentInfoBase deploymentInfo, DeploymentAnalytics deploymentAnalytics, Boolean fullBuildByDefault, CancellationToken cancellationToken) in /tmp/KuduLite/Kudu.Core/Deployment/DeploymentManager.cs:line 770
   at Kudu.Core.Deployment.DeploymentManager.Build(ChangeSet changeSet, ITracer tracer, IDisposable deployStep, IRepository repository, DeploymentInfoBase deploymentInfo, DeploymentAnalytics deploymentAnalytics, Boolean fullBuildByDefault, CancellationToken cancellationToken) in /tmp/KuduLite/Kudu.Core/Deployment/DeploymentManager.cs:line 839" /><!-- duration: 5ms -->
            <step title="Cleaning up temp files" date="2025-03-29T04:08:38.213" /><!-- duration: 4986ms -->
            <step title="Cleaning up temp files" date="2025-03-29T04:08:43.204" /><!-- duration: 509ms -->
            <step title="Error occurred" date="2025-03-29T04:08:43.734" type="error" text="&gt; Build error occurred
Error: &gt; Couldn&apos;t find any `pages` or `app` directory. Please create one under the project root
    at findPagesDir (/tmp/8dd6e76f987db63/node_modules/next/dist/lib/find-pages-dir.js:42:15)
    at /tmp/8dd6e76f987db63/node_modules/next/dist/build/index.js:406:73
    at async Span.traceAsyncFn (/tmp/8dd6e76f987db63/node_modules/next/dist/trace/trace.js:154:20)
    at async build (/tmp/8dd6e76f987db63/node_modules/next/dist/build/index.js:368:9)
/bin/bash -c &quot;oryx build /tmp/zipdeploy/extracted -o /home/site/wwwroot --platform nodejs --platform-version 18 -p virtualenv_name= --log-file /tmp/build-debug.log  -i /tmp/8dd6e76f987db63 -p compress_node_modules=tar-gz | tee /tmp/oryx-build.log ; exit $PIPESTATUS &quot;" stackTrace="   at Kudu.Core.Infrastructure.Executable.ExecuteInternal(ITracer tracer, Func`2 onWriteOutput, Func`2 onWriteError, CancellationToken token, Encoding encoding, String arguments, Object[] args) in /tmp/KuduLite/Kudu.Core/Infrastructure/Executable.cs:line 239
   at Kudu.Core.Infrastructure.Executable.ExecuteWithProgressWriter(ILogger logger, ITracer tracer, CancellationToken token, String arguments, Object[] args) in /tmp/KuduLite/Kudu.Core/Infrastructure/Executable.cs:line 118
   at Kudu.Core.Deployment.Generator.ExternalCommandBuilder.RunCommand(DeploymentContext context, String command, Boolean ignoreManifest, CancellationToken token, String message) in /tmp/KuduLite/Kudu.Core/Deployment/Generator/ExternalCommandBuilder.cs:line 115
   at Kudu.Core.Deployment.Generator.OryxBuilder.RunBuildCommand(IOryxArguments args, DeploymentContext context, CancellationToken token) in /tmp/KuduLite/Kudu.Core/Deployment/Generator/OryxBuilder.cs:line 282
   at Kudu.Core.Deployment.Generator.OryxBuilder.Build(DeploymentContext context, CancellationToken token) in /tmp/KuduLite/Kudu.Core/Deployment/Generator/OryxBuilder.cs:line 119
   at Kudu.Core.Deployment.DeploymentManager.Build(ChangeSet changeSet, ITracer tracer, IDisposable deployStep, IRepository repository, DeploymentInfoBase deploymentInfo, DeploymentAnalytics deploymentAnalytics, Boolean fullBuildByDefault, CancellationToken cancellationToken) in /tmp/KuduLite/Kudu.Core/Deployment/DeploymentManager.cs:line 770
   at Kudu.Core.Deployment.DeploymentManager.Build(ChangeSet changeSet, ITracer tracer, IDisposable deployStep, IRepository repository, DeploymentInfoBase deploymentInfo, DeploymentAnalytics deploymentAnalytics, Boolean fullBuildByDefault, CancellationToken cancellationToken) in /tmp/KuduLite/Kudu.Core/Deployment/DeploymentManager.cs:line 839
   at Kudu.Core.Deployment.DeploymentManager.DeployAsync(IRepository repository, ChangeSet changeSet, String deployer, Boolean clean, DeploymentInfoBase deploymentInfo, Boolean needFileUpdate, Boolean fullBuildByDefault) in /tmp/KuduLite/Kudu.Core/Deployment/DeploymentManager.cs:line 266" /><!-- duration: 5ms -->
          </step><!-- duration: 180911ms -->
          <step title="Reloading status file with latest updates" date="2025-03-29T04:08:43.784" >
            <step title="WebHooksManager.PublishEventAsync: PostDeployment" date="2025-03-29T04:08:43.791" /><!-- duration: 32ms -->
          </step><!-- duration: 41ms -->
          <step title="Error occurred" date="2025-03-29T04:08:43.827" type="error" text="&gt; Build error occurred
Error: &gt; Couldn&apos;t find any `pages` or `app` directory. Please create one under the project root
    at findPagesDir (/tmp/8dd6e76f987db63/node_modules/next/dist/lib/find-pages-dir.js:42:15)
    at /tmp/8dd6e76f987db63/node_modules/next/dist/build/index.js:406:73
    at async Span.traceAsyncFn (/tmp/8dd6e76f987db63/node_modules/next/dist/trace/trace.js:154:20)
    at async build (/tmp/8dd6e76f987db63/node_modules/next/dist/build/index.js:368:9)
/bin/bash -c &quot;oryx build /tmp/zipdeploy/extracted -o /home/site/wwwroot --platform nodejs --platform-version 18 -p virtualenv_name= --log-file /tmp/build-debug.log  -i /tmp/8dd6e76f987db63 -p compress_node_modules=tar-gz | tee /tmp/oryx-build.log ; exit $PIPESTATUS &quot;" stackTrace="   at Kudu.Core.Infrastructure.Executable.ExecuteInternal(ITracer tracer, Func`2 onWriteOutput, Func`2 onWriteError, CancellationToken token, Encoding encoding, String arguments, Object[] args) in /tmp/KuduLite/Kudu.Core/Infrastructure/Executable.cs:line 239
   at Kudu.Core.Infrastructure.Executable.ExecuteWithProgressWriter(ILogger logger, ITracer tracer, CancellationToken token, String arguments, Object[] args) in /tmp/KuduLite/Kudu.Core/Infrastructure/Executable.cs:line 118
   at Kudu.Core.Deployment.Generator.ExternalCommandBuilder.RunCommand(DeploymentContext context, String command, Boolean ignoreManifest, CancellationToken token, String message) in /tmp/KuduLite/Kudu.Core/Deployment/Generator/ExternalCommandBuilder.cs:line 115
   at Kudu.Core.Deployment.Generator.OryxBuilder.RunBuildCommand(IOryxArguments args, DeploymentContext context, CancellationToken token) in /tmp/KuduLite/Kudu.Core/Deployment/Generator/OryxBuilder.cs:line 282
   at Kudu.Core.Deployment.Generator.OryxBuilder.Build(DeploymentContext context, CancellationToken token) in /tmp/KuduLite/Kudu.Core/Deployment/Generator/OryxBuilder.cs:line 119
   at Kudu.Core.Deployment.DeploymentManager.Build(ChangeSet changeSet, ITracer tracer, IDisposable deployStep, IRepository repository, DeploymentInfoBase deploymentInfo, DeploymentAnalytics deploymentAnalytics, Boolean fullBuildByDefault, CancellationToken cancellationToken) in /tmp/KuduLite/Kudu.Core/Deployment/DeploymentManager.cs:line 770
   at Kudu.Core.Deployment.DeploymentManager.Build(ChangeSet changeSet, ITracer tracer, IDisposable deployStep, IRepository repository, DeploymentInfoBase deploymentInfo, DeploymentAnalytics deploymentAnalytics, Boolean fullBuildByDefault, CancellationToken cancellationToken) in /tmp/KuduLite/Kudu.Core/Deployment/DeploymentManager.cs:line 839
   at Kudu.Core.Deployment.DeploymentManager.DeployAsync(IRepository repository, ChangeSet changeSet, String deployer, Boolean clean, DeploymentInfoBase deploymentInfo, Boolean needFileUpdate, Boolean fullBuildByDefault) in /tmp/KuduLite/Kudu.Core/Deployment/DeploymentManager.cs:line 266" /><!-- duration: 2ms -->
          <step title="Marking deployment as failed and cleaning up the temp deployment" date="2025-03-29T04:08:43.878" /><!-- duration: 2ms -->
        </step><!-- duration: 182564ms -->
      </step><!-- duration: 182573ms -->
      <step title="Error occurred" date="2025-03-29T04:08:44.018" type="error" text="Deployment failed" stackTrace="   at Kudu.Core.Deployment.DeploymentManager.DeployAsync(IRepository repository, ChangeSet changeSet, String deployer, Boolean clean, DeploymentInfoBase deploymentInfo, Boolean needFileUpdate, Boolean fullBuildByDefault) in /tmp/KuduLite/Kudu.Core/Deployment/DeploymentManager.cs:line 307
   at Kudu.Core.Deployment.FetchDeploymentManager.PerformDeployment(DeploymentInfoBase deploymentInfo, IDisposable tempDeployment, ChangeSet tempChangeSet, DeployStatusApiResult updateStatusObj) in /tmp/KuduLite/Kudu.Core/Deployment/FetchDeploymentManager.cs:line 230
   at Kudu.Core.Deployment.FetchDeploymentManager.&lt;&gt;c__DisplayClass17_0.&lt;&lt;FetchDeploy&gt;b__0&gt;d.MoveNext() in /tmp/KuduLite/Kudu.Core/Deployment/FetchDeploymentManager.cs:line 131
--- End of stack trace from previous location ---
   at Kudu.Core.Deployment.FetchDeploymentManager.FetchDeploy(DeploymentInfoBase deployInfo, Boolean asyncRequested, Uri requestUri, String targetBranch) in /tmp/KuduLite/Kudu.Core/Deployment/FetchDeploymentManager.cs:line 124
   at Kudu.Services.Deployment.PushDeploymentController.PushDeployAsync(ArtifactDeploymentInfo deploymentInfo, Boolean isAsync, HttpContext context, JObject requestJson) in /tmp/KuduLite/Kudu.Services/Deployment/PushDeploymentController.cs:line 785
   at Kudu.Services.Deployment.PushDeploymentController.OneDeploy(String type, Boolean async, String path, Nullable`1 restart, Nullable`1 clean, Boolean ignoreStack, Boolean trackDeploymentProgress, Boolean trackStatus, Boolean reset) in /tmp/KuduLite/Kudu.Services/Deployment/PushDeploymentController.cs:line 623
   at Microsoft.AspNetCore.Mvc.Infrastructure.ActionMethodExecutor.TaskOfIActionResultExecutor.Execute(IActionResultTypeMapper mapper, ObjectMethodExecutor executor, Object controller, Object[] arguments)
   at Microsoft.AspNetCore.Mvc.Infrastructure.ControllerActionInvoker.&lt;InvokeActionMethodAsync&gt;g__Awaited|12_0(ControllerActionInvoker invoker, ValueTask`1 actionResultValueTask)
   at Microsoft.AspNetCore.Mvc.Infrastructure.ControllerActionInvoker.&lt;InvokeNextActionFilterAsync&gt;g__Awaited|10_0(ControllerActionInvoker invoker, Task lastTask, State next, Scope scope, Object state, Boolean isCompleted)
   at Microsoft.AspNetCore.Mvc.Infrastructure.ControllerActionInvoker.Rethrow(ActionExecutedContextSealed context)
   at Microsoft.AspNetCore.Mvc.Infrastructure.ControllerActionInvoker.Next(State&amp; next, Scope&amp; scope, Object&amp; state, Boolean&amp; isCompleted)
   at Microsoft.AspNetCore.Mvc.Infrastructure.ControllerActionInvoker.&lt;InvokeInnerFilterAsync&gt;g__Awaited|13_0(ControllerActionInvoker invoker, Task lastTask, State next, Scope scope, Object state, Boolean isCompleted)
   at Microsoft.AspNetCore.Mvc.Infrastructure.ResourceInvoker.&lt;InvokeNextResourceFilter&gt;g__Awaited|25_0(ResourceInvoker invoker, Task lastTask, State next, Scope scope, Object state, Boolean isCompleted)
   at Microsoft.AspNetCore.Mvc.Infrastructure.ResourceInvoker.Rethrow(ResourceExecutedContextSealed context)
   at Microsoft.AspNetCore.Mvc.Infrastructure.ResourceInvoker.Next(State&amp; next, Scope&amp; scope, Object&amp; state, Boolean&amp; isCompleted)
   at Microsoft.AspNetCore.Mvc.Infrastructure.ResourceInvoker.&lt;InvokeFilterPipelineAsync&gt;g__Awaited|20_0(ResourceInvoker invoker, Task lastTask, State next, Scope scope, Object state, Boolean isCompleted)
   at Microsoft.AspNetCore.Mvc.Infrastructure.ResourceInvoker.&lt;InvokeAsync&gt;g__Awaited|17_0(ResourceInvoker invoker, Task task, IDisposable scope)
   at Microsoft.AspNetCore.Mvc.Infrastructure.ResourceInvoker.&lt;InvokeAsync&gt;g__Awaited|17_0(ResourceInvoker invoker, Task task, IDisposable scope)
   at Microsoft.AspNetCore.Builder.RouterMiddleware.Invoke(HttpContext httpContext)
   at Kudu.Services.Web.Tracing.TraceMiddleware.Invoke(HttpContext context) in /tmp/KuduLite/Kudu.Services.Web/Tracing/TraceMiddleware.cs:line 111" innerText="&gt; Build error occurred
Error: &gt; Couldn&apos;t find any `pages` or `app` directory. Please create one under the project root
    at findPagesDir (/tmp/8dd6e76f987db63/node_modules/next/dist/lib/find-pages-dir.js:42:15)
    at /tmp/8dd6e76f987db63/node_modules/next/dist/build/index.js:406:73
    at async Span.traceAsyncFn (/tmp/8dd6e76f987db63/node_modules/next/dist/trace/trace.js:154:20)
    at async build (/tmp/8dd6e76f987db63/node_modules/next/dist/build/index.js:368:9)
/bin/bash -c &quot;oryx build /tmp/zipdeploy/extracted -o /home/site/wwwroot --platform nodejs --platform-version 18 -p virtualenv_name= --log-file /tmp/build-debug.log  -i /tmp/8dd6e76f987db63 -p compress_node_modules=tar-gz | tee /tmp/oryx-build.log ; exit $PIPESTATUS &quot;" innerStackTrace="   at Kudu.Core.Infrastructure.Executable.ExecuteInternal(ITracer tracer, Func`2 onWriteOutput, Func`2 onWriteError, CancellationToken token, Encoding encoding, String arguments, Object[] args) in /tmp/KuduLite/Kudu.Core/Infrastructure/Executable.cs:line 239
   at Kudu.Core.Infrastructure.Executable.ExecuteWithProgressWriter(ILogger logger, ITracer tracer, CancellationToken token, String arguments, Object[] args) in /tmp/KuduLite/Kudu.Core/Infrastructure/Executable.cs:line 118
   at Kudu.Core.Deployment.Generator.ExternalCommandBuilder.RunCommand(DeploymentContext context, String command, Boolean ignoreManifest, CancellationToken token, String message) in /tmp/KuduLite/Kudu.Core/Deployment/Generator/ExternalCommandBuilder.cs:line 115
   at Kudu.Core.Deployment.Generator.OryxBuilder.RunBuildCommand(IOryxArguments args, DeploymentContext context, CancellationToken token) in /tmp/KuduLite/Kudu.Core/Deployment/Generator/OryxBuilder.cs:line 282
   at Kudu.Core.Deployment.Generator.OryxBuilder.Build(DeploymentContext context, CancellationToken token) in /tmp/KuduLite/Kudu.Core/Deployment/Generator/OryxBuilder.cs:line 119
   at Kudu.Core.Deployment.DeploymentManager.Build(ChangeSet changeSet, ITracer tracer, IDisposable deployStep, IRepository repository, DeploymentInfoBase deploymentInfo, DeploymentAnalytics deploymentAnalytics, Boolean fullBuildByDefault, CancellationToken cancellationToken) in /tmp/KuduLite/Kudu.Core/Deployment/DeploymentManager.cs:line 770
   at Kudu.Core.Deployment.DeploymentManager.Build(ChangeSet changeSet, ITracer tracer, IDisposable deployStep, IRepository repository, DeploymentInfoBase deploymentInfo, DeploymentAnalytics deploymentAnalytics, Boolean fullBuildByDefault, CancellationToken cancellationToken) in /tmp/KuduLite/Kudu.Core/Deployment/DeploymentManager.cs:line 839
   at Kudu.Core.Deployment.DeploymentManager.DeployAsync(IRepository repository, ChangeSet changeSet, String deployer, Boolean clean, DeploymentInfoBase deploymentInfo, Boolean needFileUpdate, Boolean fullBuildByDefault) in /tmp/KuduLite/Kudu.Core/Deployment/DeploymentManager.cs:line 266" /><!-- duration: 8ms -->
      <step title="Incoming Request" date="2025-03-29T04:08:44.059" url="/Error?type=zip" method="POST" type="request" pid="767,1,18" Accept="*/*" Host="reading-road-voice-demo.scm.azurewebsites.net" User-Agent="AZURECLI/2.70.0 (MSI)" Accept-Encoding="gzip, deflate" Authorization="Bas..." Cache-Control="no-cache" Content-Type="application/octet-stream" Cookie="ARRAffinity=9f55e46e3d2054f2a574cbda6605e6df0484dc3b864373ea25829a5320264660; ARRAffinitySameSite=9f55e46e3d2054f2a574cbda6605e6df0484dc3b864373ea25829a5320264660" Content-Length="232758" x-ms-client-request-id="0dbf3c86-0c53-11f0-82ca-8c3b4a441321" x-ms-artifact-checksum="3a60d50f689a83e4cfad1dcebb7194ccff0b95d0d1e81297d25eb606d3c3609c" X-ARR-LOG-ID="0dbf3c86-0c53-11f0-82ca-8c3b4a441321" CLIENT-IP="64.180.26.65:56962" X-SITE-DEPLOYMENT-ID="reading-road-voice-demo" WAS-DEFAULT-HOSTNAME="reading-road-voice-demo.scm.azurewebsites.net" X-Forwarded-Proto="https" X-AppService-Proto="https" X-Forwarded-TlsVersion="1.3" X-WAWS-Unencoded-URL="/api/publish?type=zip" X-Client-IP="64.180.26.65" X-Client-Port="56962" >
        <step title="Outgoing response" date="2025-03-29T04:08:44.085" type="response" statusCode="400" statusText="BadRequest" /><!-- duration: 2ms -->
      </step><!-- duration: 31ms -->
