<step title="Incoming Request" date="2025-03-29T05:28:13.790" instance="9f55e4" url="/reading-road-voice-demo.git/info/refs?service=git-upload-pack" method="GET" type="request" pid="768,1,7" Accept="*/*" Host="reading-road-voice-demo.scm.azurewebsites.net" User-Agent="git/2.47.0.windows.2 (Windows 11 Pro 10.0.22621; win32 x64) vscode/1.96.2 (Cursor)" Accept-Encoding="deflate, gzip, br, zstd" Authorization="Bas..." Pragma="no-cache" git-protocol="version=2" X-ARR-LOG-ID="b3ea1e75-a66a-4f73-bd74-a062fab88601" CLIENT-IP="64.180.26.65:60021" X-SITE-DEPLOYMENT-ID="reading-road-voice-demo" WAS-DEFAULT-HOSTNAME="reading-road-voice-demo.scm.azurewebsites.net" X-Forwarded-Proto="https" X-AppService-Proto="https" X-Forwarded-TlsVersion="1.3" X-WAWS-Unencoded-URL="/reading-road-voice-demo.git/info/refs?service=git-upload-pack" X-Client-IP="64.180.26.65" X-Client-Port="60021" >
  <step title="Cleanup Xml Logs" date="2025-03-29T05:28:13.792" >
    <step title="Cleanup Infos" date="2025-03-29T05:28:13.803" totalFiles="421" totalCleanup="261" /><!-- duration: 2ms -->
  </step><!-- duration: 14ms -->
  <step title="InfoRefsService.Execute" date="2025-03-29T05:28:13.819" >
    <step title="Executing external process" date="2025-03-29T05:28:13.829" type="process" path="git" arguments="rev-parse --git-dir" /><!-- duration: 26ms -->
    <step title="Assuming git repository at /home/site/repository" date="2025-03-29T05:28:13.859" /><!-- duration: 2ms -->
    <step title="InfoRefsService.SmartInfoRefs" date="2025-03-29T05:28:13.863" >
      <step title="Executing external process" date="2025-03-29T05:28:13.870" type="process" path="git" arguments="rev-parse --git-dir" /><!-- duration: 19ms -->
      <step title="Assuming git repository at /home/site/repository" date="2025-03-29T05:28:13.900" /><!-- duration: 1ms -->
      <step title="GitExeServer.AdvertiseUploadPack" date="2025-03-29T05:28:13.911" >
        <step title="Executing external process" date="2025-03-29T05:28:13.918" type="process" path="git" arguments="upload-pack --stateless-rpc --advertise-refs &quot;/home/site/repository&quot;" /><!-- duration: 49ms -->
      </step><!-- duration: 58ms -->
      <step title="Writing 288 bytes" date="2025-03-29T05:28:13.970" /><!-- duration: 1ms -->
    </step><!-- duration: 109ms -->
  </step><!-- duration: 155ms -->
  <step title="Outgoing response" date="2025-03-29T05:28:13.986" type="response" statusCode="200" statusText="OK" /><!-- duration: 2ms -->
</step><!-- duration: 206ms -->
