<step title="Incoming Request" date="2025-03-29T04:43:26.042" instance="9f55e4" url="/reading-road-voice-demo.git/info/refs?service=git-upload-pack" method="GET" type="request" pid="767,1,32" Accept="*/*" Host="reading-road-voice-demo.scm.azurewebsites.net" User-Agent="git/2.47.0.windows.2 (Windows 11 Pro 10.0.22621; win32 x64) vscode/1.96.2 (Cursor)" Accept-Encoding="deflate, gzip, br, zstd" Authorization="Bas..." Pragma="no-cache" git-protocol="version=2" X-ARR-LOG-ID="fd789c70-31d5-4a0e-8ee4-384b6c26837f" CLIENT-IP="64.180.26.65:58316" X-SITE-DEPLOYMENT-ID="reading-road-voice-demo" WAS-DEFAULT-HOSTNAME="reading-road-voice-demo.scm.azurewebsites.net" X-Forwarded-Proto="https" X-AppService-Proto="https" X-Forwarded-TlsVersion="1.3" X-WAWS-Unencoded-URL="/reading-road-voice-demo.git/info/refs?service=git-upload-pack" X-Client-IP="64.180.26.65" X-Client-Port="58316" >
  <step title="Cleanup Xml Logs" date="2025-03-29T04:43:26.056" >
    <step title="Cleanup Infos" date="2025-03-29T04:43:26.086" totalFiles="362" totalCleanup="202" /><!-- duration: 9ms -->
  </step><!-- duration: 41ms -->
  <step title="InfoRefsService.Execute" date="2025-03-29T04:43:26.107" >
    <step title="Executing external process" date="2025-03-29T04:43:26.145" type="process" path="git" arguments="rev-parse --git-dir" /><!-- duration: 92ms -->
    <step title="Assuming git repository at /home/site/repository" date="2025-03-29T04:43:26.246" /><!-- duration: 1ms -->
    <step title="InfoRefsService.SmartInfoRefs" date="2025-03-29T04:43:26.256" >
      <step title="Executing external process" date="2025-03-29T04:43:26.296" type="process" path="git" arguments="rev-parse --git-dir" /><!-- duration: 31ms -->
      <step title="Assuming git repository at /home/site/repository" date="2025-03-29T04:43:26.337" /><!-- duration: 1ms -->
      <step title="GitExeServer.AdvertiseUploadPack" date="2025-03-29T04:43:26.366" >
        <step title="Executing external process" date="2025-03-29T04:43:26.368" type="process" path="git" arguments="upload-pack --stateless-rpc --advertise-refs &quot;/home/site/repository&quot;" /><!-- duration: 179ms -->
      </step><!-- duration: 183ms -->
      <step title="Writing 288 bytes" date="2025-03-29T04:43:26.570" /><!-- duration: 68ms -->
    </step><!-- duration: 384ms -->
  </step><!-- duration: 540ms -->
  <step title="Outgoing response" date="2025-03-29T04:43:26.697" type="response" statusCode="200" statusText="OK" /><!-- duration: 2ms -->
</step><!-- duration: 666ms -->
