<step title="Incoming Request" date="2025-03-29T04:01:20.809" instance="9f55e4" url="/reading-road-voice-demo.git/info/refs?service=git-upload-pack" method="GET" type="request" pid="767,1,7" Accept="*/*" Host="reading-road-voice-demo.scm.azurewebsites.net" User-Agent="git/2.47.0.windows.2 (Windows 11 Pro 10.0.22621; win32 x64) vscode/1.96.2 (Cursor)" Accept-Encoding="deflate, gzip, br, zstd" Authorization="Bas..." Pragma="no-cache" git-protocol="version=2" X-ARR-LOG-ID="7fea92a1-6dc4-491c-98b8-88db4307dac5" CLIENT-IP="64.180.26.65:56807" X-SITE-DEPLOYMENT-ID="reading-road-voice-demo" WAS-DEFAULT-HOSTNAME="reading-road-voice-demo.scm.azurewebsites.net" X-Forwarded-Proto="https" X-AppService-Proto="https" X-Forwarded-TlsVersion="1.3" X-WAWS-Unencoded-URL="/reading-road-voice-demo.git/info/refs?service=git-upload-pack" X-Client-IP="64.180.26.65" X-Client-Port="56807" >
  <step title="Cleanup Xml Logs" date="2025-03-29T04:01:20.819" >
    <step title="Cleanup Infos" date="2025-03-29T04:01:20.839" totalFiles="336" totalCleanup="176" /><!-- duration: 18ms -->
  </step><!-- duration: 40ms -->
  <step title="InfoRefsService.Execute" date="2025-03-29T04:01:20.900" >
    <step title="Executing external process" date="2025-03-29T04:01:20.932" type="process" path="git" arguments="rev-parse --git-dir" /><!-- duration: 45ms -->
    <step title="Assuming git repository at /home/site/repository" date="2025-03-29T04:01:20.984" /><!-- duration: 2ms -->
    <step title="InfoRefsService.SmartInfoRefs" date="2025-03-29T04:01:20.990" >
      <step title="Executing external process" date="2025-03-29T04:01:20.998" type="process" path="git" arguments="rev-parse --git-dir" /><!-- duration: 16ms -->
      <step title="Assuming git repository at /home/site/repository" date="2025-03-29T04:01:21.015" /><!-- duration: 1ms -->
      <step title="GitExeServer.AdvertiseUploadPack" date="2025-03-29T04:01:21.023" >
        <step title="Executing external process" date="2025-03-29T04:01:21.025" type="process" path="git" arguments="upload-pack --stateless-rpc --advertise-refs &quot;/home/site/repository&quot;" /><!-- duration: 29ms -->
      </step><!-- duration: 32ms -->
      <step title="Writing 288 bytes" date="2025-03-29T04:01:21.057" /><!-- duration: 1ms -->
    </step><!-- duration: 72ms -->
  </step><!-- duration: 163ms -->
  <step title="Outgoing response" date="2025-03-29T04:01:21.073" type="response" statusCode="200" statusText="OK" /><!-- duration: 1ms -->
</step><!-- duration: 266ms -->
