<step title="Incoming Request" date="2025-03-29T05:10:30.318" instance="9f55e4" url="/api/publish?type=zip" method="POST" type="request" pid="767,1,36" Accept="*/*" Host="reading-road-voice-demo.scm.azurewebsites.net" User-Agent="AZURECLI/2.70.0 (MSI)" Accept-Encoding="gzip, deflate" Authorization="Bas..." Cache-Control="no-cache" Content-Type="application/octet-stream" Cookie="ARRAffinity=9f55e46e3d2054f2a574cbda6605e6df0484dc3b864373ea25829a5320264660; ARRAffinitySameSite=9f55e46e3d2054f2a574cbda6605e6df0484dc3b864373ea25829a5320264660" Content-Length="26206336" x-ms-client-request-id="1c86aed2-0c5c-11f0-b4c5-8c3b4a441321" x-ms-artifact-checksum="577bf92a810fcf15d5966c79106192d5c14def35d0cf880ba3e1651330e57877" X-ARR-LOG-ID="1c86aed2-0c5c-11f0-b4c5-8c3b4a441321" CLIENT-IP="64.180.26.65:58957" X-SITE-DEPLOYMENT-ID="reading-road-voice-demo" WAS-DEFAULT-HOSTNAME="reading-road-voice-demo.scm.azurewebsites.net" X-Forwarded-Proto="https" X-AppService-Proto="https" X-Forwarded-TlsVersion="1.3" X-WAWS-Unencoded-URL="/api/publish?type=zip" X-Client-IP="64.180.26.65" X-Client-Port="58957" >
  <step title="OneDeploy" date="2025-03-29T05:10:30.725" >
    <step title="Starting PushDeployAsync" date="2025-03-29T05:10:30.794" /><!-- duration: 7ms -->
    <step title="Writing artifact to /tmp/zipdeploy/6db16b47-dcd7-4065-8b61-4446941d3713.zip" date="2025-03-29T05:10:31.019" >
      <step title="Writing multipart request body to /tmp/zipdeploy/6db16b47-dcd7-4065-8b61-4446941d3713.zip" date="2025-03-29T05:10:31.029" /><!-- duration: 20ms -->
    </step><!-- duration: 9778ms -->
    <step title="Attempting to fetch target branch HEAD" date="2025-03-29T05:10:41.028" /><!-- duration: 8ms -->
    <step title="Acquiring Deployment Lock" date="2025-03-29T05:10:41.058" /><!-- duration: 18ms -->
    <step title="Cannot Acquire Deployment Lock already held" date="2025-03-29T05:10:41.097" /><!-- duration: 1ms -->
    <step title="There is a deployment currently in progress. Please try again when it completes." date="2025-03-29T05:10:41.157" /><!-- duration: 1ms -->
  </step><!-- duration: 10481ms -->
  <step title="Outgoing response" date="2025-03-29T05:10:41.257" type="response" statusCode="409" statusText="Conflict" /><!-- duration: 20ms -->
</step><!-- duration: 10978ms -->
