<step title="Incoming Request" date="2025-03-29T03:47:43.733" instance="9f55e4" url="/api/zipdeploy?isAsync=true" method="POST" type="request" pid="767,1,7" Accept="*/*" Host="reading-road-voice-demo.scm.azurewebsites.net" User-Agent="AZURECLI/2.70.0 (MSI)" Accept-Encoding="gzip, deflate" Authorization="Bas..." Cache-Control="no-cache" Content-Type="application/octet-stream" Cookie="ARRAffinity=9f55e46e3d2054f2a574cbda6605e6df0484dc3b864373ea25829a5320264660; ARRAffinitySameSite=9f55e46e3d2054f2a574cbda6605e6df0484dc3b864373ea25829a5320264660" Content-Length="387243591" x-ms-client-request-id="71d0398d-0c50-11f0-9584-8c3b4a441321" x-ms-artifact-checksum="07a4b8bd5ea142fc8e6af2b914858e04af9e6f6c3e95fcd3bc7065076b9e2f4d" X-ARR-LOG-ID="71d0398d-0c50-11f0-9584-8c3b4a441321" CLIENT-IP="64.180.26.65:56471" X-SITE-DEPLOYMENT-ID="reading-road-voice-demo" WAS-DEFAULT-HOSTNAME="reading-road-voice-demo.scm.azurewebsites.net" X-Forwarded-Proto="https" X-AppService-Proto="https" X-Forwarded-TlsVersion="1.3" X-WAWS-Unencoded-URL="/api/zipdeploy?isAsync=true" X-Client-IP="64.180.26.65" X-Client-Port="56471" >
  <step title="ZipPushDeploy" date="2025-03-29T03:47:43.805" >
    <step title="ZipDeploy. Extract zip. Remote build." date="2025-03-29T03:47:43.818" /><!-- duration: 1ms -->
    <step title="None repository commit" date="2025-03-29T03:47:43.826" >
      <step title="Commit id: caa64a42-790e-48d4-bb53-5448c4222ed6" date="2025-03-29T03:47:43.828" Message="N/A" AuthorName="N/A" AuthorEmail="N/A" /><!-- duration: 6ms -->
    </step><!-- duration: 9ms -->
    <step title="Starting PushDeployAsync" date="2025-03-29T03:47:43.836" /><!-- duration: 1ms -->
    <step title="Writing artifact to /tmp/zipdeploy/30e3dc4a-4850-4f72-b185-1d4b3086eb1f.zip" date="2025-03-29T03:47:43.875" >
      <step title="Writing multipart request body to /tmp/zipdeploy/30e3dc4a-4850-4f72-b185-1d4b3086eb1f.zip" date="2025-03-29T03:47:43.884" /><!-- duration: 2ms -->
    </step><!-- duration: 39593ms -->
    <step title="Start deployment in the background" date="2025-03-29T03:48:23.481" >
      <step title="Acquiring Deployment Lock" date="2025-03-29T03:48:23.518" /><!-- duration: 18ms -->
      <step title="Acquired Deployment Lock" date="2025-03-29T03:48:23.568" /><!-- duration: 3ms -->
    </step><!-- duration: 165ms -->
  </step><!-- duration: 39858ms -->
  <step title="Outgoing response" date="2025-03-29T03:48:23.685" type="response" statusCode="202" statusText="Accepted" /><!-- duration: 10ms -->
</step><!-- duration: 39963ms -->
