<step title="Incoming Request" date="2025-03-29T03:20:26.046" instance="9f55e4" url="/api/deployments/latest" method="GET" type="request" pid="772,1,5" Accept="*/*" Host="reading-road-voice-demo.scm.azurewebsites.net" User-Agent="AZURECLI/2.70.0 (MSI)" Accept-Encoding="gzip, deflate" Authorization="Bas..." x-ms-client-request-id="a137dcf4-0c4c-11f0-9faa-8c3b4a441321" X-ARR-LOG-ID="a137dcf4-0c4c-11f0-9faa-8c3b4a441321" CLIENT-IP="216.232.132.69:55920" X-SITE-DEPLOYMENT-ID="reading-road-voice-demo" WAS-DEFAULT-HOSTNAME="reading-road-voice-demo.scm.azurewebsites.net" X-Forwarded-Proto="https" X-AppService-Proto="https" X-Forwarded-TlsVersion="1.3" X-WAWS-Unencoded-URL="/api/deployments/latest" X-Client-IP="216.232.132.69" X-Client-Port="55920" >
  <step title="Cleanup Xml Logs" date="2025-03-29T03:20:26.074" >
    <step title="Cleanup Infos" date="2025-03-29T03:20:26.092" totalFiles="260" totalCleanup="100" /><!-- duration: 9ms -->
  </step><!-- duration: 28ms -->
  <step title="DeploymentService.GetResult" date="2025-03-29T03:20:26.283" >
    <step title="DeploymentService.GetLatestDeployment" date="2025-03-29T03:20:26.323" >
      <step title="DeploymentManager.GetResults" date="2025-03-29T03:20:26.334" /><!-- duration: 616ms -->
      <step title="Deployment temp-a2660c2d is Pending" date="2025-03-29T03:20:26.952" /><!-- duration: 16ms -->
    </step><!-- duration: 647ms -->
    <step title="Redirecting to latest deployment: https://reading-road-voice-demo.scm.azurewebsites.net/api/deployments/latest" date="2025-03-29T03:20:26.971" /><!-- duration: 20ms -->
  </step><!-- duration: 717ms -->
  <step title="Outgoing response" date="2025-03-29T03:20:27.017" type="response" statusCode="202" statusText="Accepted" /><!-- duration: 3ms -->
</step><!-- duration: 980ms -->
