<step title="BackgroundTrace" date="2025-03-29T03:48:23.488" instance="9f55e4" url="/api/zipdeploy" method="POST" >
  <step title="Cleanup Xml Logs" date="2025-03-29T03:48:23.490" >
    <step title="Cleanup Infos" date="2025-03-29T03:48:23.501" totalFiles="296" totalCleanup="136" /><!-- duration: 6ms -->
  </step><!-- duration: 19ms -->
  <step title="Creating temporary deployment - FetchDeploymentManager" date="2025-03-29T03:48:23.573" /><!-- duration: 1ms -->
  <step title="Creating temporary deployment" date="2025-03-29T03:48:23.585" /><!-- duration: 50ms -->
  <step title="Performing fetch based deployment" date="2025-03-29T03:48:23.728" >
    <step title="Cleaning up temp folders from previous zip deployments and extracting pushed zip file /tmp/zipdeploy/30e3dc4a-4850-4f72-b185-1d4b3086eb1f.zip (369.30 MB) to /tmp/zipdeploy/extracted" date="2025-03-29T03:48:24.868" >
      <step title="ChmodRecursive Process exited with total time taken in ms: 295" date="2025-03-29T03:48:40.614" /><!-- duration: 2ms -->
    </step><!-- duration: 15761ms -->
    <step title="Deployment timer started" date="2025-03-29T03:48:42.659" >
      <step title="DeploymentManager.Deploy(id:caa64a42-790e-48d4-bb53-5448c4222ed6)" date="2025-03-29T03:48:42.667" >
        <step title="Collecting changeset information" date="2025-03-29T03:48:42.690" /><!-- duration: 80ms -->
        <step title="Updating submodules" date="2025-03-29T03:48:42.773" /><!-- duration: 1085ms -->
        <step title="Determining deployment builder" date="2025-03-29T03:48:44.029" >
          <step title="Builder is OryxBuilder" date="2025-03-29T03:48:44.055" /><!-- duration: 1ms -->
        </step><!-- duration: 29ms -->
        <step title="PreDeployment: context.CleanOutputPath False" date="2025-03-29T03:48:44.108" >
          <step title="PreDeployment: context.OutputPath /home/site/wwwroot" date="2025-03-29T03:48:44.203" >
            <step title="Building" date="2025-03-29T03:48:44.304" >
              <step title="Executing external process" date="2025-03-29T03:48:44.541" type="process" path="bash" arguments="-c &quot;oryx build /tmp/zipdeploy/extracted -o /home/site/wwwroot --platform nodejs --platform-version 18 -p virtualenv_name= --log-file /tmp/build-debug.log  -i /tmp/8dd6e749a4fd323 -p compress_node_modules=tar-gz | tee /tmp/oryx-build.log ; exit $PIPESTATUS &quot;" >
                <step title="Cpu: npm install(945,31.550s)+build.sh(828,0.080s)+oryx(809,4.880s)+tee(810,0.000s)+bash(808,0.000s)=total(36.490s)" date="2025-03-29T03:50:28.676" /><!-- duration: 19ms -->
                <step title="bash: no io activity for 60s, prev-cpu=-1.000s, current-cpu=36.490s" date="2025-03-29T03:50:28.905" /><!-- duration: 12ms -->
