<step title="Incoming Request" date="2025-03-29T05:24:28.468" instance="9f55e4" url="/api/deployments/latest" method="GET" type="request" pid="768,1,16" Accept="*/*" Host="reading-road-voice-demo.scm.azurewebsites.net" User-Agent="AZURECLI/2.70.0 (MSI)" Accept-Encoding="gzip, deflate" Authorization="Bas..." x-ms-client-request-id="0e3b537d-0c5e-11f0-912c-8c3b4a441321" X-ARR-LOG-ID="0e3b537d-0c5e-11f0-912c-8c3b4a441321" CLIENT-IP="64.180.26.65:59705" X-SITE-DEPLOYMENT-ID="reading-road-voice-demo" WAS-DEFAULT-HOSTNAME="reading-road-voice-demo.scm.azurewebsites.net" X-Forwarded-Proto="https" X-AppService-Proto="https" X-Forwarded-TlsVersion="1.3" X-WAWS-Unencoded-URL="/api/deployments/latest" X-Client-IP="64.180.26.65" X-Client-Port="59705" >
  <step title="Cleanup Xml Logs" date="2025-03-29T05:24:28.487" >
    <step title="Cleanup Infos" date="2025-03-29T05:24:28.518" totalFiles="417" totalCleanup="257" /><!-- duration: 9ms -->
  </step><!-- duration: 42ms -->
  <step title="DeploymentService.GetResult" date="2025-03-29T05:24:28.898" >
    <step title="DeploymentService.GetLatestDeployment" date="2025-03-29T05:24:28.958" >
      <step title="DeploymentManager.GetResults" date="2025-03-29T05:24:28.979" /><!-- duration: 397ms -->
      <step title="Deployment 70b3b6c2-a1bb-4f5f-9112-4be83af52e15 is Pending" date="2025-03-29T05:24:29.383" /><!-- duration: 2ms -->
    </step><!-- duration: 436ms -->
    <step title="Redirecting to latest deployment: https://reading-road-voice-demo.scm.azurewebsites.net/api/deployments/latest" date="2025-03-29T05:24:29.395" /><!-- duration: 8ms -->
  </step><!-- duration: 507ms -->
  <step title="Outgoing response" date="2025-03-29T05:24:29.433" type="response" statusCode="202" statusText="Accepted" /><!-- duration: 11ms -->
</step><!-- duration: 978ms -->
