<step title="Incoming Request" date="2025-03-29T17:12:29.746" instance="9f55e4" url="/reading-road-voice-demo.git/info/refs?service=git-receive-pack" method="GET" type="request" pid="770,1,30" Accept="*/*" Host="reading-road-voice-demo.scm.azurewebsites.net" User-Agent="git/2.47.0.windows.2" Accept-Encoding="deflate, gzip, br, zstd" Authorization="Bas..." Pragma="no-cache" X-ARR-LOG-ID="d97bc7da-5aae-4038-aa6a-fc6341d4a35f" CLIENT-IP="64.180.26.65:65473" X-SITE-DEPLOYMENT-ID="reading-road-voice-demo" WAS-DEFAULT-HOSTNAME="reading-road-voice-demo.scm.azurewebsites.net" X-Forwarded-Proto="https" X-AppService-Proto="https" X-Forwarded-TlsVersion="1.3" X-WAWS-Unencoded-URL="/reading-road-voice-demo.git/info/refs?service=git-receive-pack" X-Client-IP="64.180.26.65" X-Client-Port="65473" >
  <step title="Cleanup Xml Logs" date="2025-03-29T17:12:29.747" >
    <step title="Cleanup Infos" date="2025-03-29T17:12:29.756" totalFiles="455" totalCleanup="295" /><!-- duration: 2ms -->
  </step><!-- duration: 12ms -->
  <step title="InfoRefsService.Execute" date="2025-03-29T17:12:29.765" >
    <step title="Executing external process" date="2025-03-29T17:12:29.780" type="process" path="git" arguments="rev-parse --git-dir" /><!-- duration: 23ms -->
    <step title="Assuming git repository at /home/site/repository" date="2025-03-29T17:12:29.805" /><!-- duration: 1ms -->
    <step title="InfoRefsService.SmartInfoRefs" date="2025-03-29T17:12:29.808" >
      <step title="Executing external process" date="2025-03-29T17:12:29.825" type="process" path="git" arguments="rev-parse --git-dir" /><!-- duration: 27ms -->
      <step title="Assuming git repository at /home/site/repository" date="2025-03-29T17:12:29.864" /><!-- duration: 1ms -->
      <step title="GitExeServer.AdvertiseReceivePack" date="2025-03-29T17:12:29.868" >
        <step title="Executing external process" date="2025-03-29T17:12:29.870" type="process" path="git" arguments="receive-pack --stateless-rpc --advertise-refs &quot;/home/site/repository&quot;" /><!-- duration: 34ms -->
      </step><!-- duration: 38ms -->
      <step title="Writing 216 bytes" date="2025-03-29T17:12:29.907" /><!-- duration: 1ms -->
    </step><!-- duration: 105ms -->
  </step><!-- duration: 148ms -->
  <step title="Outgoing response" date="2025-03-29T17:12:29.922" type="response" statusCode="200" statusText="OK" /><!-- duration: 2ms -->
</step><!-- duration: 180ms -->
