<step title="Incoming Request" date="2025-03-29T15:42:25.754" instance="9f55e4" url="/reading-road-voice-demo.git/info/refs?service=git-upload-pack" method="GET" type="request" pid="768,1,21" Accept="*/*" Host="reading-road-voice-demo.scm.azurewebsites.net" User-Agent="git/2.47.0.windows.2 (Windows 11 Pro 10.0.22621; win32 x64) vscode/1.96.2 (Cursor)" Accept-Encoding="deflate, gzip, br, zstd" Authorization="Bas..." Pragma="no-cache" git-protocol="version=2" X-ARR-LOG-ID="e4b890c4-5b72-4e3f-97aa-c801f514cf69" CLIENT-IP="64.180.26.65:62988" X-SITE-DEPLOYMENT-ID="reading-road-voice-demo" WAS-DEFAULT-HOSTNAME="reading-road-voice-demo.scm.azurewebsites.net" X-Forwarded-Proto="https" X-AppService-Proto="https" X-Forwarded-TlsVersion="1.3" X-WAWS-Unencoded-URL="/reading-road-voice-demo.git/info/refs?service=git-upload-pack" X-Client-IP="64.180.26.65" X-Client-Port="62988" >
  <step title="Cleanup Xml Logs" date="2025-03-29T15:42:25.791" >
    <step title="Cleanup Infos" date="2025-03-29T15:42:25.823" totalFiles="427" totalCleanup="267" /><!-- duration: 2ms -->
  </step><!-- duration: 42ms -->
  <step title="InfoRefsService.Execute" date="2025-03-29T15:42:25.853" >
    <step title="Executing external process" date="2025-03-29T15:42:25.882" type="process" path="git" arguments="rev-parse --git-dir" /><!-- duration: 52ms -->
    <step title="Assuming git repository at /home/site/repository" date="2025-03-29T15:42:25.942" /><!-- duration: 3ms -->
    <step title="InfoRefsService.SmartInfoRefs" date="2025-03-29T15:42:25.953" >
      <step title="Executing external process" date="2025-03-29T15:42:25.971" type="process" path="git" arguments="rev-parse --git-dir" /><!-- duration: 28ms -->
      <step title="Assuming git repository at /home/site/repository" date="2025-03-29T15:42:26.001" /><!-- duration: 1ms -->
      <step title="GitExeServer.AdvertiseUploadPack" date="2025-03-29T15:42:26.009" >
        <step title="Executing external process" date="2025-03-29T15:42:26.012" type="process" path="git" arguments="upload-pack --stateless-rpc --advertise-refs &quot;/home/site/repository&quot;" /><!-- duration: 60ms -->
      </step><!-- duration: 65ms -->
      <step title="Writing 288 bytes" date="2025-03-29T15:42:26.079" /><!-- duration: 1ms -->
    </step><!-- duration: 128ms -->
  </step><!-- duration: 242ms -->
  <step title="Outgoing response" date="2025-03-29T15:42:26.097" type="response" statusCode="200" statusText="OK" /><!-- duration: 2ms -->
</step><!-- duration: 347ms -->
