<step title="BackgroundTrace" date="2025-03-29T05:24:23.987" instance="9f55e4" url="/api/zipdeploy" method="POST" >
  <step title="Creating temporary deployment - FetchDeploymentManager" date="2025-03-29T05:24:24.153" /><!-- duration: 1ms -->
  <step title="Creating temporary deployment" date="2025-03-29T05:24:24.167" /><!-- duration: 54ms -->
  <step title="Performing fetch based deployment" date="2025-03-29T05:24:24.268" >
    <step title="Deployment timer started" date="2025-03-29T05:24:27.443" >
      <step title="DeploymentManager.Deploy(id:70b3b6c2-a1bb-4f5f-9112-4be83af52e15)" date="2025-03-29T05:24:27.462" >
        <step title="Collecting changeset information" date="2025-03-29T05:24:27.484" /><!-- duration: 78ms -->
        <step title="Updating submodules" date="2025-03-29T05:24:27.564" /><!-- duration: 1103ms -->
        <step title="Determining deployment builder" date="2025-03-29T05:24:29.725" >
          <step title="Builder is RunFromZipSiteBuilder" date="2025-03-29T05:24:29.745" /><!-- duration: 18ms -->
        </step><!-- duration: 40ms -->
        <step title="PreDeployment: context.CleanOutputPath False" date="2025-03-29T05:24:30.104" >
          <step title="PreDeployment: context.OutputPath /home/site/wwwroot" date="2025-03-29T05:24:30.251" >
            <step title="Building" date="2025-03-29T05:24:30.412" >
              <step title="Triggering recycle (preview mode disabled)." date="2025-03-29T05:24:30.850" /><!-- duration: 31ms -->
              <step title="Modified file to trigger a restart of the app container." date="2025-03-29T05:24:30.971" /><!-- duration: 2ms -->
              <step title="Skip function trigger and logicapp sync because function is not enabled." date="2025-03-29T05:24:31.042" /><!-- duration: 10ms -->
              <step title="Purge deployment items" date="2025-03-29T05:24:31.875" >
                <step title="Remove ec282ce8-, Failed, received at 03/29/2025 05:20:00" date="2025-03-29T05:24:31.916" /><!-- duration: 8ms -->
              </step><!-- duration: 59ms -->
            </step><!-- duration: 1561ms -->
          </step><!-- duration: 1724ms -->
          <step title="Cleaning up temp files" date="2025-03-29T05:24:31.976" /><!-- duration: 8ms -->
          <step title="Cleaning up temp files" date="2025-03-29T05:24:31.985" /><!-- duration: 520ms -->
          <step title="Reloading status file with latest updates" date="2025-03-29T05:24:32.519" >
            <step title="WebHooksManager.PublishEventAsync: PostDeployment" date="2025-03-29T05:24:32.525" /><!-- duration: 87ms -->
          </step><!-- duration: 96ms -->
          <step title="Cleaning up temporary deployment - fetch deployment was successful" date="2025-03-29T05:24:32.620" /><!-- duration: 1ms -->
        </step><!-- duration: 2578ms -->
      </step><!-- duration: 5233ms -->
