<step title="Incoming Request" date="2025-03-29T15:44:48.686" instance="9f55e4" url="/api/publish?type=zip" method="POST" type="request" pid="768,1,3" Accept="*/*" Host="reading-road-voice-demo.scm.azurewebsites.net" User-Agent="AZURECLI/2.70.0 (MSI)" Accept-Encoding="gzip, deflate" Authorization="Bas..." Cache-Control="no-cache" Content-Type="application/octet-stream" Cookie="ARRAffinity=9f55e46e3d2054f2a574cbda6605e6df0484dc3b864373ea25829a5320264660; ARRAffinitySameSite=9f55e46e3d2054f2a574cbda6605e6df0484dc3b864373ea25829a5320264660" Content-Length="26194717" x-ms-client-request-id="b97d95fc-0cb4-11f0-81a2-8c3b4a441321" x-ms-artifact-checksum="40034b21220681eb25a30a5181e48fc6200db23ba162de2f365136eff9ac17a2" X-ARR-LOG-ID="b97d95fc-0cb4-11f0-81a2-8c3b4a441321" CLIENT-IP="64.180.26.65:63089" X-SITE-DEPLOYMENT-ID="reading-road-voice-demo" WAS-DEFAULT-HOSTNAME="reading-road-voice-demo.scm.azurewebsites.net" X-Forwarded-Proto="https" X-AppService-Proto="https" X-Forwarded-TlsVersion="1.3" X-WAWS-Unencoded-URL="/api/publish?type=zip" X-Client-IP="64.180.26.65" X-Client-Port="63089" >
  <step title="OneDeploy" date="2025-03-29T15:44:48.770" >
    <step title="None repository commit" date="2025-03-29T15:44:48.800" >
      <step title="Commit id: 64154352-7dd9-4791-8581-b804bd4ef3f0" date="2025-03-29T15:44:48.824" Message="N/A" AuthorName="N/A" AuthorEmail="N/A" /><!-- duration: 1ms -->
    </step><!-- duration: 26ms -->
    <step title="Starting PushDeployAsync" date="2025-03-29T15:44:48.828" /><!-- duration: 1ms -->
    <step title="WEBSITE_RUN_FROM_PACKAGE is set to 1. Writing zip to SitePackagesPath" date="2025-03-29T15:44:48.849" /><!-- duration: 1ms -->
    <step title="Copying zip to SitePackages /home/data/SitePackages/20250329154448.zip from request body" date="2025-03-29T15:44:48.859" /><!-- duration: 1ms -->
    <step title="Writing multipart request body to /home/data/SitePackages/20250329154448.zip" date="2025-03-29T15:44:48.868" /><!-- duration: 2ms -->
    <step title="Attempting to fetch target branch HEAD" date="2025-03-29T15:44:50.732" /><!-- duration: 7ms -->
    <step title="Acquiring Deployment Lock" date="2025-03-29T15:44:50.759" /><!-- duration: 2ms -->
    <step title="Acquired Deployment Lock" date="2025-03-29T15:44:50.790" /><!-- duration: 2ms -->
    <step title="Performing fetch based deployment" date="2025-03-29T15:44:50.800" >
      <step title="Creating temporary deployment" date="2025-03-29T15:44:50.818" /><!-- duration: 75ms -->
      <step title="Releasing Deployment Lock" date="2025-03-29T15:44:52.132" /><!-- duration: 2ms -->
      <step title="None repository commit" date="2025-03-29T15:44:52.170" >
        <step title="Commit id: 64154352-7dd9-4791-8581-b804bd4ef3f0" date="2025-03-29T15:44:52.171" Message="OneDeploy" AuthorName="N/A" AuthorEmail="N/A" /><!-- duration: 1ms -->
      </step><!-- duration: 4ms -->
      <step title="Deployment timer started" date="2025-03-29T15:44:54.190" >
        <step title="DeploymentManager.Deploy(id:64154352-7dd9-4791-8581-b804bd4ef3f0)" date="2025-03-29T15:44:54.198" >
          <step title="Collecting changeset information" date="2025-03-29T15:44:54.239" /><!-- duration: 72ms -->
          <step title="Updating submodules" date="2025-03-29T15:44:54.314" /><!-- duration: 1205ms -->
          <step title="Determining deployment builder" date="2025-03-29T15:44:55.682" >
            <step title="Builder is RunFromZipSiteBuilder" date="2025-03-29T15:44:55.690" /><!-- duration: 8ms -->
          </step><!-- duration: 18ms -->
          <step title="PreDeployment: context.CleanOutputPath False" date="2025-03-29T15:44:55.753" >
            <step title="PreDeployment: context.OutputPath /home/site/wwwroot" date="2025-03-29T15:44:55.839" >
              <step title="Building" date="2025-03-29T15:44:55.919" >
                <step title="Modified file to trigger a restart of the app container." date="2025-03-29T15:44:56.316" /><!-- duration: 3ms -->
                <step title="Skip function trigger and logicapp sync because function is not enabled." date="2025-03-29T15:44:56.337" /><!-- duration: 18ms -->
              </step><!-- duration: 1181ms -->
            </step><!-- duration: 1285ms -->
            <step title="Cleaning up temp files" date="2025-03-29T15:44:57.126" /><!-- duration: 5ms -->
            <step title="Cleaning up temp files" date="2025-03-29T15:44:57.132" /><!-- duration: 515ms -->
            <step title="Reloading status file with latest updates" date="2025-03-29T15:44:57.678" >
              <step title="WebHooksManager.PublishEventAsync: PostDeployment" date="2025-03-29T15:44:57.695" /><!-- duration: 132ms -->
            </step><!-- duration: 151ms -->
            <step title="Cleaning up temporary deployment - fetch deployment was successful" date="2025-03-29T15:44:57.835" /><!-- duration: 2ms -->
          </step><!-- duration: 2162ms -->
        </step><!-- duration: 3722ms -->
        <step title="Outgoing response" date="2025-03-29T15:44:57.935" type="response" statusCode="200" statusText="OK" /><!-- duration: 1ms -->
      </step><!-- duration: 3747ms -->
