<step title="Incoming Request" date="2025-03-29T03:49:47.048" instance="9f55e4" url="/api/publish?type=zip" method="POST" type="request" pid="767,1,21" Accept="*/*" Host="reading-road-voice-demo.scm.azurewebsites.net" User-Agent="AZURECLI/2.70.0 (MSI)" Accept-Encoding="gzip, deflate" Authorization="Bas..." Cache-Control="no-cache" Content-Type="application/octet-stream" Cookie="ARRAffinity=9f55e46e3d2054f2a574cbda6605e6df0484dc3b864373ea25829a5320264660; ARRAffinitySameSite=9f55e46e3d2054f2a574cbda6605e6df0484dc3b864373ea25829a5320264660" Content-Length="232758" x-ms-client-request-id="d6b1f7cc-0c50-11f0-8cb4-8c3b4a441321" x-ms-artifact-checksum="e1876dbf56c97b93f7147b409a7b0cc4a39f195085d4ae42594e62f4ec31ced2" X-ARR-LOG-ID="d6b1f7cc-0c50-11f0-8cb4-8c3b4a441321" CLIENT-IP="64.180.26.65:56558" X-SITE-DEPLOYMENT-ID="reading-road-voice-demo" WAS-DEFAULT-HOSTNAME="reading-road-voice-demo.scm.azurewebsites.net" X-Forwarded-Proto="https" X-AppService-Proto="https" X-Forwarded-TlsVersion="1.3" X-WAWS-Unencoded-URL="/api/publish?type=zip" X-Client-IP="64.180.26.65" X-Client-Port="56558" >
  <step title="OneDeploy" date="2025-03-29T03:49:47.276" >
    <step title="Starting PushDeployAsync" date="2025-03-29T03:49:47.338" /><!-- duration: 8ms -->
    <step title="Writing artifact to /tmp/zipdeploy/8ebdfd9d-56d3-4e14-9a4c-e320b388e2c9.zip" date="2025-03-29T03:49:47.356" >
      <step title="Writing multipart request body to /tmp/zipdeploy/8ebdfd9d-56d3-4e14-9a4c-e320b388e2c9.zip" date="2025-03-29T03:49:47.357" /><!-- duration: 17ms -->
    </step><!-- duration: 71ms -->
    <step title="Attempting to fetch target branch HEAD" date="2025-03-29T03:49:47.437" /><!-- duration: 8ms -->
    <step title="Acquiring Deployment Lock" date="2025-03-29T03:49:47.455" /><!-- duration: 13ms -->
    <step title="Cannot Acquire Deployment Lock already held" date="2025-03-29T03:49:47.485" /><!-- duration: 2ms -->
    <step title="There is a deployment currently in progress. Please try again when it completes." date="2025-03-29T03:49:47.496" /><!-- duration: 8ms -->
  </step><!-- duration: 230ms -->
  <step title="Outgoing response" date="2025-03-29T03:49:47.516" type="response" statusCode="409" statusText="Conflict" /><!-- duration: 19ms -->
</step><!-- duration: 507ms -->
