<step title="BackgroundTrace" date="2025-03-29T05:06:06.320" instance="9f55e4" url="/api/zipdeploy" method="POST" >
  <step title="Cleanup Xml Logs" date="2025-03-29T05:06:06.342" >
    <step title="Cleanup Infos" date="2025-03-29T05:06:06.362" totalFiles="371" totalCleanup="211" /><!-- duration: 2ms -->
  </step><!-- duration: 24ms -->
  <step title="Creating temporary deployment - FetchDeploymentManager" date="2025-03-29T05:06:06.414" /><!-- duration: 1ms -->
  <step title="Creating temporary deployment" date="2025-03-29T05:06:06.423" /><!-- duration: 48ms -->
  <step title="Performing fetch based deployment" date="2025-03-29T05:06:06.508" >
    <step title="Cleaning up temp folders from previous zip deployments and extracting pushed zip file /tmp/zipdeploy/c60cbc11-f011-4284-99f1-82b8c1f9463e.zip (64.42 MB) to /tmp/zipdeploy/extracted" date="2025-03-29T05:06:07.621" >
      <step title="ChmodRecursive Process exited with total time taken in ms: 97" date="2025-03-29T05:06:15.284" /><!-- duration: 11ms -->
    </step><!-- duration: 7675ms -->
    <step title="Deployment timer started" date="2025-03-29T05:06:17.316" >
      <step title="DeploymentManager.Deploy(id:b86d7e8a-a39a-49a2-86a5-6197938535ed)" date="2025-03-29T05:06:17.321" >
        <step title="Collecting changeset information" date="2025-03-29T05:06:17.350" /><!-- duration: 88ms -->
        <step title="Updating submodules" date="2025-03-29T05:06:17.464" /><!-- duration: 1081ms -->
        <step title="Determining deployment builder" date="2025-03-29T05:06:18.754" >
          <step title="Builder is OryxBuilder" date="2025-03-29T05:06:18.770" /><!-- duration: 1ms -->
        </step><!-- duration: 26ms -->
        <step title="PreDeployment: context.CleanOutputPath False" date="2025-03-29T05:06:18.809" >
          <step title="PreDeployment: context.OutputPath /home/site/wwwroot" date="2025-03-29T05:06:18.888" >
            <step title="Building" date="2025-03-29T05:06:19.051" >
              <step title="Executing external process" date="2025-03-29T05:06:19.291" type="process" path="bash" arguments="-c &quot;oryx build /tmp/zipdeploy/extracted -o /home/site/wwwroot --platform nodejs --platform-version 18 -p virtualenv_name= --log-file /tmp/build-debug.log  -i /tmp/8dd6e7f70bcfbec -p compress_node_modules=tar-gz | tee /tmp/oryx-build.log ; exit $PIPESTATUS &quot;" >
                <step title="Cpu: npm install(3195,33.690s)+build.sh(3104,0.030s)+oryx(3085,4.370s)+tee(3086,0.000s)+bash(3083,0.000s)=total(38.090s)" date="2025-03-29T05:07:47.997" /><!-- duration: 67ms -->
                <step title="bash: no io activity for 61s, prev-cpu=-1.000s, current-cpu=38.090s" date="2025-03-29T05:07:48.482" /><!-- duration: 19ms -->
                <step title="Cpu: npm install(3195,64.950s)+build.sh(3104,0.030s)+oryx(3085,4.830s)+tee(3086,0.000s)+bash(3083,0.000s)=total(69.810s)" date="2025-03-29T05:08:49.002" /><!-- duration: 12ms -->
                <step title="bash: no io activity for 122s, prev-cpu=38.090s, current-cpu=69.810s" date="2025-03-29T05:08:49.051" /><!-- duration: 2ms -->
                <step title="Cpu: node(3289,28.740s)+node(3275,4.870s)+sh(3274,0.010s)+npm run build(3263,0.880s)+build.sh(3104,0.050s)+oryx(3085,6.160s)+tee(3086,0.000s)+bash(3083,0.000s)=total(40.710s)" date="2025-03-29T05:10:36.509" /><!-- duration: 49ms -->
                <step title="bash: no io activity for 60s, prev-cpu=-1.000s, current-cpu=40.710s" date="2025-03-29T05:10:36.580" /><!-- duration: 18ms -->
                <step title="Error occurred" date="2025-03-29T05:10:51.752" type="error" text="Deployment has been stopped due to SCM container restart. The restart can happen due to a management operation on site. Do not perform a management operation and a deployment operation in quick succession. Adding a small delay can help avoid any conflicts." /><!-- duration: 40ms -->
                <step title="Killing external process" date="2025-03-29T05:10:51.832" >
                  <step title="Abort Process &apos;node(3289)&apos;." date="2025-03-29T05:10:52.022" /><!-- duration: 10ms -->
                  <step title="Abort Process &apos;node(3275)&apos;." date="2025-03-29T05:10:52.043" /><!-- duration: 19ms -->
                  <step title="Abort Process &apos;sh(3274)&apos;." date="2025-03-29T05:10:52.091" /><!-- duration: 21ms -->
                  <step title="Abort Process &apos;npm run build(3263)&apos;." date="2025-03-29T05:10:52.159" /><!-- duration: 18ms -->
                  <step title="Abort Process &apos;build.sh(3104)&apos;." date="2025-03-29T05:10:52.188" /><!-- duration: 19ms -->
                  <step title="Abort Process &apos;oryx(3085)&apos;." date="2025-03-29T05:10:52.225" /><!-- duration: 2ms -->
                  <step title="Abort Process &apos;tee(3086)&apos;." date="2025-03-29T05:10:52.236" /><!-- duration: 11ms -->
                  <step title="Abort Process &apos;bash(3083)&apos;." date="2025-03-29T05:10:52.256" /><!-- duration: 10ms -->
                  <step title="Process dump" date="2025-03-29T05:10:52.534" exitCode="137" type="processOutput" /><!-- duration: 35ms -->
                </step><!-- duration: 738ms -->
                <step title="Error occurred" date="2025-03-29T05:10:52.647" type="error" text="
/bin/bash -c &quot;oryx build /tmp/zipdeploy/extracted -o /home/site/wwwroot --platform nodejs --platform-version 18 -p virtualenv_name= --log-file /tmp/build-debug.log  -i /tmp/8dd6e7f70bcfbec -p compress_node_modules=tar-gz | tee /tmp/oryx-build.log ; exit $PIPESTATUS &quot;" stackTrace="   at Kudu.Core.Infrastructure.Executable.ExecuteInternal(ITracer tracer, Func`2 onWriteOutput, Func`2 onWriteError, CancellationToken token, Encoding encoding, String arguments, Object[] args) in /tmp/KuduLite/Kudu.Core/Infrastructure/Executable.cs:line 239
   at Kudu.Core.Infrastructure.Executable.ExecuteWithProgressWriter(ILogger logger, ITracer tracer, CancellationToken token, String arguments, Object[] args) in /tmp/KuduLite/Kudu.Core/Infrastructure/Executable.cs:line 118
   at Kudu.Core.Deployment.Generator.ExternalCommandBuilder.RunCommand(DeploymentContext context, String command, Boolean ignoreManifest, CancellationToken token, String message) in /tmp/KuduLite/Kudu.Core/Deployment/Generator/ExternalCommandBuilder.cs:line 115" /><!-- duration: 22ms -->
                <step title="Error occurred" date="2025-03-29T05:10:52.718" type="error" text="
/bin/bash -c &quot;oryx build /tmp/zipdeploy/extracted -o /home/site/wwwroot --platform nodejs --platform-version 18 -p virtualenv_name= --log-file /tmp/build-debug.log  -i /tmp/8dd6e7f70bcfbec -p compress_node_modules=tar-gz | tee /tmp/oryx-build.log ; exit $PIPESTATUS &quot;" stackTrace="   at Kudu.Core.Infrastructure.Executable.ExecuteInternal(ITracer tracer, Func`2 onWriteOutput, Func`2 onWriteError, CancellationToken token, Encoding encoding, String arguments, Object[] args) in /tmp/KuduLite/Kudu.Core/Infrastructure/Executable.cs:line 239
   at Kudu.Core.Infrastructure.Executable.ExecuteWithProgressWriter(ILogger logger, ITracer tracer, CancellationToken token, String arguments, Object[] args) in /tmp/KuduLite/Kudu.Core/Infrastructure/Executable.cs:line 118
   at Kudu.Core.Deployment.Generator.ExternalCommandBuilder.RunCommand(DeploymentContext context, String command, Boolean ignoreManifest, CancellationToken token, String message) in /tmp/KuduLite/Kudu.Core/Deployment/Generator/ExternalCommandBuilder.cs:line 115
   at Kudu.Core.Deployment.Generator.OryxBuilder.RunBuildCommand(IOryxArguments args, DeploymentContext context, CancellationToken token) in /tmp/KuduLite/Kudu.Core/Deployment/Generator/OryxBuilder.cs:line 282
   at Kudu.Core.Deployment.Generator.OryxBuilder.Build(DeploymentContext context, CancellationToken token) in /tmp/KuduLite/Kudu.Core/Deployment/Generator/OryxBuilder.cs:line 119
   at Kudu.Core.Deployment.DeploymentManager.Build(ChangeSet changeSet, ITracer tracer, IDisposable deployStep, IRepository repository, DeploymentInfoBase deploymentInfo, DeploymentAnalytics deploymentAnalytics, Boolean fullBuildByDefault, CancellationToken cancellationToken) in /tmp/KuduLite/Kudu.Core/Deployment/DeploymentManager.cs:line 770" /><!-- duration: 2ms -->
                <step title="Using GenericDeploymentLogParser" date="2025-03-29T05:10:52.867" /><!-- duration: 2ms -->
