<step title="Incoming Request" date="2025-03-29T04:02:23.794" instance="9f55e4" url="/api/publish?type=zip" method="POST" type="request" pid="767,1,7" Accept="*/*" Host="reading-road-voice-demo.scm.azurewebsites.net" User-Agent="AZURECLI/2.70.0 (MSI)" Accept-Encoding="gzip, deflate" Authorization="Bas..." Cache-Control="no-cache" Content-Type="application/octet-stream" Cookie="ARRAffinity=9f55e46e3d2054f2a574cbda6605e6df0484dc3b864373ea25829a5320264660; ARRAffinitySameSite=9f55e46e3d2054f2a574cbda6605e6df0484dc3b864373ea25829a5320264660" Content-Length="232758" x-ms-client-request-id="99f1479e-0c52-11f0-b3a6-8c3b4a441321" x-ms-artifact-checksum="3a60d50f689a83e4cfad1dcebb7194ccff0b95d0d1e81297d25eb606d3c3609c" X-ARR-LOG-ID="99f1479e-0c52-11f0-b3a6-8c3b4a441321" CLIENT-IP="64.180.26.65:56861" X-SITE-DEPLOYMENT-ID="reading-road-voice-demo" WAS-DEFAULT-HOSTNAME="reading-road-voice-demo.scm.azurewebsites.net" X-Forwarded-Proto="https" X-AppService-Proto="https" X-Forwarded-TlsVersion="1.3" X-WAWS-Unencoded-URL="/api/publish?type=zip" X-Client-IP="64.180.26.65" X-Client-Port="56861" >
  <step title="OneDeploy" date="2025-03-29T04:02:23.850" >
    <step title="Starting PushDeployAsync" date="2025-03-29T04:02:23.853" /><!-- duration: 1ms -->
    <step title="Writing artifact to /tmp/zipdeploy/90bb3bb1-3f71-4c09-920b-54aa87d78ca2.zip" date="2025-03-29T04:02:23.888" >
      <step title="Writing multipart request body to /tmp/zipdeploy/90bb3bb1-3f71-4c09-920b-54aa87d78ca2.zip" date="2025-03-29T04:02:23.897" /><!-- duration: 1ms -->
    </step><!-- duration: 128ms -->
    <step title="Attempting to fetch target branch HEAD" date="2025-03-29T04:02:24.024" /><!-- duration: 7ms -->
    <step title="Acquiring Deployment Lock" date="2025-03-29T04:02:24.045" /><!-- duration: 1ms -->
    <step title="Acquired Deployment Lock" date="2025-03-29T04:02:24.085" /><!-- duration: 3ms -->
    <step title="Performing fetch based deployment" date="2025-03-29T04:02:24.105" >
      <step title="Creating temporary deployment" date="2025-03-29T04:02:24.115" /><!-- duration: 87ms -->
      <step title="Releasing Deployment Lock" date="2025-03-29T04:02:25.296" /><!-- duration: 8ms -->
      <step title="Cleaning up temp folders from previous zip deployments and extracting pushed zip file /tmp/zipdeploy/90bb3bb1-3f71-4c09-920b-54aa87d78ca2.zip (0.22 MB) to /tmp/zipdeploy/extracted" date="2025-03-29T04:02:25.333" >
        <step title="ChmodRecursive Process exited with total time taken in ms: 70" date="2025-03-29T04:02:25.486" /><!-- duration: 8ms -->
      </step><!-- duration: 170ms -->
      <step title="None repository commit" date="2025-03-29T04:02:25.505" >
        <step title="Commit id: 2e4dda16-f9f0-4e72-a2d0-bb6a6d77332e" date="2025-03-29T04:02:25.524" Message="OneDeploy" AuthorName="N/A" AuthorEmail="N/A" /><!-- duration: 1ms -->
      </step><!-- duration: 21ms -->
      <step title="Deployment timer started" date="2025-03-29T04:02:27.536" >
        <step title="DeploymentManager.Deploy(id:2e4dda16-f9f0-4e72-a2d0-bb6a6d77332e)" date="2025-03-29T04:02:27.540" >
          <step title="Collecting changeset information" date="2025-03-29T04:02:27.552" /><!-- duration: 90ms -->
          <step title="Updating submodules" date="2025-03-29T04:02:27.645" /><!-- duration: 1097ms -->
          <step title="Determining deployment builder" date="2025-03-29T04:02:28.918" >
            <step title="Builder is OryxBuilder" date="2025-03-29T04:02:28.932" /><!-- duration: 1ms -->
          </step><!-- duration: 16ms -->
          <step title="PreDeployment: context.CleanOutputPath False" date="2025-03-29T04:02:28.962" >
            <step title="PreDeployment: context.OutputPath /home/site/wwwroot" date="2025-03-29T04:02:29.039" >
              <step title="Building" date="2025-03-29T04:02:29.151" >
                <step title="Executing external process" date="2025-03-29T04:02:29.368" type="process" path="bash" arguments="-c &quot;oryx build /tmp/zipdeploy/extracted -o /home/site/wwwroot --platform nodejs --platform-version 18 -p virtualenv_name= --log-file /tmp/build-debug.log  -i /tmp/8dd6e7685f98614 -p compress_node_modules=tar-gz | tee /tmp/oryx-build.log ; exit $PIPESTATUS &quot;" >
                  <step title="Cpu: npm install(1233,40.580s)+build.sh(1149,0.030s)+oryx(1128,3.850s)+tee(1129,0.000s)+bash(1127,0.000s)=total(44.450s)" date="2025-03-29T04:03:37.712" /><!-- duration: 10ms -->
                  <step title="bash: no io activity for 60s, prev-cpu=-1.000s, current-cpu=44.450s" date="2025-03-29T04:03:37.749" /><!-- duration: 2ms -->
                  <step title="Cpu: npm install(1233,76.030s)+build.sh(1149,0.030s)+oryx(1128,4.490s)+tee(1129,0.000s)+bash(1127,0.000s)=total(80.520s)" date="2025-03-29T04:04:38.148" /><!-- duration: 10ms -->
                  <step title="bash: no io activity for 120s, prev-cpu=44.450s, current-cpu=80.520s" date="2025-03-29T04:04:38.184" /><!-- duration: 2ms -->
                  <step title="Process dump" date="2025-03-29T04:05:04.857" exitCode="1" type="processOutput" /><!-- duration: 10ms -->
                </step><!-- duration: 155501ms -->
                <step title="Error occurred" date="2025-03-29T04:05:04.919" type="error" text="&gt; Build error occurred
Error: &gt; Couldn&apos;t find any `pages` or `app` directory. Please create one under the project root
    at findPagesDir (/tmp/8dd6e7685f98614/node_modules/next/dist/lib/find-pages-dir.js:42:15)
    at /tmp/8dd6e7685f98614/node_modules/next/dist/build/index.js:406:73
    at async Span.traceAsyncFn (/tmp/8dd6e7685f98614/node_modules/next/dist/trace/trace.js:154:20)
    at async build (/tmp/8dd6e7685f98614/node_modules/next/dist/build/index.js:368:9)
/bin/bash -c &quot;oryx build /tmp/zipdeploy/extracted -o /home/site/wwwroot --platform nodejs --platform-version 18 -p virtualenv_name= --log-file /tmp/build-debug.log  -i /tmp/8dd6e7685f98614 -p compress_node_modules=tar-gz | tee /tmp/oryx-build.log ; exit $PIPESTATUS &quot;" stackTrace="   at Kudu.Core.Infrastructure.Executable.ExecuteInternal(ITracer tracer, Func`2 onWriteOutput, Func`2 onWriteError, CancellationToken token, Encoding encoding, String arguments, Object[] args) in /tmp/KuduLite/Kudu.Core/Infrastructure/Executable.cs:line 239
   at Kudu.Core.Infrastructure.Executable.ExecuteWithProgressWriter(ILogger logger, ITracer tracer, CancellationToken token, String arguments, Object[] args) in /tmp/KuduLite/Kudu.Core/Infrastructure/Executable.cs:line 118
   at Kudu.Core.Deployment.Generator.ExternalCommandBuilder.RunCommand(DeploymentContext context, String command, Boolean ignoreManifest, CancellationToken token, String message) in /tmp/KuduLite/Kudu.Core/Deployment/Generator/ExternalCommandBuilder.cs:line 115" /><!-- duration: 9ms -->
                <step title="Error occurred" date="2025-03-29T04:05:04.958" type="error" text="&gt; Build error occurred
Error: &gt; Couldn&apos;t find any `pages` or `app` directory. Please create one under the project root
    at findPagesDir (/tmp/8dd6e7685f98614/node_modules/next/dist/lib/find-pages-dir.js:42:15)
    at /tmp/8dd6e7685f98614/node_modules/next/dist/build/index.js:406:73
    at async Span.traceAsyncFn (/tmp/8dd6e7685f98614/node_modules/next/dist/trace/trace.js:154:20)
    at async build (/tmp/8dd6e7685f98614/node_modules/next/dist/build/index.js:368:9)
/bin/bash -c &quot;oryx build /tmp/zipdeploy/extracted -o /home/site/wwwroot --platform nodejs --platform-version 18 -p virtualenv_name= --log-file /tmp/build-debug.log  -i /tmp/8dd6e7685f98614 -p compress_node_modules=tar-gz | tee /tmp/oryx-build.log ; exit $PIPESTATUS &quot;" stackTrace="   at Kudu.Core.Infrastructure.Executable.ExecuteInternal(ITracer tracer, Func`2 onWriteOutput, Func`2 onWriteError, CancellationToken token, Encoding encoding, String arguments, Object[] args) in /tmp/KuduLite/Kudu.Core/Infrastructure/Executable.cs:line 239
   at Kudu.Core.Infrastructure.Executable.ExecuteWithProgressWriter(ILogger logger, ITracer tracer, CancellationToken token, String arguments, Object[] args) in /tmp/KuduLite/Kudu.Core/Infrastructure/Executable.cs:line 118
   at Kudu.Core.Deployment.Generator.ExternalCommandBuilder.RunCommand(DeploymentContext context, String command, Boolean ignoreManifest, CancellationToken token, String message) in /tmp/KuduLite/Kudu.Core/Deployment/Generator/ExternalCommandBuilder.cs:line 115
   at Kudu.Core.Deployment.Generator.OryxBuilder.RunBuildCommand(IOryxArguments args, DeploymentContext context, CancellationToken token) in /tmp/KuduLite/Kudu.Core/Deployment/Generator/OryxBuilder.cs:line 282
   at Kudu.Core.Deployment.Generator.OryxBuilder.Build(DeploymentContext context, CancellationToken token) in /tmp/KuduLite/Kudu.Core/Deployment/Generator/OryxBuilder.cs:line 119
   at Kudu.Core.Deployment.DeploymentManager.Build(ChangeSet changeSet, ITracer tracer, IDisposable deployStep, IRepository repository, DeploymentInfoBase deploymentInfo, DeploymentAnalytics deploymentAnalytics, Boolean fullBuildByDefault, CancellationToken cancellationToken) in /tmp/KuduLite/Kudu.Core/Deployment/DeploymentManager.cs:line 770" /><!-- duration: 3ms -->
                <step title="Using GenericDeploymentLogParser" date="2025-03-29T04:05:05.233" /><!-- duration: 3ms -->
                <step title="Purge deployment items" date="2025-03-29T04:05:06.805" >
                  <step title="Remove b8609a14-, Failed, received at 03/29/2025 03:55:00" date="2025-03-29T04:05:06.890" /><!-- duration: 2ms -->
                </step><!-- duration: 89ms -->
              </step><!-- duration: 157744ms -->
            </step><!-- duration: 157858ms -->
            <step title="Error occurred" date="2025-03-29T04:05:06.899" type="error" text="&gt; Build error occurred
Error: &gt; Couldn&apos;t find any `pages` or `app` directory. Please create one under the project root
    at findPagesDir (/tmp/8dd6e7685f98614/node_modules/next/dist/lib/find-pages-dir.js:42:15)
    at /tmp/8dd6e7685f98614/node_modules/next/dist/build/index.js:406:73
    at async Span.traceAsyncFn (/tmp/8dd6e7685f98614/node_modules/next/dist/trace/trace.js:154:20)
    at async build (/tmp/8dd6e7685f98614/node_modules/next/dist/build/index.js:368:9)
/bin/bash -c &quot;oryx build /tmp/zipdeploy/extracted -o /home/site/wwwroot --platform nodejs --platform-version 18 -p virtualenv_name= --log-file /tmp/build-debug.log  -i /tmp/8dd6e7685f98614 -p compress_node_modules=tar-gz | tee /tmp/oryx-build.log ; exit $PIPESTATUS &quot;" stackTrace="   at Kudu.Core.Infrastructure.Executable.ExecuteInternal(ITracer tracer, Func`2 onWriteOutput, Func`2 onWriteError, CancellationToken token, Encoding encoding, String arguments, Object[] args) in /tmp/KuduLite/Kudu.Core/Infrastructure/Executable.cs:line 239
   at Kudu.Core.Infrastructure.Executable.ExecuteWithProgressWriter(ILogger logger, ITracer tracer, CancellationToken token, String arguments, Object[] args) in /tmp/KuduLite/Kudu.Core/Infrastructure/Executable.cs:line 118
   at Kudu.Core.Deployment.Generator.ExternalCommandBuilder.RunCommand(DeploymentContext context, String command, Boolean ignoreManifest, CancellationToken token, String message) in /tmp/KuduLite/Kudu.Core/Deployment/Generator/ExternalCommandBuilder.cs:line 115
   at Kudu.Core.Deployment.Generator.OryxBuilder.RunBuildCommand(IOryxArguments args, DeploymentContext context, CancellationToken token) in /tmp/KuduLite/Kudu.Core/Deployment/Generator/OryxBuilder.cs:line 282
   at Kudu.Core.Deployment.Generator.OryxBuilder.Build(DeploymentContext context, CancellationToken token) in /tmp/KuduLite/Kudu.Core/Deployment/Generator/OryxBuilder.cs:line 119
   at Kudu.Core.Deployment.DeploymentManager.Build(ChangeSet changeSet, ITracer tracer, IDisposable deployStep, IRepository repository, DeploymentInfoBase deploymentInfo, DeploymentAnalytics deploymentAnalytics, Boolean fullBuildByDefault, CancellationToken cancellationToken) in /tmp/KuduLite/Kudu.Core/Deployment/DeploymentManager.cs:line 770
   at Kudu.Core.Deployment.DeploymentManager.Build(ChangeSet changeSet, ITracer tracer, IDisposable deployStep, IRepository repository, DeploymentInfoBase deploymentInfo, DeploymentAnalytics deploymentAnalytics, Boolean fullBuildByDefault, CancellationToken cancellationToken) in /tmp/KuduLite/Kudu.Core/Deployment/DeploymentManager.cs:line 839" /><!-- duration: 5ms -->
            <step title="Cleaning up temp files" date="2025-03-29T04:05:06.995" /><!-- duration: 4976ms -->
            <step title="Cleaning up temp files" date="2025-03-29T04:05:11.975" /><!-- duration: 510ms -->
            <step title="Error occurred" date="2025-03-29T04:05:12.501" type="error" text="&gt; Build error occurred
Error: &gt; Couldn&apos;t find any `pages` or `app` directory. Please create one under the project root
    at findPagesDir (/tmp/8dd6e7685f98614/node_modules/next/dist/lib/find-pages-dir.js:42:15)
    at /tmp/8dd6e7685f98614/node_modules/next/dist/build/index.js:406:73
    at async Span.traceAsyncFn (/tmp/8dd6e7685f98614/node_modules/next/dist/trace/trace.js:154:20)
    at async build (/tmp/8dd6e7685f98614/node_modules/next/dist/build/index.js:368:9)
/bin/bash -c &quot;oryx build /tmp/zipdeploy/extracted -o /home/site/wwwroot --platform nodejs --platform-version 18 -p virtualenv_name= --log-file /tmp/build-debug.log  -i /tmp/8dd6e7685f98614 -p compress_node_modules=tar-gz | tee /tmp/oryx-build.log ; exit $PIPESTATUS &quot;" stackTrace="   at Kudu.Core.Infrastructure.Executable.ExecuteInternal(ITracer tracer, Func`2 onWriteOutput, Func`2 onWriteError, CancellationToken token, Encoding encoding, String arguments, Object[] args) in /tmp/KuduLite/Kudu.Core/Infrastructure/Executable.cs:line 239
   at Kudu.Core.Infrastructure.Executable.ExecuteWithProgressWriter(ILogger logger, ITracer tracer, CancellationToken token, String arguments, Object[] args) in /tmp/KuduLite/Kudu.Core/Infrastructure/Executable.cs:line 118
   at Kudu.Core.Deployment.Generator.ExternalCommandBuilder.RunCommand(DeploymentContext context, String command, Boolean ignoreManifest, CancellationToken token, String message) in /tmp/KuduLite/Kudu.Core/Deployment/Generator/ExternalCommandBuilder.cs:line 115
   at Kudu.Core.Deployment.Generator.OryxBuilder.RunBuildCommand(IOryxArguments args, DeploymentContext context, CancellationToken token) in /tmp/KuduLite/Kudu.Core/Deployment/Generator/OryxBuilder.cs:line 282
   at Kudu.Core.Deployment.Generator.OryxBuilder.Build(DeploymentContext context, CancellationToken token) in /tmp/KuduLite/Kudu.Core/Deployment/Generator/OryxBuilder.cs:line 119
   at Kudu.Core.Deployment.DeploymentManager.Build(ChangeSet changeSet, ITracer tracer, IDisposable deployStep, IRepository repository, DeploymentInfoBase deploymentInfo, DeploymentAnalytics deploymentAnalytics, Boolean fullBuildByDefault, CancellationToken cancellationToken) in /tmp/KuduLite/Kudu.Core/Deployment/DeploymentManager.cs:line 770
   at Kudu.Core.Deployment.DeploymentManager.Build(ChangeSet changeSet, ITracer tracer, IDisposable deployStep, IRepository repository, DeploymentInfoBase deploymentInfo, DeploymentAnalytics deploymentAnalytics, Boolean fullBuildByDefault, CancellationToken cancellationToken) in /tmp/KuduLite/Kudu.Core/Deployment/DeploymentManager.cs:line 839
   at Kudu.Core.Deployment.DeploymentManager.DeployAsync(IRepository repository, ChangeSet changeSet, String deployer, Boolean clean, DeploymentInfoBase deploymentInfo, Boolean needFileUpdate, Boolean fullBuildByDefault) in /tmp/KuduLite/Kudu.Core/Deployment/DeploymentManager.cs:line 266" /><!-- duration: 1ms -->
          </step><!-- duration: 163553ms -->
          <step title="Reloading status file with latest updates" date="2025-03-29T04:05:12.542" >
            <step title="WebHooksManager.PublishEventAsync: PostDeployment" date="2025-03-29T04:05:12.544" /><!-- duration: 27ms -->
          </step><!-- duration: 30ms -->
          <step title="Error occurred" date="2025-03-29T04:05:12.574" type="error" text="&gt; Build error occurred
Error: &gt; Couldn&apos;t find any `pages` or `app` directory. Please create one under the project root
    at findPagesDir (/tmp/8dd6e7685f98614/node_modules/next/dist/lib/find-pages-dir.js:42:15)
    at /tmp/8dd6e7685f98614/node_modules/next/dist/build/index.js:406:73
    at async Span.traceAsyncFn (/tmp/8dd6e7685f98614/node_modules/next/dist/trace/trace.js:154:20)
    at async build (/tmp/8dd6e7685f98614/node_modules/next/dist/build/index.js:368:9)
/bin/bash -c &quot;oryx build /tmp/zipdeploy/extracted -o /home/site/wwwroot --platform nodejs --platform-version 18 -p virtualenv_name= --log-file /tmp/build-debug.log  -i /tmp/8dd6e7685f98614 -p compress_node_modules=tar-gz | tee /tmp/oryx-build.log ; exit $PIPESTATUS &quot;" stackTrace="   at Kudu.Core.Infrastructure.Executable.ExecuteInternal(ITracer tracer, Func`2 onWriteOutput, Func`2 onWriteError, CancellationToken token, Encoding encoding, String arguments, Object[] args) in /tmp/KuduLite/Kudu.Core/Infrastructure/Executable.cs:line 239
   at Kudu.Core.Infrastructure.Executable.ExecuteWithProgressWriter(ILogger logger, ITracer tracer, CancellationToken token, String arguments, Object[] args) in /tmp/KuduLite/Kudu.Core/Infrastructure/Executable.cs:line 118
   at Kudu.Core.Deployment.Generator.ExternalCommandBuilder.RunCommand(DeploymentContext context, String command, Boolean ignoreManifest, CancellationToken token, String message) in /tmp/KuduLite/Kudu.Core/Deployment/Generator/ExternalCommandBuilder.cs:line 115
   at Kudu.Core.Deployment.Generator.OryxBuilder.RunBuildCommand(IOryxArguments args, DeploymentContext context, CancellationToken token) in /tmp/KuduLite/Kudu.Core/Deployment/Generator/OryxBuilder.cs:line 282
   at Kudu.Core.Deployment.Generator.OryxBuilder.Build(DeploymentContext context, CancellationToken token) in /tmp/KuduLite/Kudu.Core/Deployment/Generator/OryxBuilder.cs:line 119
   at Kudu.Core.Deployment.DeploymentManager.Build(ChangeSet changeSet, ITracer tracer, IDisposable deployStep, IRepository repository, DeploymentInfoBase deploymentInfo, DeploymentAnalytics deploymentAnalytics, Boolean fullBuildByDefault, CancellationToken cancellationToken) in /tmp/KuduLite/Kudu.Core/Deployment/DeploymentManager.cs:line 770
   at Kudu.Core.Deployment.DeploymentManager.Build(ChangeSet changeSet, ITracer tracer, IDisposable deployStep, IRepository repository, DeploymentInfoBase deploymentInfo, DeploymentAnalytics deploymentAnalytics, Boolean fullBuildByDefault, CancellationToken cancellationToken) in /tmp/KuduLite/Kudu.Core/Deployment/DeploymentManager.cs:line 839
   at Kudu.Core.Deployment.DeploymentManager.DeployAsync(IRepository repository, ChangeSet changeSet, String deployer, Boolean clean, DeploymentInfoBase deploymentInfo, Boolean needFileUpdate, Boolean fullBuildByDefault) in /tmp/KuduLite/Kudu.Core/Deployment/DeploymentManager.cs:line 266" /><!-- duration: 2ms -->
          <step title="Marking deployment as failed and cleaning up the temp deployment" date="2025-03-29T04:05:12.636" /><!-- duration: 1ms -->
        </step><!-- duration: 165178ms -->
      </step><!-- duration: 165190ms -->
      <step title="Error occurred" date="2025-03-29T04:05:12.767" type="error" text="Deployment failed" stackTrace="   at Kudu.Core.Deployment.DeploymentManager.DeployAsync(IRepository repository, ChangeSet changeSet, String deployer, Boolean clean, DeploymentInfoBase deploymentInfo, Boolean needFileUpdate, Boolean fullBuildByDefault) in /tmp/KuduLite/Kudu.Core/Deployment/DeploymentManager.cs:line 307
   at Kudu.Core.Deployment.FetchDeploymentManager.PerformDeployment(DeploymentInfoBase deploymentInfo, IDisposable tempDeployment, ChangeSet tempChangeSet, DeployStatusApiResult updateStatusObj) in /tmp/KuduLite/Kudu.Core/Deployment/FetchDeploymentManager.cs:line 230
   at Kudu.Core.Deployment.FetchDeploymentManager.&lt;&gt;c__DisplayClass17_0.&lt;&lt;FetchDeploy&gt;b__0&gt;d.MoveNext() in /tmp/KuduLite/Kudu.Core/Deployment/FetchDeploymentManager.cs:line 131
--- End of stack trace from previous location ---
   at Kudu.Core.Deployment.FetchDeploymentManager.FetchDeploy(DeploymentInfoBase deployInfo, Boolean asyncRequested, Uri requestUri, String targetBranch) in /tmp/KuduLite/Kudu.Core/Deployment/FetchDeploymentManager.cs:line 124
   at Kudu.Services.Deployment.PushDeploymentController.PushDeployAsync(ArtifactDeploymentInfo deploymentInfo, Boolean isAsync, HttpContext context, JObject requestJson) in /tmp/KuduLite/Kudu.Services/Deployment/PushDeploymentController.cs:line 785
   at Kudu.Services.Deployment.PushDeploymentController.OneDeploy(String type, Boolean async, String path, Nullable`1 restart, Nullable`1 clean, Boolean ignoreStack, Boolean trackDeploymentProgress, Boolean trackStatus, Boolean reset) in /tmp/KuduLite/Kudu.Services/Deployment/PushDeploymentController.cs:line 623
   at Microsoft.AspNetCore.Mvc.Infrastructure.ActionMethodExecutor.TaskOfIActionResultExecutor.Execute(IActionResultTypeMapper mapper, ObjectMethodExecutor executor, Object controller, Object[] arguments)
   at Microsoft.AspNetCore.Mvc.Infrastructure.ControllerActionInvoker.&lt;InvokeActionMethodAsync&gt;g__Awaited|12_0(ControllerActionInvoker invoker, ValueTask`1 actionResultValueTask)
   at Microsoft.AspNetCore.Mvc.Infrastructure.ControllerActionInvoker.&lt;InvokeNextActionFilterAsync&gt;g__Awaited|10_0(ControllerActionInvoker invoker, Task lastTask, State next, Scope scope, Object state, Boolean isCompleted)
   at Microsoft.AspNetCore.Mvc.Infrastructure.ControllerActionInvoker.Rethrow(ActionExecutedContextSealed context)
   at Microsoft.AspNetCore.Mvc.Infrastructure.ControllerActionInvoker.Next(State&amp; next, Scope&amp; scope, Object&amp; state, Boolean&amp; isCompleted)
   at Microsoft.AspNetCore.Mvc.Infrastructure.ControllerActionInvoker.&lt;InvokeInnerFilterAsync&gt;g__Awaited|13_0(ControllerActionInvoker invoker, Task lastTask, State next, Scope scope, Object state, Boolean isCompleted)
   at Microsoft.AspNetCore.Mvc.Infrastructure.ResourceInvoker.&lt;InvokeNextResourceFilter&gt;g__Awaited|25_0(ResourceInvoker invoker, Task lastTask, State next, Scope scope, Object state, Boolean isCompleted)
   at Microsoft.AspNetCore.Mvc.Infrastructure.ResourceInvoker.Rethrow(ResourceExecutedContextSealed context)
   at Microsoft.AspNetCore.Mvc.Infrastructure.ResourceInvoker.Next(State&amp; next, Scope&amp; scope, Object&amp; state, Boolean&amp; isCompleted)
   at Microsoft.AspNetCore.Mvc.Infrastructure.ResourceInvoker.&lt;InvokeFilterPipelineAsync&gt;g__Awaited|20_0(ResourceInvoker invoker, Task lastTask, State next, Scope scope, Object state, Boolean isCompleted)
   at Microsoft.AspNetCore.Mvc.Infrastructure.ResourceInvoker.&lt;InvokeAsync&gt;g__Awaited|17_0(ResourceInvoker invoker, Task task, IDisposable scope)
   at Microsoft.AspNetCore.Mvc.Infrastructure.ResourceInvoker.&lt;InvokeAsync&gt;g__Awaited|17_0(ResourceInvoker invoker, Task task, IDisposable scope)
   at Microsoft.AspNetCore.Builder.RouterMiddleware.Invoke(HttpContext httpContext)
   at Kudu.Services.Web.Tracing.TraceMiddleware.Invoke(HttpContext context) in /tmp/KuduLite/Kudu.Services.Web/Tracing/TraceMiddleware.cs:line 111" innerText="&gt; Build error occurred
Error: &gt; Couldn&apos;t find any `pages` or `app` directory. Please create one under the project root
    at findPagesDir (/tmp/8dd6e7685f98614/node_modules/next/dist/lib/find-pages-dir.js:42:15)
    at /tmp/8dd6e7685f98614/node_modules/next/dist/build/index.js:406:73
    at async Span.traceAsyncFn (/tmp/8dd6e7685f98614/node_modules/next/dist/trace/trace.js:154:20)
    at async build (/tmp/8dd6e7685f98614/node_modules/next/dist/build/index.js:368:9)
/bin/bash -c &quot;oryx build /tmp/zipdeploy/extracted -o /home/site/wwwroot --platform nodejs --platform-version 18 -p virtualenv_name= --log-file /tmp/build-debug.log  -i /tmp/8dd6e7685f98614 -p compress_node_modules=tar-gz | tee /tmp/oryx-build.log ; exit $PIPESTATUS &quot;" innerStackTrace="   at Kudu.Core.Infrastructure.Executable.ExecuteInternal(ITracer tracer, Func`2 onWriteOutput, Func`2 onWriteError, CancellationToken token, Encoding encoding, String arguments, Object[] args) in /tmp/KuduLite/Kudu.Core/Infrastructure/Executable.cs:line 239
   at Kudu.Core.Infrastructure.Executable.ExecuteWithProgressWriter(ILogger logger, ITracer tracer, CancellationToken token, String arguments, Object[] args) in /tmp/KuduLite/Kudu.Core/Infrastructure/Executable.cs:line 118
   at Kudu.Core.Deployment.Generator.ExternalCommandBuilder.RunCommand(DeploymentContext context, String command, Boolean ignoreManifest, CancellationToken token, String message) in /tmp/KuduLite/Kudu.Core/Deployment/Generator/ExternalCommandBuilder.cs:line 115
   at Kudu.Core.Deployment.Generator.OryxBuilder.RunBuildCommand(IOryxArguments args, DeploymentContext context, CancellationToken token) in /tmp/KuduLite/Kudu.Core/Deployment/Generator/OryxBuilder.cs:line 282
   at Kudu.Core.Deployment.Generator.OryxBuilder.Build(DeploymentContext context, CancellationToken token) in /tmp/KuduLite/Kudu.Core/Deployment/Generator/OryxBuilder.cs:line 119
   at Kudu.Core.Deployment.DeploymentManager.Build(ChangeSet changeSet, ITracer tracer, IDisposable deployStep, IRepository repository, DeploymentInfoBase deploymentInfo, DeploymentAnalytics deploymentAnalytics, Boolean fullBuildByDefault, CancellationToken cancellationToken) in /tmp/KuduLite/Kudu.Core/Deployment/DeploymentManager.cs:line 770
   at Kudu.Core.Deployment.DeploymentManager.Build(ChangeSet changeSet, ITracer tracer, IDisposable deployStep, IRepository repository, DeploymentInfoBase deploymentInfo, DeploymentAnalytics deploymentAnalytics, Boolean fullBuildByDefault, CancellationToken cancellationToken) in /tmp/KuduLite/Kudu.Core/Deployment/DeploymentManager.cs:line 839
   at Kudu.Core.Deployment.DeploymentManager.DeployAsync(IRepository repository, ChangeSet changeSet, String deployer, Boolean clean, DeploymentInfoBase deploymentInfo, Boolean needFileUpdate, Boolean fullBuildByDefault) in /tmp/KuduLite/Kudu.Core/Deployment/DeploymentManager.cs:line 266" /><!-- duration: 10ms -->
      <step title="Incoming Request" date="2025-03-29T04:05:12.831" url="/Error?type=zip" method="POST" type="request" pid="767,1,20" Accept="*/*" Host="reading-road-voice-demo.scm.azurewebsites.net" User-Agent="AZURECLI/2.70.0 (MSI)" Accept-Encoding="gzip, deflate" Authorization="Bas..." Cache-Control="no-cache" Content-Type="application/octet-stream" Cookie="ARRAffinity=9f55e46e3d2054f2a574cbda6605e6df0484dc3b864373ea25829a5320264660; ARRAffinitySameSite=9f55e46e3d2054f2a574cbda6605e6df0484dc3b864373ea25829a5320264660" Content-Length="232758" x-ms-client-request-id="99f1479e-0c52-11f0-b3a6-8c3b4a441321" x-ms-artifact-checksum="3a60d50f689a83e4cfad1dcebb7194ccff0b95d0d1e81297d25eb606d3c3609c" X-ARR-LOG-ID="99f1479e-0c52-11f0-b3a6-8c3b4a441321" CLIENT-IP="64.180.26.65:56861" X-SITE-DEPLOYMENT-ID="reading-road-voice-demo" WAS-DEFAULT-HOSTNAME="reading-road-voice-demo.scm.azurewebsites.net" X-Forwarded-Proto="https" X-AppService-Proto="https" X-Forwarded-TlsVersion="1.3" X-WAWS-Unencoded-URL="/api/publish?type=zip" X-Client-IP="64.180.26.65" X-Client-Port="56861" >
        <step title="Outgoing response" date="2025-03-29T04:05:12.938" type="response" statusCode="400" statusText="BadRequest" /><!-- duration: 7ms -->
      </step><!-- duration: 117ms -->
