<step title="Incoming Request" date="2025-03-29T16:03:28.651" instance="9f55e4" url="/reading-road-voice-demo.git/info/refs?service=git-upload-pack" method="GET" type="request" pid="768,1,23" Accept="*/*" Host="reading-road-voice-demo.scm.azurewebsites.net" User-Agent="git/2.47.0.windows.2 (Windows 11 Pro 10.0.22621; win32 x64) vscode/1.96.2 (Cursor)" Accept-Encoding="deflate, gzip, br, zstd" Authorization="Bas..." Pragma="no-cache" git-protocol="version=2" X-ARR-LOG-ID="09db7c00-0dcd-4846-8085-fbae6ec760a7" CLIENT-IP="64.180.26.65:63913" X-SITE-DEPLOYMENT-ID="reading-road-voice-demo" WAS-DEFAULT-HOSTNAME="reading-road-voice-demo.scm.azurewebsites.net" X-Forwarded-Proto="https" X-AppService-Proto="https" X-Forwarded-TlsVersion="1.3" X-WAWS-Unencoded-URL="/reading-road-voice-demo.git/info/refs?service=git-upload-pack" X-Client-IP="64.180.26.65" X-Client-Port="63913" >
  <step title="Cleanup Xml Logs" date="2025-03-29T16:03:28.658" >
    <step title="Cleanup Infos" date="2025-03-29T16:03:28.674" totalFiles="435" totalCleanup="275" /><!-- duration: 6ms -->
  </step><!-- duration: 22ms -->
  <step title="InfoRefsService.Execute" date="2025-03-29T16:03:28.683" >
    <step title="Executing external process" date="2025-03-29T16:03:28.692" type="process" path="git" arguments="rev-parse --git-dir" /><!-- duration: 25ms -->
    <step title="Assuming git repository at /home/site/repository" date="2025-03-29T16:03:28.719" /><!-- duration: 1ms -->
    <step title="InfoRefsService.SmartInfoRefs" date="2025-03-29T16:03:28.723" >
      <step title="Executing external process" date="2025-03-29T16:03:28.731" type="process" path="git" arguments="rev-parse --git-dir" /><!-- duration: 27ms -->
      <step title="Assuming git repository at /home/site/repository" date="2025-03-29T16:03:28.768" /><!-- duration: 13ms -->
      <step title="GitExeServer.AdvertiseUploadPack" date="2025-03-29T16:03:28.784" >
        <step title="Executing external process" date="2025-03-29T16:03:28.785" type="process" path="git" arguments="upload-pack --stateless-rpc --advertise-refs &quot;/home/site/repository&quot;" /><!-- duration: 50ms -->
      </step><!-- duration: 56ms -->
      <step title="Writing 288 bytes" date="2025-03-29T16:03:28.841" /><!-- duration: 1ms -->
    </step><!-- duration: 121ms -->
  </step><!-- duration: 162ms -->
  <step title="Outgoing response" date="2025-03-29T16:03:28.850" type="response" statusCode="200" statusText="OK" /><!-- duration: 1ms -->
</step><!-- duration: 202ms -->
