<step title="Incoming Request" date="2025-03-29T04:09:29.266" instance="9f55e4" url="/reading-road-voice-demo.git/info/refs?service=git-upload-pack" method="GET" type="request" pid="767,1,3" Accept="*/*" Host="reading-road-voice-demo.scm.azurewebsites.net" User-Agent="git/2.47.0.windows.2 (Windows 11 Pro 10.0.22621; win32 x64) vscode/1.96.2 (Cursor)" Accept-Encoding="deflate, gzip, br, zstd" Authorization="Bas..." Pragma="no-cache" git-protocol="version=2" X-ARR-LOG-ID="e970916c-f408-4eea-b928-a2f32afb44fa" CLIENT-IP="64.180.26.65:57353" X-SITE-DEPLOYMENT-ID="reading-road-voice-demo" WAS-DEFAULT-HOSTNAME="reading-road-voice-demo.scm.azurewebsites.net" X-Forwarded-Proto="https" X-AppService-Proto="https" X-Forwarded-TlsVersion="1.3" X-WAWS-Unencoded-URL="/reading-road-voice-demo.git/info/refs?service=git-upload-pack" X-Client-IP="64.180.26.65" X-Client-Port="57353" >
  <step title="Cleanup Xml Logs" date="2025-03-29T04:09:29.275" >
    <step title="Cleanup Infos" date="2025-03-29T04:09:29.306" totalFiles="348" totalCleanup="188" /><!-- duration: 9ms -->
  </step><!-- duration: 42ms -->
  <step title="InfoRefsService.Execute" date="2025-03-29T04:09:29.346" >
    <step title="Executing external process" date="2025-03-29T04:09:30.225" type="process" path="git" arguments="rev-parse --git-dir" /><!-- duration: 169ms -->
    <step title="Assuming git repository at /home/site/repository" date="2025-03-29T04:09:30.412" /><!-- duration: 2ms -->
    <step title="InfoRefsService.SmartInfoRefs" date="2025-03-29T04:09:30.424" >
      <step title="Executing external process" date="2025-03-29T04:09:31.012" type="process" path="git" arguments="rev-parse --git-dir" /><!-- duration: 76ms -->
      <step title="Assuming git repository at /home/site/repository" date="2025-03-29T04:09:31.097" /><!-- duration: 1ms -->
      <step title="GitExeServer.AdvertiseUploadPack" date="2025-03-29T04:09:31.118" >
        <step title="Executing external process" date="2025-03-29T04:09:31.120" type="process" path="git" arguments="upload-pack --stateless-rpc --advertise-refs &quot;/home/site/repository&quot;" /><!-- duration: 139ms -->
      </step><!-- duration: 151ms -->
      <step title="Writing 288 bytes" date="2025-03-29T04:09:31.271" /><!-- duration: 8ms -->
    </step><!-- duration: 857ms -->
  </step><!-- duration: 1936ms -->
  <step title="Outgoing response" date="2025-03-29T04:09:31.300" type="response" statusCode="200" statusText="OK" /><!-- duration: 8ms -->
</step><!-- duration: 2045ms -->
