<step title="Executing external process" date="2025-03-29T17:12:34.887" instance="9f55e4" type="process" path="kudu.exe" arguments="/home/site /opt/Kudu/msbuild" >
  <step title="Cleanup Xml Logs" date="2025-03-29T17:12:34.937" >
    <step title="Cleanup Infos" date="2025-03-29T17:12:34.958" totalFiles="457" totalCleanup="297" /><!-- duration: 27ms -->
  </step><!-- duration: 79ms -->
  <step title="Deployment timer started" date="2025-03-29T17:12:35.216" >
    <step title="Executing external process" date="2025-03-29T17:12:35.266" type="process" path="git" arguments="log -n 1 master --" /><!-- duration: 310ms -->
    <step title="DeploymentManager.Deploy(id:bc523e38a9582cb7d104fdaa6cd1fa496329b61f)" date="2025-03-29T17:12:35.707" >
      <step title="Collecting changeset information" date="2025-03-29T17:12:35.786" /><!-- duration: 594ms -->
      <step title="Updating to specific changeset" date="2025-03-29T17:12:36.388" >
        <step title="Executing external process" date="2025-03-29T17:12:37.695" type="process" path="git" arguments="checkout master --force" /><!-- duration: 39293ms -->
      </step><!-- duration: 40629ms -->
      <step title="Updating submodules" date="2025-03-29T17:13:17.026" /><!-- duration: 201ms -->
      <step title="Determining deployment builder" date="2025-03-29T17:13:17.480" >
        <step title="Builder is RunFromZipSiteBuilder" date="2025-03-29T17:13:17.508" /><!-- duration: 1ms -->
      </step><!-- duration: 45ms -->
      <step title="PreDeployment: context.CleanOutputPath False" date="2025-03-29T17:13:17.567" >
        <step title="PreDeployment: context.OutputPath /home/site/wwwroot" date="2025-03-29T17:13:17.670" >
          <step title="Building" date="2025-03-29T17:13:17.759" >
            <step title="Triggering recycle (preview mode disabled)." date="2025-03-29T17:13:18.150" /><!-- duration: 8ms -->
            <step title="Modified file to trigger a restart of the app container." date="2025-03-29T17:13:18.213" /><!-- duration: 3ms -->
            <step title="Skip function trigger and logicapp sync because function is not enabled." date="2025-03-29T17:13:18.258" /><!-- duration: 1ms -->
          </step><!-- duration: 1200ms -->
        </step><!-- duration: 1291ms -->
        <step title="Cleaning up temp files" date="2025-03-29T17:13:18.963" /><!-- duration: 24ms -->
        <step title="Cleaning up temp files" date="2025-03-29T17:13:18.989" /><!-- duration: 546ms -->
        <step title="Reloading status file with latest updates" date="2025-03-29T17:13:19.589" >
          <step title="WebHooksManager.PublishEventAsync: PostDeployment" date="2025-03-29T17:13:19.600" /><!-- duration: 202ms -->
        </step><!-- duration: 218ms -->
        <step title="Executing external process" date="2025-03-29T17:13:19.827" type="process" path="git" arguments="log -n 1 master --" /><!-- duration: 111ms -->
      </step><!-- duration: 2375ms -->
      <step title="Perform deploy exiting successfully" date="2025-03-29T17:13:19.944" 