<step title="Incoming Request" date="2025-03-29T16:59:27.617" instance="9f55e4" url="/reading-road-voice-demo.git/git-receive-pack" method="POST" type="request" pid="770,1,5" Accept="application/x-git-receive-pack-result" Host="reading-road-voice-demo.scm.azurewebsites.net" User-Agent="git/2.47.0.windows.2" Accept-Encoding="deflate, gzip, br, zstd" Authorization="Bas..." Content-Type="application/x-git-receive-pack-request" Transfer-Encoding="chunked" X-ARR-LOG-ID="67aa95dd-1a3b-48f1-97a1-7654da703afd" CLIENT-IP="64.180.26.65:65193" X-SITE-DEPLOYMENT-ID="reading-road-voice-demo" WAS-DEFAULT-HOSTNAME="reading-road-voice-demo.scm.azurewebsites.net" X-Forwarded-Proto="https" X-AppService-Proto="https" X-Forwarded-TlsVersion="1.3" X-WAWS-Unencoded-URL="/reading-road-voice-demo.git/git-receive-pack" X-Client-IP="64.180.26.65" X-Client-Port="65193" >
  <step title="RpcService.ReceivePack" date="2025-03-29T16:59:27.629" >
    <step title="Executing external process" date="2025-03-29T16:59:27.638" type="process" path="git" arguments="rev-parse --git-dir" /><!-- duration: 28ms -->
    <step title="Assuming git repository at /home/site/repository" date="2025-03-29T16:59:27.669" /><!-- duration: 9ms -->
    <step title="Acquiring Deployment Lock" date="2025-03-29T16:59:27.696" /><!-- duration: 20ms -->
    <step title="Acquired Deployment Lock" date="2025-03-29T16:59:27.730" /><!-- duration: 2ms -->
    <step title="Creating temporary deployment" date="2025-03-29T16:59:27.737" /><!-- duration: 96ms -->
    <step title="GitExeServer.Receive" date="2025-03-29T16:59:27.841" >
      <step title="Executing external process" date="2025-03-29T16:59:27.850" type="process" path="git" arguments="receive-pack --stateless-rpc &quot;/home/site/repository&quot;" /><!-- duration: 45310ms -->
    </step><!-- duration: 45327ms -->
    <step title="Releasing Deployment Lock" date="2025-03-29T17:00:13.245" /><!-- duration: 21ms -->
  </step><!-- duration: 45641ms -->
  <step title="Outgoing response" date="2025-03-29T17:00:13.272" type="response" statusCode="200" statusText="OK" /><!-- duration: 4ms -->
</step><!-- duration: 45660ms -->
