<step title="Incoming Request" date="2025-03-29T16:00:26.844" instance="9f55e4" url="/reading-road-voice-demo.git/info/refs?service=git-upload-pack" method="GET" type="request" pid="768,1,5" Accept="*/*" Host="reading-road-voice-demo.scm.azurewebsites.net" User-Agent="git/2.47.0.windows.2 (Windows 11 Pro 10.0.22621; win32 x64) vscode/1.96.2 (Cursor)" Accept-Encoding="deflate, gzip, br, zstd" Authorization="Bas..." Pragma="no-cache" git-protocol="version=2" X-ARR-LOG-ID="786b3a7b-ec04-4b29-bd24-c09b1d6f549b" CLIENT-IP="64.180.26.65:63793" X-SITE-DEPLOYMENT-ID="reading-road-voice-demo" WAS-DEFAULT-HOSTNAME="reading-road-voice-demo.scm.azurewebsites.net" X-Forwarded-Proto="https" X-AppService-Proto="https" X-Forwarded-TlsVersion="1.3" X-WAWS-Unencoded-URL="/reading-road-voice-demo.git/info/refs?service=git-upload-pack" X-Client-IP="64.180.26.65" X-Client-Port="63793" >
  <step title="Cleanup Xml Logs" date="2025-03-29T16:00:26.846" >
    <step title="Cleanup Infos" date="2025-03-29T16:00:26.853" totalFiles="434" totalCleanup="274" /><!-- duration: 1ms -->
  </step><!-- duration: 10ms -->
  <step title="InfoRefsService.Execute" date="2025-03-29T16:00:26.859" >
    <step title="Executing external process" date="2025-03-29T16:00:26.877" type="process" path="git" arguments="rev-parse --git-dir" /><!-- duration: 23ms -->
    <step title="Assuming git repository at /home/site/repository" date="2025-03-29T16:00:26.902" /><!-- duration: 1ms -->
    <step title="InfoRefsService.SmartInfoRefs" date="2025-03-29T16:00:26.906" >
      <step title="Executing external process" date="2025-03-29T16:00:26.915" type="process" path="git" arguments="rev-parse --git-dir" /><!-- duration: 11ms -->
      <step title="Assuming git repository at /home/site/repository" date="2025-03-29T16:00:26.927" /><!-- duration: 7ms -->
      <step title="GitExeServer.AdvertiseUploadPack" date="2025-03-29T16:00:26.937" >
        <step title="Executing external process" date="2025-03-29T16:00:26.938" type="process" path="git" arguments="upload-pack --stateless-rpc --advertise-refs &quot;/home/site/repository&quot;" /><!-- duration: 82ms -->
      </step><!-- duration: 85ms -->
      <step title="Writing 288 bytes" date="2025-03-29T16:00:27.025" /><!-- duration: 1ms -->
    </step><!-- duration: 122ms -->
  </step><!-- duration: 177ms -->
  <step title="Outgoing response" date="2025-03-29T16:00:27.045" type="response" statusCode="200" statusText="OK" /><!-- duration: 2ms -->
</step><!-- duration: 204ms -->
