<step title="Incoming Request" date="2025-03-29T04:24:57.385" instance="9f55e4" url="/reading-road-voice-demo.git/info/refs?service=git-upload-pack" method="GET" type="request" pid="767,1,27" Accept="*/*" Host="reading-road-voice-demo.scm.azurewebsites.net" User-Agent="git/2.47.0.windows.2 (Windows 11 Pro 10.0.22621; win32 x64) vscode/1.96.2 (Cursor)" Accept-Encoding="deflate, gzip, br, zstd" Authorization="Bas..." Pragma="no-cache" git-protocol="version=2" X-ARR-LOG-ID="2717d024-1c71-40dd-9bef-02ac7110e909" CLIENT-IP="64.180.26.65:57861" X-SITE-DEPLOYMENT-ID="reading-road-voice-demo" WAS-DEFAULT-HOSTNAME="reading-road-voice-demo.scm.azurewebsites.net" X-Forwarded-Proto="https" X-AppService-Proto="https" X-Forwarded-TlsVersion="1.3" X-WAWS-Unencoded-URL="/reading-road-voice-demo.git/info/refs?service=git-upload-pack" X-Client-IP="64.180.26.65" X-Client-Port="57861" >
  <step title="Cleanup Xml Logs" date="2025-03-29T04:24:57.386" >
    <step title="Cleanup Infos" date="2025-03-29T04:24:57.394" totalFiles="354" totalCleanup="194" /><!-- duration: 2ms -->
  </step><!-- duration: 10ms -->
  <step title="InfoRefsService.Execute" date="2025-03-29T04:24:57.400" >
    <step title="Executing external process" date="2025-03-29T04:24:57.405" type="process" path="git" arguments="rev-parse --git-dir" /><!-- duration: 42ms -->
    <step title="Assuming git repository at /home/site/repository" date="2025-03-29T04:24:57.449" /><!-- duration: 3ms -->
    <step title="InfoRefsService.SmartInfoRefs" date="2025-03-29T04:24:57.455" >
      <step title="Executing external process" date="2025-03-29T04:24:57.461" type="process" path="git" arguments="rev-parse --git-dir" /><!-- duration: 17ms -->
      <step title="Assuming git repository at /home/site/repository" date="2025-03-29T04:24:57.480" /><!-- duration: 2ms -->
      <step title="GitExeServer.AdvertiseUploadPack" date="2025-03-29T04:24:57.487" >
        <step title="Executing external process" date="2025-03-29T04:24:57.489" type="process" path="git" arguments="upload-pack --stateless-rpc --advertise-refs &quot;/home/site/repository&quot;" /><!-- duration: 36ms -->
      </step><!-- duration: 42ms -->
      <step title="Writing 288 bytes" date="2025-03-29T04:24:57.531" /><!-- duration: 1ms -->
    </step><!-- duration: 78ms -->
  </step><!-- duration: 134ms -->
  <step title="Outgoing response" date="2025-03-29T04:24:57.537" type="response" statusCode="200" statusText="OK" /><!-- duration: 2ms -->
</step><!-- duration: 156ms -->
