<step title="Incoming Request" date="2025-03-29T16:41:15.240" instance="9f55e4" url="/reading-road-voice-demo.git/info/refs?service=git-upload-pack" method="GET" type="request" pid="768,1,29" Accept="*/*" Host="reading-road-voice-demo.scm.azurewebsites.net" User-Agent="git/2.47.0.windows.2 (Windows 11 Pro 10.0.22621; win32 x64) vscode/1.96.2 (Cursor)" Accept-Encoding="deflate, gzip, br, zstd" Authorization="Bas..." Pragma="no-cache" git-protocol="version=2" X-ARR-LOG-ID="403ab648-fb5c-4915-a0e4-5247798999e1" CLIENT-IP="64.180.26.65:64246" X-SITE-DEPLOYMENT-ID="reading-road-voice-demo" WAS-DEFAULT-HOSTNAME="reading-road-voice-demo.scm.azurewebsites.net" X-Forwarded-Proto="https" X-AppService-Proto="https" X-Forwarded-TlsVersion="1.3" X-WAWS-Unencoded-URL="/reading-road-voice-demo.git/info/refs?service=git-upload-pack" X-Client-IP="64.180.26.65" X-Client-Port="64246" >
  <step title="Cleanup Xml Logs" date="2025-03-29T16:41:15.297" >
    <step title="Cleanup Infos" date="2025-03-29T16:41:16.486" totalFiles="437" totalCleanup="277" /><!-- duration: 4ms -->
  </step><!-- duration: 1196ms -->
  <step title="InfoRefsService.Execute" date="2025-03-29T16:41:16.497" >
    <step title="Executing external process" date="2025-03-29T16:41:16.512" type="process" path="git" arguments="rev-parse --git-dir" /><!-- duration: 57ms -->
    <step title="Assuming git repository at /home/site/repository" date="2025-03-29T16:41:16.570" /><!-- duration: 1ms -->
    <step title="InfoRefsService.SmartInfoRefs" date="2025-03-29T16:41:16.573" >
      <step title="Executing external process" date="2025-03-29T16:41:16.579" type="process" path="git" arguments="rev-parse --git-dir" /><!-- duration: 11ms -->
      <step title="Assuming git repository at /home/site/repository" date="2025-03-29T16:41:16.598" /><!-- duration: 1ms -->
      <step title="GitExeServer.AdvertiseUploadPack" date="2025-03-29T16:41:16.620" >
        <step title="Executing external process" date="2025-03-29T16:41:16.627" type="process" path="git" arguments="upload-pack --stateless-rpc --advertise-refs &quot;/home/site/repository&quot;" /><!-- duration: 58ms -->
      </step><!-- duration: 66ms -->
      <step title="Writing 288 bytes" date="2025-03-29T16:41:16.687" /><!-- duration: 1ms -->
    </step><!-- duration: 116ms -->
  </step><!-- duration: 193ms -->
  <step title="Outgoing response" date="2025-03-29T16:41:16.692" type="response" statusCode="200" statusText="OK" /><!-- duration: 6ms -->
</step><!-- duration: 1459ms -->
