<step title="Incoming Request" date="2025-03-29T05:12:24.237" instance="9f55e4" url="/api/deployments/latest" method="GET" type="request" pid="772,1,19" Accept="*/*" Host="reading-road-voice-demo.scm.azurewebsites.net" User-Agent="AZURECLI/2.70.0 (MSI)" Accept-Encoding="gzip, deflate" Authorization="Bas..." x-ms-client-request-id="4ecc6a5b-0c5c-11f0-8039-8c3b4a441321" X-ARR-LOG-ID="4ecc6a5b-0c5c-11f0-8039-8c3b4a441321" CLIENT-IP="64.180.26.65:59055" X-SITE-DEPLOYMENT-ID="reading-road-voice-demo" WAS-DEFAULT-HOSTNAME="reading-road-voice-demo.scm.azurewebsites.net" X-Forwarded-Proto="https" X-AppService-Proto="https" X-Forwarded-TlsVersion="1.3" X-WAWS-Unencoded-URL="/api/deployments/latest" X-Client-IP="64.180.26.65" X-Client-Port="59055" >
  <step title="Cleanup Xml Logs" date="2025-03-29T05:12:24.247" >
    <step title="Cleanup Infos" date="2025-03-29T05:12:24.348" totalFiles="394" totalCleanup="234" /><!-- duration: 9ms -->
  </step><!-- duration: 121ms -->
  <step title="DeploymentService.GetResult" date="2025-03-29T05:12:24.418" >
    <step title="DeploymentService.GetLatestDeployment" date="2025-03-29T05:12:24.447" >
      <step title="DeploymentManager.GetResults" date="2025-03-29T05:12:24.459" /><!-- duration: 371ms -->
      <step title="Deployment temp-40eda3b6 is Pending" date="2025-03-29T05:12:24.849" /><!-- duration: 3ms -->
    </step><!-- duration: 449ms -->
    <step title="Redirecting to latest deployment: https://reading-road-voice-demo.scm.azurewebsites.net/api/deployments/latest" date="2025-03-29T05:12:24.899" /><!-- duration: 18ms -->
  </step><!-- duration: 501ms -->
  <step title="Outgoing response" date="2025-03-29T05:12:24.938" type="response" statusCode="202" statusText="Accepted" /><!-- duration: 9ms -->
</step><!-- duration: 712ms -->
