<step title="Incoming Request" date="2025-03-29T14:47:15.904" instance="9f55e4" url="/reading-road-voice-demo.git/info/refs?service=git-upload-pack" method="GET" type="request" pid="768,1,21" Accept="*/*" Host="reading-road-voice-demo.scm.azurewebsites.net" User-Agent="git/2.47.0.windows.2 (Windows 11 Pro 10.0.22621; win32 x64) vscode/1.96.2 (Cursor)" Accept-Encoding="deflate, gzip, br, zstd" Authorization="Bas..." Pragma="no-cache" git-protocol="version=2" X-ARR-LOG-ID="155a211d-8a89-467c-aeeb-eb58c0c059ca" CLIENT-IP="64.180.26.65:61201" X-SITE-DEPLOYMENT-ID="reading-road-voice-demo" WAS-DEFAULT-HOSTNAME="reading-road-voice-demo.scm.azurewebsites.net" X-Forwarded-Proto="https" X-AppService-Proto="https" X-Forwarded-TlsVersion="1.3" X-WAWS-Unencoded-URL="/reading-road-voice-demo.git/info/refs?service=git-upload-pack" X-Client-IP="64.180.26.65" X-Client-Port="61201" >
  <step title="InfoRefsService.Execute" date="2025-03-29T14:47:19.059" >
    <step title="Executing external process" date="2025-03-29T14:47:19.196" type="process" path="git" arguments="rev-parse --git-dir" /><!-- duration: 288ms -->
    <step title="Assuming git repository at /home/site/repository" date="2025-03-29T14:47:19.486" /><!-- duration: 11ms -->
    <step title="InfoRefsService.SmartInfoRefs" date="2025-03-29T14:47:19.500" >
      <step title="Executing external process" date="2025-03-29T14:47:19.516" type="process" path="git" arguments="rev-parse --git-dir" /><!-- duration: 18ms -->
      <step title="Assuming git repository at /home/site/repository" date="2025-03-29T14:47:19.536" /><!-- duration: 1ms -->
      <step title="GitExeServer.AdvertiseUploadPack" date="2025-03-29T14:47:19.543" >
        <step title="Executing external process" date="2025-03-29T14:47:19.544" type="process" path="git" arguments="upload-pack --stateless-rpc --advertise-refs &quot;/home/site/repository&quot;" /><!-- duration: 330ms -->
      </step><!-- duration: 333ms -->
      <step title="Writing 288 bytes" date="2025-03-29T14:47:19.877" /><!-- duration: 1ms -->
    </step><!-- duration: 388ms -->
  </step><!-- duration: 837ms -->
  <step title="Outgoing response" date="2025-03-29T14:47:19.917" type="response" statusCode="200" statusText="OK" /><!-- duration: 3ms -->
</step><!-- duration: 4017ms -->
