<step title="Incoming Request" date="2025-03-29T15:49:23.834" instance="9f55e4" url="/reading-road-voice-demo.git/info/refs?service=git-upload-pack" method="GET" type="request" pid="768,1,21" Accept="*/*" Host="reading-road-voice-demo.scm.azurewebsites.net" User-Agent="git/2.47.0.windows.2 (Windows 11 Pro 10.0.22621; win32 x64) vscode/1.96.2 (Cursor)" Accept-Encoding="deflate, gzip, br, zstd" Authorization="Bas..." Pragma="no-cache" git-protocol="version=2" X-ARR-LOG-ID="9f85d4cf-791e-45da-9104-9d544f365813" CLIENT-IP="64.180.26.65:63260" X-SITE-DEPLOYMENT-ID="reading-road-voice-demo" WAS-DEFAULT-HOSTNAME="reading-road-voice-demo.scm.azurewebsites.net" X-Forwarded-Proto="https" X-AppService-Proto="https" X-Forwarded-TlsVersion="1.3" X-WAWS-Unencoded-URL="/reading-road-voice-demo.git/info/refs?service=git-upload-pack" X-Client-IP="64.180.26.65" X-Client-Port="63260" >
  <step title="Cleanup Xml Logs" date="2025-03-29T15:49:23.836" >
    <step title="Cleanup Infos" date="2025-03-29T15:49:23.846" totalFiles="431" totalCleanup="271" /><!-- duration: 2ms -->
  </step><!-- duration: 13ms -->
  <step title="InfoRefsService.Execute" date="2025-03-29T15:49:23.852" >
    <step title="Executing external process" date="2025-03-29T15:49:23.858" type="process" path="git" arguments="rev-parse --git-dir" /><!-- duration: 19ms -->
    <step title="Assuming git repository at /home/site/repository" date="2025-03-29T15:49:23.879" /><!-- duration: 1ms -->
    <step title="InfoRefsService.SmartInfoRefs" date="2025-03-29T15:49:23.882" >
      <step title="Executing external process" date="2025-03-29T15:49:23.888" type="process" path="git" arguments="rev-parse --git-dir" /><!-- duration: 12ms -->
      <step title="Assuming git repository at /home/site/repository" date="2025-03-29T15:49:23.901" /><!-- duration: 1ms -->
      <step title="GitExeServer.AdvertiseUploadPack" date="2025-03-29T15:49:23.913" >
        <step title="Executing external process" date="2025-03-29T15:49:23.915" type="process" path="git" arguments="upload-pack --stateless-rpc --advertise-refs &quot;/home/site/repository&quot;" /><!-- duration: 50ms -->
      </step><!-- duration: 53ms -->
      <step title="Writing 288 bytes" date="2025-03-29T15:49:23.968" /><!-- duration: 1ms -->
    </step><!-- duration: 89ms -->
  </step><!-- duration: 120ms -->
  <step title="Outgoing response" date="2025-03-29T15:49:23.974" type="response" statusCode="200" statusText="OK" /><!-- duration: 5ms -->
</step><!-- duration: 146ms -->
