<step title="Incoming Request" date="2025-03-29T03:55:02.109" instance="9f55e4" url="/api/deployments/latest" method="GET" type="request" pid="767,1,16" Accept="*/*" Host="reading-road-voice-demo.scm.azurewebsites.net" User-Agent="AZURECLI/2.70.0 (MSI)" Accept-Encoding="gzip, deflate" Authorization="Bas..." x-ms-client-request-id="818dd196-0c51-11f0-b29c-8c3b4a441321" X-ARR-LOG-ID="818dd196-0c51-11f0-b29c-8c3b4a441321" CLIENT-IP="64.180.26.65:56712" X-SITE-DEPLOYMENT-ID="reading-road-voice-demo" WAS-DEFAULT-HOSTNAME="reading-road-voice-demo.scm.azurewebsites.net" X-Forwarded-Proto="https" X-AppService-Proto="https" X-Forwarded-TlsVersion="1.3" X-WAWS-Unencoded-URL="/api/deployments/latest" X-Client-IP="64.180.26.65" X-Client-Port="56712" >
  <step title="Cleanup Xml Logs" date="2025-03-29T03:55:02.124" >
    <step title="Cleanup Infos" date="2025-03-29T03:55:02.133" totalFiles="315" totalCleanup="155" /><!-- duration: 3ms -->
  </step><!-- duration: 21ms -->
  <step title="DeploymentService.GetResult" date="2025-03-29T03:55:02.266" >
    <step title="DeploymentService.GetLatestDeployment" date="2025-03-29T03:55:02.290" >
      <step title="DeploymentManager.GetResults" date="2025-03-29T03:55:02.293" /><!-- duration: 284ms -->
      <step title="Deployment b8609a14-d405-4ab0-a00f-0b1c6e075024 is Building" date="2025-03-29T03:55:02.579" /><!-- duration: 7ms -->
    </step><!-- duration: 297ms -->
    <step title="Redirecting to latest deployment: https://reading-road-voice-demo.scm.azurewebsites.net/api/deployments/latest" date="2025-03-29T03:55:02.588" /><!-- duration: 1ms -->
  </step><!-- duration: 325ms -->
  <step title="Outgoing response" date="2025-03-29T03:55:02.595" type="response" statusCode="202" statusText="Accepted" /><!-- duration: 1ms -->
</step><!-- duration: 489ms -->
