<step title="Incoming Request" date="2025-03-29T16:49:15.310" instance="9f55e4" url="/reading-road-voice-demo.git/info/refs?service=git-upload-pack" method="GET" type="request" pid="768,1,17" Accept="*/*" Host="reading-road-voice-demo.scm.azurewebsites.net" User-Agent="git/2.47.0.windows.2 (Windows 11 Pro 10.0.22621; win32 x64) vscode/1.96.2 (Cursor)" Accept-Encoding="deflate, gzip, br, zstd" Authorization="Bas..." Pragma="no-cache" git-protocol="version=2" X-ARR-LOG-ID="e7dd341d-6bb9-4579-9127-3b5299a72b0c" CLIENT-IP="64.180.26.65:64748" X-SITE-DEPLOYMENT-ID="reading-road-voice-demo" WAS-DEFAULT-HOSTNAME="reading-road-voice-demo.scm.azurewebsites.net" X-Forwarded-Proto="https" X-AppService-Proto="https" X-Forwarded-TlsVersion="1.3" X-WAWS-Unencoded-URL="/reading-road-voice-demo.git/info/refs?service=git-upload-pack" X-Client-IP="64.180.26.65" X-Client-Port="64748" >
  <step title="Cleanup Xml Logs" date="2025-03-29T16:49:15.311" >
    <step title="Cleanup Infos" date="2025-03-29T16:49:15.317" totalFiles="439" totalCleanup="279" /><!-- duration: 2ms -->
  </step><!-- duration: 9ms -->
  <step title="InfoRefsService.Execute" date="2025-03-29T16:49:15.327" >
    <step title="Executing external process" date="2025-03-29T16:49:15.338" type="process" path="git" arguments="rev-parse --git-dir" /><!-- duration: 37ms -->
    <step title="Assuming git repository at /home/site/repository" date="2025-03-29T16:49:15.376" /><!-- duration: 1ms -->
    <step title="InfoRefsService.SmartInfoRefs" date="2025-03-29T16:49:15.380" >
      <step title="Executing external process" date="2025-03-29T16:49:15.384" type="process" path="git" arguments="rev-parse --git-dir" /><!-- duration: 14ms -->
      <step title="Assuming git repository at /home/site/repository" date="2025-03-29T16:49:15.400" /><!-- duration: 1ms -->
      <step title="GitExeServer.AdvertiseUploadPack" date="2025-03-29T16:49:15.408" >
        <step title="Executing external process" date="2025-03-29T16:49:15.409" type="process" path="git" arguments="upload-pack --stateless-rpc --advertise-refs &quot;/home/site/repository&quot;" /><!-- duration: 37ms -->
      </step><!-- duration: 40ms -->
      <step title="Writing 288 bytes" date="2025-03-29T16:49:15.452" /><!-- duration: 2ms -->
    </step><!-- duration: 76ms -->
  </step><!-- duration: 130ms -->
  <step title="Outgoing response" date="2025-03-29T16:49:15.468" type="response" statusCode="200" statusText="OK" /><!-- duration: 5ms -->
</step><!-- duration: 164ms -->
