<step title="Incoming Request" date="2025-03-29T03:48:37.096" instance="9f55e4" url="/api/deployments/latest" method="GET" type="request" pid="767,1,7" Accept="*/*" Host="reading-road-voice-demo.scm.azurewebsites.net" User-Agent="AZURECLI/2.70.0 (MSI)" Accept-Encoding="gzip, deflate" Authorization="Bas..." x-ms-client-request-id="71d0398d-0c50-11f0-9584-8c3b4a441321" X-ARR-LOG-ID="71d0398d-0c50-11f0-9584-8c3b4a441321" CLIENT-IP="64.180.26.65:56495" X-SITE-DEPLOYMENT-ID="reading-road-voice-demo" WAS-DEFAULT-HOSTNAME="reading-road-voice-demo.scm.azurewebsites.net" X-Forwarded-Proto="https" X-AppService-Proto="https" X-Forwarded-TlsVersion="1.3" X-WAWS-Unencoded-URL="/api/deployments/latest" X-Client-IP="64.180.26.65" X-Client-Port="56495" >
  <step title="Cleanup Xml Logs" date="2025-03-29T03:48:37.097" >
    <step title="Cleanup Infos" date="2025-03-29T03:48:37.109" totalFiles="300" totalCleanup="140" /><!-- duration: 8ms -->
  </step><!-- duration: 21ms -->
  <step title="DeploymentService.GetResult" date="2025-03-29T03:48:37.135" >
    <step title="DeploymentService.GetLatestDeployment" date="2025-03-29T03:48:37.145" >
      <step title="DeploymentManager.GetResults" date="2025-03-29T03:48:37.147" /><!-- duration: 186ms -->
      <step title="Deployment temp-ead5a591 is Pending" date="2025-03-29T03:48:37.334" /><!-- duration: 1ms -->
    </step><!-- duration: 198ms -->
    <step title="Redirecting to latest deployment: https://reading-road-voice-demo.scm.azurewebsites.net/api/deployments/latest" date="2025-03-29T03:48:37.344" /><!-- duration: 8ms -->
  </step><!-- duration: 219ms -->
  <step title="Outgoing response" date="2025-03-29T03:48:37.364" type="response" statusCode="202" statusText="Accepted" /><!-- duration: 1ms -->
</step><!-- duration: 287ms -->
