<step title="Incoming Request" date="2025-03-29T16:58:37.155" instance="9f55e4" url="/reading-road-voice-demo.git/info/refs?service=git-upload-pack" method="GET" type="request" pid="770,1,7" Accept="*/*" Host="reading-road-voice-demo.scm.azurewebsites.net" User-Agent="git/2.47.0.windows.2 (Windows 11 Pro 10.0.22621; win32 x64) vscode/1.96.2 (Cursor)" Accept-Encoding="deflate, gzip, br, zstd" Authorization="Bas..." Pragma="no-cache" git-protocol="version=2" X-ARR-LOG-ID="c6d2cb10-4602-47f8-840c-a5c46f91e582" CLIENT-IP="64.180.26.65:65171" X-SITE-DEPLOYMENT-ID="reading-road-voice-demo" WAS-DEFAULT-HOSTNAME="reading-road-voice-demo.scm.azurewebsites.net" X-Forwarded-Proto="https" X-AppService-Proto="https" X-Forwarded-TlsVersion="1.3" X-WAWS-Unencoded-URL="/reading-road-voice-demo.git/info/refs?service=git-upload-pack" X-Client-IP="64.180.26.65" X-Client-Port="65171" >
  <step title="Cleanup Xml Logs" date="2025-03-29T16:58:37.157" >
    <step title="Cleanup Infos" date="2025-03-29T16:58:37.167" totalFiles="445" totalCleanup="285" /><!-- duration: 2ms -->
  </step><!-- duration: 13ms -->
  <step title="InfoRefsService.Execute" date="2025-03-29T16:58:37.273" >
    <step title="Executing external process" date="2025-03-29T16:58:37.285" type="process" path="git" arguments="rev-parse --git-dir" /><!-- duration: 80ms -->
    <step title="Assuming git repository at /home/site/repository" date="2025-03-29T16:58:37.375" /><!-- duration: 2ms -->
    <step title="InfoRefsService.SmartInfoRefs" date="2025-03-29T16:58:37.381" >
      <step title="Executing external process" date="2025-03-29T16:58:37.398" type="process" path="git" arguments="rev-parse --git-dir" /><!-- duration: 15ms -->
      <step title="Assuming git repository at /home/site/repository" date="2025-03-29T16:58:37.419" /><!-- duration: 2ms -->
      <step title="GitExeServer.AdvertiseUploadPack" date="2025-03-29T16:58:37.424" >
        <step title="Executing external process" date="2025-03-29T16:58:37.426" type="process" path="git" arguments="upload-pack --stateless-rpc --advertise-refs &quot;/home/site/repository&quot;" /><!-- duration: 35ms -->
      </step><!-- duration: 39ms -->
      <step title="Writing 288 bytes" date="2025-03-29T16:58:37.470" /><!-- duration: 1ms -->
    </step><!-- duration: 93ms -->
  </step><!-- duration: 203ms -->
  <step title="Outgoing response" date="2025-03-29T16:58:37.491" type="response" statusCode="200" statusText="OK" /><!-- duration: 8ms -->
</step><!-- duration: 345ms -->
