<step title="Incoming Request" date="2025-03-29T03:51:58.146" instance="9f55e4" url="/reading-road-voice-demo.git/info/refs?service=git-upload-pack" method="GET" type="request" pid="770,1,5" Accept="*/*" Host="reading-road-voice-demo.scm.azurewebsites.net" User-Agent="git/2.47.0.windows.2 (Windows 11 Pro 10.0.22621; win32 x64) vscode/1.96.2 (Cursor)" Accept-Encoding="deflate, gzip, br, zstd" Authorization="Bas..." Pragma="no-cache" git-protocol="version=2" X-ARR-LOG-ID="243e812f-730e-4005-a72d-3c3f88232a33" CLIENT-IP="64.180.26.65:56636" X-SITE-DEPLOYMENT-ID="reading-road-voice-demo" WAS-DEFAULT-HOSTNAME="reading-road-voice-demo.scm.azurewebsites.net" X-Forwarded-Proto="https" X-AppService-Proto="https" X-Forwarded-TlsVersion="1.3" X-WAWS-Unencoded-URL="/reading-road-voice-demo.git/info/refs?service=git-upload-pack" X-Client-IP="64.180.26.65" X-Client-Port="56636" >
  <step title="Cleanup Xml Logs" date="2025-03-29T03:51:58.148" >
    <step title="Cleanup Infos" date="2025-03-29T03:51:58.185" totalFiles="310" totalCleanup="150" /><!-- duration: 20ms -->
  </step><!-- duration: 59ms -->
  <step title="InfoRefsService.Execute" date="2025-03-29T03:51:58.236" >
    <step title="Executing external process" date="2025-03-29T03:51:58.287" type="process" path="git" arguments="rev-parse --git-dir" /><!-- duration: 211ms -->
    <step title="Assuming git repository at /home/site/repository" date="2025-03-29T03:51:58.507" /><!-- duration: 1ms -->
    <step title="InfoRefsService.SmartInfoRefs" date="2025-03-29T03:51:58.519" >
      <step title="Executing external process" date="2025-03-29T03:51:58.558" type="process" path="git" arguments="rev-parse --git-dir" /><!-- duration: 50ms -->
      <step title="Assuming git repository at /home/site/repository" date="2025-03-29T03:51:58.617" /><!-- duration: 2ms -->
      <step title="GitExeServer.AdvertiseUploadPack" date="2025-03-29T03:51:58.638" >
        <step title="Executing external process" date="2025-03-29T03:51:58.646" type="process" path="git" arguments="upload-pack --stateless-rpc --advertise-refs &quot;/home/site/repository&quot;" /><!-- duration: 101ms -->
      </step><!-- duration: 118ms -->
      <step title="Writing 288 bytes" date="2025-03-29T03:51:58.757" /><!-- duration: 1ms -->
    </step><!-- duration: 257ms -->
  </step><!-- duration: 551ms -->
  <step title="Outgoing response" date="2025-03-29T03:51:58.877" type="response" statusCode="200" statusText="OK" /><!-- duration: 11ms -->
</step><!-- duration: 750ms -->
