<step title="Incoming Request" date="2025-03-29T05:12:33.693" instance="9f55e4" url="/api/deployments/latest" method="GET" type="request" pid="772,1,15" Accept="*/*" Host="reading-road-voice-demo.scm.azurewebsites.net" User-Agent="AZURECLI/2.70.0 (MSI)" Accept-Encoding="gzip, deflate" Authorization="Bas..." x-ms-client-request-id="4ecc6a5b-0c5c-11f0-8039-8c3b4a441321" X-ARR-LOG-ID="4ecc6a5b-0c5c-11f0-8039-8c3b4a441321" CLIENT-IP="64.180.26.65:59063" X-SITE-DEPLOYMENT-ID="reading-road-voice-demo" WAS-DEFAULT-HOSTNAME="reading-road-voice-demo.scm.azurewebsites.net" X-Forwarded-Proto="https" X-AppService-Proto="https" X-Forwarded-TlsVersion="1.3" X-WAWS-Unencoded-URL="/api/deployments/latest" X-Client-IP="64.180.26.65" X-Client-Port="59063" >
  <step title="DeploymentService.GetResult" date="2025-03-29T05:12:33.708" >
    <step title="DeploymentService.GetLatestDeployment" date="2025-03-29T05:12:33.709" >
      <step title="DeploymentManager.GetResults" date="2025-03-29T05:12:33.711" /><!-- duration: 767ms -->
      <step title="Deployment b4c05ddd-9aa8-491b-907d-ce935451771b is Building" date="2025-03-29T05:12:34.499" /><!-- duration: 18ms -->
    </step><!-- duration: 809ms -->
    <step title="Redirecting to latest deployment: https://reading-road-voice-demo.scm.azurewebsites.net/api/deployments/latest" date="2025-03-29T05:12:34.520" /><!-- duration: 9ms -->
  </step><!-- duration: 830ms -->
  <step title="Outgoing response" date="2025-03-29T05:12:34.540" type="response" statusCode="202" statusText="Accepted" /><!-- duration: 8ms -->
</step><!-- duration: 860ms -->
