<step title="Incoming Request" date="2025-03-29T04:46:28.435" instance="9f55e4" url="/reading-road-voice-demo.git/info/refs?service=git-upload-pack" method="GET" type="request" pid="767,1,23" Accept="*/*" Host="reading-road-voice-demo.scm.azurewebsites.net" User-Agent="git/2.47.0.windows.2 (Windows 11 Pro 10.0.22621; win32 x64) vscode/1.96.2 (Cursor)" Accept-Encoding="deflate, gzip, br, zstd" Authorization="Bas..." Pragma="no-cache" git-protocol="version=2" X-ARR-LOG-ID="856a2644-68c0-4ec2-a8fd-e11c291df17d" CLIENT-IP="64.180.26.65:58336" X-SITE-DEPLOYMENT-ID="reading-road-voice-demo" WAS-DEFAULT-HOSTNAME="reading-road-voice-demo.scm.azurewebsites.net" X-Forwarded-Proto="https" X-AppService-Proto="https" X-Forwarded-TlsVersion="1.3" X-WAWS-Unencoded-URL="/reading-road-voice-demo.git/info/refs?service=git-upload-pack" X-Client-IP="64.180.26.65" X-Client-Port="58336" >
  <step title="Cleanup Xml Logs" date="2025-03-29T04:46:28.443" >
    <step title="Cleanup Infos" date="2025-03-29T04:46:28.466" totalFiles="363" totalCleanup="203" /><!-- duration: 38ms -->
  </step><!-- duration: 82ms -->
  <step title="InfoRefsService.Execute" date="2025-03-29T04:46:28.567" >
    <step title="Executing external process" date="2025-03-29T04:46:28.597" type="process" path="git" arguments="rev-parse --git-dir" /><!-- duration: 190ms -->
    <step title="Assuming git repository at /home/site/repository" date="2025-03-29T04:46:28.826" /><!-- duration: 1ms -->
    <step title="InfoRefsService.SmartInfoRefs" date="2025-03-29T04:46:28.847" >
      <step title="Executing external process" date="2025-03-29T04:46:28.897" type="process" path="git" arguments="rev-parse --git-dir" /><!-- duration: 59ms -->
      <step title="Assuming git repository at /home/site/repository" date="2025-03-29T04:46:28.958" /><!-- duration: 37ms -->
      <step title="GitExeServer.AdvertiseUploadPack" date="2025-03-29T04:46:29.007" >
        <step title="Executing external process" date="2025-03-29T04:46:29.036" type="process" path="git" arguments="upload-pack --stateless-rpc --advertise-refs &quot;/home/site/repository&quot;" /><!-- duration: 141ms -->
      </step><!-- duration: 172ms -->
      <step title="Writing 288 bytes" date="2025-03-29T04:46:29.197" /><!-- duration: 1ms -->
    </step><!-- duration: 381ms -->
  </step><!-- duration: 670ms -->
  <step title="Outgoing response" date="2025-03-29T04:46:29.255" type="response" statusCode="200" statusText="OK" /><!-- duration: 2ms -->
</step><!-- duration: 823ms -->
