<step title="Incoming Request" date="2025-03-29T15:23:30.635" instance="9f55e4" url="/reading-road-voice-demo.git/info/refs?service=git-upload-pack" method="GET" type="request" pid="768,1,3" Accept="*/*" Host="reading-road-voice-demo.scm.azurewebsites.net" User-Agent="git/2.47.0.windows.2 (Windows 11 Pro 10.0.22621; win32 x64) vscode/1.96.2 (Cursor)" Accept-Encoding="deflate, gzip, br, zstd" Authorization="Bas..." Pragma="no-cache" git-protocol="version=2" X-ARR-LOG-ID="74c6a5ba-b1fe-4926-a328-8b2d900de583" CLIENT-IP="64.180.26.65:62613" X-SITE-DEPLOYMENT-ID="reading-road-voice-demo" WAS-DEFAULT-HOSTNAME="reading-road-voice-demo.scm.azurewebsites.net" X-Forwarded-Proto="https" X-AppService-Proto="https" X-Forwarded-TlsVersion="1.3" X-WAWS-Unencoded-URL="/reading-road-voice-demo.git/info/refs?service=git-upload-pack" X-Client-IP="64.180.26.65" X-Client-Port="62613" >
  <step title="Cleanup Xml Logs" date="2025-03-29T15:23:30.637" >
    <step title="Cleanup Infos" date="2025-03-29T15:23:30.654" totalFiles="426" totalCleanup="266" /><!-- duration: 2ms -->
  </step><!-- duration: 27ms -->
  <step title="InfoRefsService.Execute" date="2025-03-29T15:23:30.678" >
    <step title="Executing external process" date="2025-03-29T15:23:30.689" type="process" path="git" arguments="rev-parse --git-dir" /><!-- duration: 26ms -->
    <step title="Assuming git repository at /home/site/repository" date="2025-03-29T15:23:30.717" /><!-- duration: 1ms -->
    <step title="InfoRefsService.SmartInfoRefs" date="2025-03-29T15:23:30.720" >
      <step title="Executing external process" date="2025-03-29T15:23:30.754" type="process" path="git" arguments="rev-parse --git-dir" /><!-- duration: 13ms -->
      <step title="Assuming git repository at /home/site/repository" date="2025-03-29T15:23:30.775" /><!-- duration: 1ms -->
      <step title="GitExeServer.AdvertiseUploadPack" date="2025-03-29T15:23:30.779" >
        <step title="Executing external process" date="2025-03-29T15:23:30.785" type="process" path="git" arguments="upload-pack --stateless-rpc --advertise-refs &quot;/home/site/repository&quot;" /><!-- duration: 47ms -->
      </step><!-- duration: 74ms -->
      <step title="Writing 288 bytes" date="2025-03-29T15:23:30.854" /><!-- duration: 1ms -->
    </step><!-- duration: 142ms -->
  </step><!-- duration: 185ms -->
  <step title="Outgoing response" date="2025-03-29T15:23:30.871" type="response" statusCode="200" statusText="OK" /><!-- duration: 2ms -->
</step><!-- duration: 245ms -->
