<step title="Incoming Request" date="2025-03-29T02:56:41.468" instance="9f55e4" url="/reading-road-voice-demo.git/info/refs?service=git-upload-pack" method="GET" type="request" pid="769,1,7" Accept="*/*" Host="reading-road-voice-demo.scm.azurewebsites.net" User-Agent="git/2.47.0.windows.2 (Windows 11 Pro 10.0.22621; win32 x64) vscode/1.96.2 (Cursor)" Accept-Encoding="deflate, gzip, br, zstd" Authorization="Bas..." Pragma="no-cache" git-protocol="version=2" X-ARR-LOG-ID="1b0949a0-e8ae-41a7-a9f4-9b630c4c2f98" CLIENT-IP="216.232.132.69:54845" X-SITE-DEPLOYMENT-ID="reading-road-voice-demo" WAS-DEFAULT-HOSTNAME="reading-road-voice-demo.scm.azurewebsites.net" X-Forwarded-Proto="https" X-AppService-Proto="https" X-Forwarded-TlsVersion="1.3" X-WAWS-Unencoded-URL="/reading-road-voice-demo.git/info/refs?service=git-upload-pack" X-Client-IP="216.232.132.69" X-Client-Port="54845" >
  <step title="InfoRefsService.Execute" date="2025-03-29T02:56:42.283" >
    <step title="InfoRefsService.SmartInfoRefs" date="2025-03-29T02:56:42.331" >
      <step title="Acquiring Deployment Lock" date="2025-03-29T02:56:42.369" /><!-- duration: 2ms -->
      <step title="Acquired Deployment Lock" date="2025-03-29T02:56:42.431" /><!-- duration: 9ms -->
      <step title="GitExeServer.Initialize" date="2025-03-29T02:56:42.468" >
        <step title="GitExeRepository.Initialize" date="2025-03-29T02:56:42.498" >
          <step title="Executing external process" date="2025-03-29T02:56:43.039" type="process" path="git" arguments="init" /><!-- duration: 1651ms -->
          <step title="Executing external process" date="2025-03-29T02:56:44.730" type="process" path="git" arguments="config core.autocrlf false" /><!-- duration: 96ms -->
          <step title="Executing external process" date="2025-03-29T02:56:44.898" type="process" path="git" arguments="config core.preloadindex true" /><!-- duration: 147ms -->
          <step title="Executing external process" date="2025-03-29T02:56:45.058" type="process" path="git" arguments="config user.name &quot;unknown&quot;" /><!-- duration: 130ms -->
          <step title="Executing external process" date="2025-03-29T02:56:45.208" type="process" path="git" arguments="config user.email &quot;unknown&quot;" /><!-- duration: 240ms -->
          <step title="Executing external process" date="2025-03-29T02:56:45.450" type="process" path="git" arguments="config filter.lfs.clean &quot;git-lfs clean %f&quot;" /><!-- duration: 62ms -->
          <step title="Executing external process" date="2025-03-29T02:56:45.560" type="process" path="git" arguments="config filter.lfs.smudge &quot;git-lfs smudge %f&quot;" /><!-- duration: 68ms -->
          <step title="Executing external process" date="2025-03-29T02:56:45.631" type="process" path="git" arguments="config filter.lfs.required true" /><!-- duration: 299ms -->
          <step title="Configure git server" date="2025-03-29T02:56:45.951" >
            <step title="Executing external process" date="2025-03-29T02:56:45.992" type="process" path="git" arguments="config receive.denyCurrentBranch ignore" /><!-- duration: 80ms -->
          </step><!-- duration: 175ms -->
          <step title="Create deny users for .git folder" date="2025-03-29T02:56:46.149" /><!-- duration: 48ms -->
          <step title="Configure git-credential" date="2025-03-29T02:56:46.216" >
            <step title="Executing external process" date="2025-03-29T02:56:46.336" type="process" path="git" arguments="config credential.helper &quot;!&apos;/home/site/repository/.git/hooks/git-credential-invalid.sh&apos;&quot;" /><!-- duration: 312ms -->
          </step><!-- duration: 443ms -->
          <step title="Setup post receive hook" date="2025-03-29T02:56:46.667" >
            <step title="Non-Windows enviroment, granting 755 permission to post-receive hook file" date="2025-03-29T02:56:46.793" /><!-- duration: 315ms -->
          </step><!-- duration: 509ms -->
        </step><!-- duration: 4680ms -->
      </step><!-- duration: 4727ms -->
      <step title="Releasing Deployment Lock" date="2025-03-29T02:56:47.216" /><!-- duration: 10ms -->
      <step title="GitExeServer.AdvertiseUploadPack" date="2025-03-29T02:56:47.257" >
        <step title="Executing external process" date="2025-03-29T02:56:47.266" type="process" path="git" arguments="upload-pack --stateless-rpc --advertise-refs &quot;/home/site/repository&quot;" /><!-- duration: 104ms -->
      </step><!-- duration: 115ms -->
      <step title="Writing 38 bytes" date="2025-03-29T02:56:47.380" /><!-- duration: 1ms -->
    </step><!-- duration: 5059ms -->
  </step><!-- duration: 5108ms -->
  <step title="Outgoing response" date="2025-03-29T02:56:47.491" type="response" statusCode="200" statusText="OK" /><!-- duration: 10ms -->
</step><!-- duration: 6042ms -->
