<step title="Incoming Request" date="2025-03-29T17:06:09.819" instance="9f55e4" url="/reading-road-voice-demo.git/info/refs?service=git-upload-pack" method="GET" type="request" pid="770,1,25" Accept="*/*" Host="reading-road-voice-demo.scm.azurewebsites.net" User-Agent="git/2.47.0.windows.2 (Windows 11 Pro 10.0.22621; win32 x64) vscode/1.96.2 (Cursor)" Accept-Encoding="deflate, gzip, br, zstd" Authorization="Bas..." Pragma="no-cache" git-protocol="version=2" X-ARR-LOG-ID="86c1bcab-7d5a-466e-80fd-089e510a9494" CLIENT-IP="64.180.26.65:65287" X-SITE-DEPLOYMENT-ID="reading-road-voice-demo" WAS-DEFAULT-HOSTNAME="reading-road-voice-demo.scm.azurewebsites.net" X-Forwarded-Proto="https" X-AppService-Proto="https" X-Forwarded-TlsVersion="1.3" X-WAWS-Unencoded-URL="/reading-road-voice-demo.git/info/refs?service=git-upload-pack" X-Client-IP="64.180.26.65" X-Client-Port="65287" >
  <step title="Cleanup Xml Logs" date="2025-03-29T17:06:09.838" >
    <step title="Cleanup Infos" date="2025-03-29T17:06:09.849" totalFiles="450" totalCleanup="290" /><!-- duration: 2ms -->
  </step><!-- duration: 14ms -->
  <step title="InfoRefsService.Execute" date="2025-03-29T17:06:09.861" >
    <step title="Executing external process" date="2025-03-29T17:06:09.868" type="process" path="git" arguments="rev-parse --git-dir" /><!-- duration: 33ms -->
    <step title="Assuming git repository at /home/site/repository" date="2025-03-29T17:06:09.909" /><!-- duration: 1ms -->
    <step title="InfoRefsService.SmartInfoRefs" date="2025-03-29T17:06:09.912" >
      <step title="Executing external process" date="2025-03-29T17:06:09.919" type="process" path="git" arguments="rev-parse --git-dir" /><!-- duration: 19ms -->
      <step title="Assuming git repository at /home/site/repository" date="2025-03-29T17:06:09.959" /><!-- duration: 1ms -->
      <step title="GitExeServer.AdvertiseUploadPack" date="2025-03-29T17:06:09.963" >
        <step title="Executing external process" date="2025-03-29T17:06:09.968" type="process" path="git" arguments="upload-pack --stateless-rpc --advertise-refs &quot;/home/site/repository&quot;" /><!-- duration: 140ms -->
      </step><!-- duration: 165ms -->
      <step title="Writing 288 bytes" date="2025-03-29T17:06:10.129" /><!-- duration: 1ms -->
    </step><!-- duration: 226ms -->
  </step><!-- duration: 279ms -->
  <step title="Outgoing response" date="2025-03-29T17:06:10.149" type="response" statusCode="200" statusText="OK" /><!-- duration: 20ms -->
</step><!-- duration: 352ms -->
