<step title="Incoming Request" date="2025-03-29T15:45:27.751" instance="9f55e4" url="/reading-road-voice-demo.git/info/refs?service=git-upload-pack" method="GET" type="request" pid="768,1,21" Accept="*/*" Host="reading-road-voice-demo.scm.azurewebsites.net" User-Agent="git/2.47.0.windows.2 (Windows 11 Pro 10.0.22621; win32 x64) vscode/1.96.2 (Cursor)" Accept-Encoding="deflate, gzip, br, zstd" Authorization="Bas..." Pragma="no-cache" git-protocol="version=2" X-ARR-LOG-ID="7c6a24e3-cad0-4891-9b97-60684bbfbdcd" CLIENT-IP="64.180.26.65:63105" X-SITE-DEPLOYMENT-ID="reading-road-voice-demo" WAS-DEFAULT-HOSTNAME="reading-road-voice-demo.scm.azurewebsites.net" X-Forwarded-Proto="https" X-AppService-Proto="https" X-Forwarded-TlsVersion="1.3" X-WAWS-Unencoded-URL="/reading-road-voice-demo.git/info/refs?service=git-upload-pack" X-Client-IP="64.180.26.65" X-Client-Port="63105" >
  <step title="Cleanup Xml Logs" date="2025-03-29T15:45:27.752" >
    <step title="Cleanup Infos" date="2025-03-29T15:45:27.812" totalFiles="430" totalCleanup="270" /><!-- duration: 8ms -->
  </step><!-- duration: 70ms -->
  <step title="InfoRefsService.Execute" date="2025-03-29T15:45:27.843" >
    <step title="Executing external process" date="2025-03-29T15:45:27.864" type="process" path="git" arguments="rev-parse --git-dir" /><!-- duration: 138ms -->
    <step title="Assuming git repository at /home/site/repository" date="2025-03-29T15:45:28.004" /><!-- duration: 19ms -->
    <step title="InfoRefsService.SmartInfoRefs" date="2025-03-29T15:45:28.034" >
      <step title="Executing external process" date="2025-03-29T15:45:28.063" type="process" path="git" arguments="rev-parse --git-dir" /><!-- duration: 61ms -->
      <step title="Assuming git repository at /home/site/repository" date="2025-03-29T15:45:28.133" /><!-- duration: 1ms -->
      <step title="GitExeServer.AdvertiseUploadPack" date="2025-03-29T15:45:28.144" >
        <step title="Executing external process" date="2025-03-29T15:45:28.153" type="process" path="git" arguments="upload-pack --stateless-rpc --advertise-refs &quot;/home/site/repository&quot;" /><!-- duration: 162ms -->
      </step><!-- duration: 189ms -->
      <step title="Writing 288 bytes" date="2025-03-29T15:45:28.335" /><!-- duration: 8ms -->
    </step><!-- duration: 340ms -->
  </step><!-- duration: 550ms -->
  <step title="Outgoing response" date="2025-03-29T15:45:28.396" type="response" statusCode="200" statusText="OK" /><!-- duration: 8ms -->
</step><!-- duration: 655ms -->
