<step title="Incoming Request" date="2025-03-29T03:50:16.741" instance="9f55e4" url="/api/publish?type=zip" method="POST" type="request" pid="767,1,19" Accept="*/*" Host="reading-road-voice-demo.scm.azurewebsites.net" User-Agent="AZURECLI/2.70.0 (MSI)" Accept-Encoding="gzip, deflate" Authorization="Bas..." Cache-Control="no-cache" Content-Type="application/octet-stream" Cookie="ARRAffinity=9f55e46e3d2054f2a574cbda6605e6df0484dc3b864373ea25829a5320264660; ARRAffinitySameSite=9f55e46e3d2054f2a574cbda6605e6df0484dc3b864373ea25829a5320264660" Content-Length="232758" x-ms-client-request-id="e1f5c144-0c50-11f0-8616-8c3b4a441321" x-ms-artifact-checksum="e1876dbf56c97b93f7147b409a7b0cc4a39f195085d4ae42594e62f4ec31ced2" X-ARR-LOG-ID="e1f5c144-0c50-11f0-8616-8c3b4a441321" CLIENT-IP="64.180.26.65:56580" X-SITE-DEPLOYMENT-ID="reading-road-voice-demo" WAS-DEFAULT-HOSTNAME="reading-road-voice-demo.scm.azurewebsites.net" X-Forwarded-Proto="https" X-AppService-Proto="https" X-Forwarded-TlsVersion="1.3" X-WAWS-Unencoded-URL="/api/publish?type=zip" X-Client-IP="64.180.26.65" X-Client-Port="56580" >
  <step title="OneDeploy" date="2025-03-29T03:50:16.848" >
    <step title="Starting PushDeployAsync" date="2025-03-29T03:50:16.897" /><!-- duration: 2ms -->
    <step title="Writing artifact to /tmp/zipdeploy/94091b68-c375-42ee-8760-0947b7d3a657.zip" date="2025-03-29T03:50:17.070" >
      <step title="Writing multipart request body to /tmp/zipdeploy/94091b68-c375-42ee-8760-0947b7d3a657.zip" date="2025-03-29T03:50:17.108" /><!-- duration: 2ms -->
    </step><!-- duration: 179ms -->
    <step title="Attempting to fetch target branch HEAD" date="2025-03-29T03:50:17.261" /><!-- duration: 9ms -->
    <step title="Acquiring Deployment Lock" date="2025-03-29T03:50:17.280" /><!-- duration: 1ms -->
    <step title="Cannot Acquire Deployment Lock already held" date="2025-03-29T03:50:17.361" /><!-- duration: 2ms -->
    <step title="There is a deployment currently in progress. Please try again when it completes." date="2025-03-29T03:50:17.402" /><!-- duration: 8ms -->
  </step><!-- duration: 582ms -->
  <step title="Outgoing response" date="2025-03-29T03:50:17.481" type="response" statusCode="409" statusText="Conflict" /><!-- duration: 2ms -->
</step><!-- duration: 760ms -->
