<step title="Incoming Request" date="2025-03-29T04:56:31.892" instance="9f55e4" url="/reading-road-voice-demo.git/info/refs?service=git-upload-pack" method="GET" type="request" pid="767,1,29" Accept="*/*" Host="reading-road-voice-demo.scm.azurewebsites.net" User-Agent="git/2.47.0.windows.2 (Windows 11 Pro 10.0.22621; win32 x64) vscode/1.96.2 (Cursor)" Accept-Encoding="deflate, gzip, br, zstd" Authorization="Bas..." Pragma="no-cache" git-protocol="version=2" X-ARR-LOG-ID="3c8b503b-64e2-417d-940c-b2ef3cf31f0e" CLIENT-IP="64.180.26.65:58569" X-SITE-DEPLOYMENT-ID="reading-road-voice-demo" WAS-DEFAULT-HOSTNAME="reading-road-voice-demo.scm.azurewebsites.net" X-Forwarded-Proto="https" X-AppService-Proto="https" X-Forwarded-TlsVersion="1.3" X-WAWS-Unencoded-URL="/reading-road-voice-demo.git/info/refs?service=git-upload-pack" X-Client-IP="64.180.26.65" X-Client-Port="58569" >
  <step title="Cleanup Xml Logs" date="2025-03-29T04:56:31.894" >
    <step title="Cleanup Infos" date="2025-03-29T04:56:31.899" totalFiles="366" totalCleanup="206" /><!-- duration: 3ms -->
  </step><!-- duration: 10ms -->
  <step title="InfoRefsService.Execute" date="2025-03-29T04:56:31.905" >
    <step title="Executing external process" date="2025-03-29T04:56:31.913" type="process" path="git" arguments="rev-parse --git-dir" /><!-- duration: 90ms -->
    <step title="Assuming git repository at /home/site/repository" date="2025-03-29T04:56:32.005" /><!-- duration: 1ms -->
    <step title="InfoRefsService.SmartInfoRefs" date="2025-03-29T04:56:32.008" >
      <step title="Executing external process" date="2025-03-29T04:56:32.022" type="process" path="git" arguments="rev-parse --git-dir" /><!-- duration: 11ms -->
      <step title="Assuming git repository at /home/site/repository" date="2025-03-29T04:56:32.040" /><!-- duration: 1ms -->
      <step title="GitExeServer.AdvertiseUploadPack" date="2025-03-29T04:56:32.044" >
        <step title="Executing external process" date="2025-03-29T04:56:32.045" type="process" path="git" arguments="upload-pack --stateless-rpc --advertise-refs &quot;/home/site/repository&quot;" /><!-- duration: 33ms -->
      </step><!-- duration: 53ms -->
      <step title="Writing 288 bytes" date="2025-03-29T04:56:32.098" /><!-- duration: 1ms -->
    </step><!-- duration: 98ms -->
  </step><!-- duration: 215ms -->
  <step title="Outgoing response" date="2025-03-29T04:56:32.126" type="response" statusCode="200" statusText="OK" /><!-- duration: 2ms -->
</step><!-- duration: 236ms -->
