<step title="Incoming Request" date="2025-03-29T16:55:34.620" instance="9f55e4" url="/reading-road-voice-demo.git/info/refs?service=git-upload-pack" method="GET" type="request" pid="768,1,41" Accept="*/*" Host="reading-road-voice-demo.scm.azurewebsites.net" User-Agent="git/2.47.0.windows.2 (Windows 11 Pro 10.0.22621; win32 x64) vscode/1.96.2 (Cursor)" Accept-Encoding="deflate, gzip, br, zstd" Authorization="Bas..." Pragma="no-cache" git-protocol="version=2" X-ARR-LOG-ID="fdae84d8-e702-4f09-ad0c-7095b3de1743" CLIENT-IP="64.180.26.65:65007" X-SITE-DEPLOYMENT-ID="reading-road-voice-demo" WAS-DEFAULT-HOSTNAME="reading-road-voice-demo.scm.azurewebsites.net" X-Forwarded-Proto="https" X-AppService-Proto="https" X-Forwarded-TlsVersion="1.3" X-WAWS-Unencoded-URL="/reading-road-voice-demo.git/info/refs?service=git-upload-pack" X-Client-IP="64.180.26.65" X-Client-Port="65007" >
  <step title="Cleanup Xml Logs" date="2025-03-29T16:55:34.627" >
    <step title="Cleanup Infos" date="2025-03-29T16:55:34.647" totalFiles="441" totalCleanup="281" /><!-- duration: 2ms -->
  </step><!-- duration: 23ms -->
  <step title="InfoRefsService.Execute" date="2025-03-29T16:55:34.659" >
    <step title="Executing external process" date="2025-03-29T16:55:34.679" type="process" path="git" arguments="rev-parse --git-dir" /><!-- duration: 68ms -->
    <step title="Assuming git repository at /home/site/repository" date="2025-03-29T16:55:34.749" /><!-- duration: 2ms -->
    <step title="InfoRefsService.SmartInfoRefs" date="2025-03-29T16:55:34.754" >
      <step title="Executing external process" date="2025-03-29T16:55:34.767" type="process" path="git" arguments="rev-parse --git-dir" /><!-- duration: 42ms -->
      <step title="Assuming git repository at /home/site/repository" date="2025-03-29T16:55:34.827" /><!-- duration: 2ms -->
      <step title="GitExeServer.AdvertiseUploadPack" date="2025-03-29T16:55:34.839" >
        <step title="Executing external process" date="2025-03-29T16:55:34.840" type="process" path="git" arguments="upload-pack --stateless-rpc --advertise-refs &quot;/home/site/repository&quot;" /><!-- duration: 80ms -->
      </step><!-- duration: 99ms -->
      <step title="Writing 288 bytes" date="2025-03-29T16:55:34.939" /><!-- duration: 1ms -->
    </step><!-- duration: 205ms -->
  </step><!-- duration: 301ms -->
  <step title="Outgoing response" date="2025-03-29T16:55:34.989" type="response" statusCode="200" statusText="OK" /><!-- duration: 10ms -->
</step><!-- duration: 381ms -->
