<step title="BackgroundTrace" date="2025-03-29T03:20:21.960" instance="9f55e4" url="/api/zipdeploy" method="POST" >
  <step title="Cleanup Xml Logs" date="2025-03-29T03:20:21.969" >
    <step title="Cleanup Infos" date="2025-03-29T03:20:21.973" totalFiles="259" totalCleanup="99" /><!-- duration: 2ms -->
  </step><!-- duration: 7ms -->
  <step title="Creating temporary deployment - FetchDeploymentManager" date="2025-03-29T03:20:22.060" /><!-- duration: 1ms -->
  <step title="Creating temporary deployment" date="2025-03-29T03:20:22.064" /><!-- duration: 62ms -->
  <step title="Performing fetch based deployment" date="2025-03-29T03:20:22.195" >
    <step title="Cleaning up temp folders from previous zip deployments and extracting pushed zip file /tmp/zipdeploy/8b575ed8-c348-4d3d-b0ba-cda73dc4b0d6.zip (369.06 MB) to /tmp/zipdeploy/extracted" date="2025-03-29T03:20:23.349" >
      <step title="ChmodRecursive Process exited with total time taken in ms: 242" date="2025-03-29T03:20:43.244" /><!-- duration: 3ms -->
    </step><!-- duration: 19914ms -->
    <step title="Deployment timer started" date="2025-03-29T03:20:45.303" >
      <step title="DeploymentManager.Deploy(id:ee2ea2cf-e46b-4b36-8cb0-ff504ca2e0e4)" date="2025-03-29T03:20:45.310" >
        <step title="Collecting changeset information" date="2025-03-29T03:20:45.353" /><!-- duration: 91ms -->
        <step title="Updating submodules" date="2025-03-29T03:20:45.446" /><!-- duration: 1090ms -->
        <step title="Determining deployment builder" date="2025-03-29T03:20:46.688" >
          <step title="Builder is OryxBuilder" date="2025-03-29T03:20:46.714" /><!-- duration: 1ms -->
        </step><!-- duration: 29ms -->
        <step title="PreDeployment: context.CleanOutputPath False" date="2025-03-29T03:20:46.747" >
          <step title="PreDeployment: context.OutputPath /home/site/wwwroot" date="2025-03-29T03:20:46.867" >
            <step title="Building" date="2025-03-29T03:20:46.956" >
              <step title="Executing external process" date="2025-03-29T03:20:47.193" type="process" path="bash" arguments="-c &quot;oryx build /tmp/zipdeploy/extracted -o /home/site/wwwroot --platform nodejs --platform-version 18 -p virtualenv_name= --log-file /tmp/build-debug.log  -i /tmp/8dd6e70b289c102 -p compress_node_modules=tar-gz | tee /tmp/oryx-build.log ; exit $PIPESTATUS &quot;" >
                <step title="Cpu: npm install(1009,39.870s)+build.sh(895,0.050s)+oryx(870,4.330s)+tee(871,0.000s)+bash(869,0.000s)=total(44.220s)" date="2025-03-29T03:22:27.072" /><!-- duration: 18ms -->
                <step title="bash: no io activity for 61s, prev-cpu=-1.000s, current-cpu=44.220s" date="2025-03-29T03:22:27.111" /><!-- duration: 2ms -->
                <step title="Cpu: npm install(1009,72.750s)+build.sh(895,0.050s)+oryx(870,4.900s)+tee(871,0.000s)+bash(869,0.000s)=total(77.700s)" date="2025-03-29T03:23:27.969" /><!-- duration: 19ms -->
                <step title="bash: no io activity for 123s, prev-cpu=44.220s, current-cpu=77.700s" date="2025-03-29T03:23:28.065" /><!-- duration: 2ms -->
                <step title="Process dump" date="2025-03-29T03:25:20.672" exitCode="1" type="processOutput" /><!-- duration: 3ms -->
              </step><!-- duration: 273495ms -->
              <step title="Error occurred" date="2025-03-29T03:25:20.840" type="error" text="Failed to compile.

./app/activities/letter-tracing/page.tsx
Module not found: Can&apos;t resolve &apos;@/components/LetterTracer&apos;

https://nextjs.org/docs/messages/module-not-found

./app/activities/letter-tracing/page.tsx
Module not found: Can&apos;t resolve &apos;@/components/ui/button&apos;

https://nextjs.org/docs/messages/module-not-found

./app/dashboard/analytics/page.tsx
Module not found: Can&apos;t resolve &apos;@/components/dashboard/MetricCard&apos;

https://nextjs.org/docs/messages/module-not-found

./app/dashboard/analytics/page.tsx
Module not found: Can&apos;t resolve &apos;@/components/ui/select&apos;

https://nextjs.org/docs/messages/module-not-found

./app/dashboard/analytics/page.tsx
Module not found: Can&apos;t resolve &apos;@/components/ui/progress&apos;

https://nextjs.org/docs/messages/module-not-found


&gt; Build failed because of webpack errors
/bin/bash -c &quot;oryx build /tmp/zipdeploy/extracted -o /home/site/wwwroot --platform nodejs --platform-version 18 -p virtualenv_name= --log-file /tmp/build-debug.log  -i /tmp/8dd6e70b289c102 -p compress_node_modules=tar-gz | tee /tmp/oryx-build.log ; exit $PIPESTATUS &quot;" stackTrace="   at Kudu.Core.Infrastructure.Executable.ExecuteInternal(ITracer tracer, Func`2 onWriteOutput, Func`2 onWriteError, CancellationToken token, Encoding encoding, String arguments, Object[] args) in /tmp/KuduLite/Kudu.Core/Infrastructure/Executable.cs:line 239
   at Kudu.Core.Infrastructure.Executable.ExecuteWithProgressWriter(ILogger logger, ITracer tracer, CancellationToken token, String arguments, Object[] args) in /tmp/KuduLite/Kudu.Core/Infrastructure/Executable.cs:line 118
   at Kudu.Core.Deployment.Generator.ExternalCommandBuilder.RunCommand(DeploymentContext context, String command, Boolean ignoreManifest, CancellationToken token, String message) in /tmp/KuduLite/Kudu.Core/Deployment/Generator/ExternalCommandBuilder.cs:line 115" /><!-- duration: 2ms -->
              <step title="Error occurred" date="2025-03-29T03:25:20.874" type="error" text="Failed to compile.

./app/activities/letter-tracing/page.tsx
Module not found: Can&apos;t resolve &apos;@/components/LetterTracer&apos;

https://nextjs.org/docs/messages/module-not-found

./app/activities/letter-tracing/page.tsx
Module not found: Can&apos;t resolve &apos;@/components/ui/button&apos;

https://nextjs.org/docs/messages/module-not-found

./app/dashboard/analytics/page.tsx
Module not found: Can&apos;t resolve &apos;@/components/dashboard/MetricCard&apos;

https://nextjs.org/docs/messages/module-not-found

./app/dashboard/analytics/page.tsx
Module not found: Can&apos;t resolve &apos;@/components/ui/select&apos;

https://nextjs.org/docs/messages/module-not-found

./app/dashboard/analytics/page.tsx
Module not found: Can&apos;t resolve &apos;@/components/ui/progress&apos;

https://nextjs.org/docs/messages/module-not-found


&gt; Build failed because of webpack errors
/bin/bash -c &quot;oryx build /tmp/zipdeploy/extracted -o /home/site/wwwroot --platform nodejs --platform-version 18 -p virtualenv_name= --log-file /tmp/build-debug.log  -i /tmp/8dd6e70b289c102 -p compress_node_modules=tar-gz | tee /tmp/oryx-build.log ; exit $PIPESTATUS &quot;" stackTrace="   at Kudu.Core.Infrastructure.Executable.ExecuteInternal(ITracer tracer, Func`2 onWriteOutput, Func`2 onWriteError, CancellationToken token, Encoding encoding, String arguments, Object[] args) in /tmp/KuduLite/Kudu.Core/Infrastructure/Executable.cs:line 239
   at Kudu.Core.Infrastructure.Executable.ExecuteWithProgressWriter(ILogger logger, ITracer tracer, CancellationToken token, String arguments, Object[] args) in /tmp/KuduLite/Kudu.Core/Infrastructure/Executable.cs:line 118
   at Kudu.Core.Deployment.Generator.ExternalCommandBuilder.RunCommand(DeploymentContext context, String command, Boolean ignoreManifest, CancellationToken token, String message) in /tmp/KuduLite/Kudu.Core/Deployment/Generator/ExternalCommandBuilder.cs:line 115
   at Kudu.Core.Deployment.Generator.OryxBuilder.RunBuildCommand(IOryxArguments args, DeploymentContext context, CancellationToken token) in /tmp/KuduLite/Kudu.Core/Deployment/Generator/OryxBuilder.cs:line 282
   at Kudu.Core.Deployment.Generator.OryxBuilder.Build(DeploymentContext context, CancellationToken token) in /tmp/KuduLite/Kudu.Core/Deployment/Generator/OryxBuilder.cs:line 119
   at Kudu.Core.Deployment.DeploymentManager.Build(ChangeSet changeSet, ITracer tracer, IDisposable deployStep, IRepository repository, DeploymentInfoBase deploymentInfo, DeploymentAnalytics deploymentAnalytics, Boolean fullBuildByDefault, CancellationToken cancellationToken) in /tmp/KuduLite/Kudu.Core/Deployment/DeploymentManager.cs:line 770" /><!-- duration: 7ms -->
              <step title="Using GenericDeploymentLogParser" date="2025-03-29T03:25:21.097" /><!-- duration: 1ms -->
              <step title="Purge deployment items" date="2025-03-29T03:25:21.990" >
                <step title="Remove temp-d553, Failed, received at 03/29/2025 03:16:29" date="2025-03-29T03:25:22.029" /><!-- duration: 1ms -->
                <step title="Remove 20b9b57b-, Failed, received at 03/29/2025 03:07:55" date="2025-03-29T03:25:22.068" /><!-- duration: 2ms -->
                <step title="Remove temp-cf16, Failed, received at 03/29/2025 03:07:50" date="2025-03-29T03:25:22.108" /><!-- duration: 1ms -->
                <step title="Remove temp-3453, Failed, received at 03/29/2025 02:58:00" date="2025-03-29T03:25:22.145" /><!-- duration: 1ms -->
              </step><!-- duration: 159ms -->
            </step><!-- duration: 275197ms -->
          </step><!-- duration: 275305ms -->
          <step title="Error occurred" date="2025-03-29T03:25:22.173" type="error" text="Failed to compile.

./app/activities/letter-tracing/page.tsx
Module not found: Can&apos;t resolve &apos;@/components/LetterTracer&apos;

https://nextjs.org/docs/messages/module-not-found

./app/activities/letter-tracing/page.tsx
Module not found: Can&apos;t resolve &apos;@/components/ui/button&apos;

https://nextjs.org/docs/messages/module-not-found

./app/dashboard/analytics/page.tsx
Module not found: Can&apos;t resolve &apos;@/components/dashboard/MetricCard&apos;

https://nextjs.org/docs/messages/module-not-found

./app/dashboard/analytics/page.tsx
Module not found: Can&apos;t resolve &apos;@/components/ui/select&apos;

https://nextjs.org/docs/messages/module-not-found

./app/dashboard/analytics/page.tsx
Module not found: Can&apos;t resolve &apos;@/components/ui/progress&apos;

https://nextjs.org/docs/messages/module-not-found


&gt; Build failed because of webpack errors
/bin/bash -c &quot;oryx build /tmp/zipdeploy/extracted -o /home/site/wwwroot --platform nodejs --platform-version 18 -p virtualenv_name= --log-file /tmp/build-debug.log  -i /tmp/8dd6e70b289c102 -p compress_node_modules=tar-gz | tee /tmp/oryx-build.log ; exit $PIPESTATUS &quot;" stackTrace="   at Kudu.Core.Infrastructure.Executable.ExecuteInternal(ITracer tracer, Func`2 onWriteOutput, Func`2 onWriteError, CancellationToken token, Encoding encoding, String arguments, Object[] args) in /tmp/KuduLite/Kudu.Core/Infrastructure/Executable.cs:line 239
   at Kudu.Core.Infrastructure.Executable.ExecuteWithProgressWriter(ILogger logger, ITracer tracer, CancellationToken token, String arguments, Object[] args) in /tmp/KuduLite/Kudu.Core/Infrastructure/Executable.cs:line 118
   at Kudu.Core.Deployment.Generator.ExternalCommandBuilder.RunCommand(DeploymentContext context, String command, Boolean ignoreManifest, CancellationToken token, String message) in /tmp/KuduLite/Kudu.Core/Deployment/Generator/ExternalCommandBuilder.cs:line 115
   at Kudu.Core.Deployment.Generator.OryxBuilder.RunBuildCommand(IOryxArguments args, DeploymentContext context, CancellationToken token) in /tmp/KuduLite/Kudu.Core/Deployment/Generator/OryxBuilder.cs:line 282
   at Kudu.Core.Deployment.Generator.OryxBuilder.Build(DeploymentContext context, CancellationToken token) in /tmp/KuduLite/Kudu.Core/Deployment/Generator/OryxBuilder.cs:line 119
   at Kudu.Core.Deployment.DeploymentManager.Build(ChangeSet changeSet, ITracer tracer, IDisposable deployStep, IRepository repository, DeploymentInfoBase deploymentInfo, DeploymentAnalytics deploymentAnalytics, Boolean fullBuildByDefault, CancellationToken cancellationToken) in /tmp/KuduLite/Kudu.Core/Deployment/DeploymentManager.cs:line 770
   at Kudu.Core.Deployment.DeploymentManager.Build(ChangeSet changeSet, ITracer tracer, IDisposable deployStep, IRepository repository, DeploymentInfoBase deploymentInfo, DeploymentAnalytics deploymentAnalytics, Boolean fullBuildByDefault, CancellationToken cancellationToken) in /tmp/KuduLite/Kudu.Core/Deployment/DeploymentManager.cs:line 839" /><!-- duration: 1ms -->
          <step title="Cleaning up temp files" date="2025-03-29T03:25:22.206" /><!-- duration: 5098ms -->
          <step title="Cleaning up temp files" date="2025-03-29T03:25:27.312" /><!-- duration: 512ms -->
          <step title="Error occurred" date="2025-03-29T03:25:27.855" type="error" text="Failed to compile.

./app/activities/letter-tracing/page.tsx
Module not found: Can&apos;t resolve &apos;@/components/LetterTracer&apos;

https://nextjs.org/docs/messages/module-not-found

./app/activities/letter-tracing/page.tsx
Module not found: Can&apos;t resolve &apos;@/components/ui/button&apos;

https://nextjs.org/docs/messages/module-not-found

./app/dashboard/analytics/page.tsx
Module not found: Can&apos;t resolve &apos;@/components/dashboard/MetricCard&apos;

https://nextjs.org/docs/messages/module-not-found

./app/dashboard/analytics/page.tsx
Module not found: Can&apos;t resolve &apos;@/components/ui/select&apos;

https://nextjs.org/docs/messages/module-not-found

./app/dashboard/analytics/page.tsx
Module not found: Can&apos;t resolve &apos;@/components/ui/progress&apos;

https://nextjs.org/docs/messages/module-not-found


&gt; Build failed because of webpack errors
/bin/bash -c &quot;oryx build /tmp/zipdeploy/extracted -o /home/site/wwwroot --platform nodejs --platform-version 18 -p virtualenv_name= --log-file /tmp/build-debug.log  -i /tmp/8dd6e70b289c102 -p compress_node_modules=tar-gz | tee /tmp/oryx-build.log ; exit $PIPESTATUS &quot;" stackTrace="   at Kudu.Core.Infrastructure.Executable.ExecuteInternal(ITracer tracer, Func`2 onWriteOutput, Func`2 onWriteError, CancellationToken token, Encoding encoding, String arguments, Object[] args) in /tmp/KuduLite/Kudu.Core/Infrastructure/Executable.cs:line 239
   at Kudu.Core.Infrastructure.Executable.ExecuteWithProgressWriter(ILogger logger, ITracer tracer, CancellationToken token, String arguments, Object[] args) in /tmp/KuduLite/Kudu.Core/Infrastructure/Executable.cs:line 118
   at Kudu.Core.Deployment.Generator.ExternalCommandBuilder.RunCommand(DeploymentContext context, String command, Boolean ignoreManifest, CancellationToken token, String message) in /tmp/KuduLite/Kudu.Core/Deployment/Generator/ExternalCommandBuilder.cs:line 115
   at Kudu.Core.Deployment.Generator.OryxBuilder.RunBuildCommand(IOryxArguments args, DeploymentContext context, CancellationToken token) in /tmp/KuduLite/Kudu.Core/Deployment/Generator/OryxBuilder.cs:line 282
   at Kudu.Core.Deployment.Generator.OryxBuilder.Build(DeploymentContext context, CancellationToken token) in /tmp/KuduLite/Kudu.Core/Deployment/Generator/OryxBuilder.cs:line 119
   at Kudu.Core.Deployment.DeploymentManager.Build(ChangeSet changeSet, ITracer tracer, IDisposable deployStep, IRepository repository, DeploymentInfoBase deploymentInfo, DeploymentAnalytics deploymentAnalytics, Boolean fullBuildByDefault, CancellationToken cancellationToken) in /tmp/KuduLite/Kudu.Core/Deployment/DeploymentManager.cs:line 770
   at Kudu.Core.Deployment.DeploymentManager.Build(ChangeSet changeSet, ITracer tracer, IDisposable deployStep, IRepository repository, DeploymentInfoBase deploymentInfo, DeploymentAnalytics deploymentAnalytics, Boolean fullBuildByDefault, CancellationToken cancellationToken) in /tmp/KuduLite/Kudu.Core/Deployment/DeploymentManager.cs:line 839
   at Kudu.Core.Deployment.DeploymentManager.DeployAsync(IRepository repository, ChangeSet changeSet, String deployer, Boolean clean, DeploymentInfoBase deploymentInfo, Boolean needFileUpdate, Boolean fullBuildByDefault) in /tmp/KuduLite/Kudu.Core/Deployment/DeploymentManager.cs:line 266" /><!-- duration: 1ms -->
        </step><!-- duration: 281120ms -->
        <step title="Reloading status file with latest updates" date="2025-03-29T03:25:27.902" >
          <step title="WebHooksManager.PublishEventAsync: PostDeployment" date="2025-03-29T03:25:27.905" /><!-- duration: 132ms -->
        </step><!-- duration: 136ms -->
        <step title="Error occurred" date="2025-03-29T03:25:28.043" type="error" text="Failed to compile.

./app/activities/letter-tracing/page.tsx
Module not found: Can&apos;t resolve &apos;@/components/LetterTracer&apos;

https://nextjs.org/docs/messages/module-not-found

./app/activities/letter-tracing/page.tsx
Module not found: Can&apos;t resolve &apos;@/components/ui/button&apos;

https://nextjs.org/docs/messages/module-not-found

./app/dashboard/analytics/page.tsx
Module not found: Can&apos;t resolve &apos;@/components/dashboard/MetricCard&apos;

https://nextjs.org/docs/messages/module-not-found

./app/dashboard/analytics/page.tsx
Module not found: Can&apos;t resolve &apos;@/components/ui/select&apos;

https://nextjs.org/docs/messages/module-not-found

./app/dashboard/analytics/page.tsx
Module not found: Can&apos;t resolve &apos;@/components/ui/progress&apos;

https://nextjs.org/docs/messages/module-not-found


&gt; Build failed because of webpack errors
/bin/bash -c &quot;oryx build /tmp/zipdeploy/extracted -o /home/site/wwwroot --platform nodejs --platform-version 18 -p virtualenv_name= --log-file /tmp/build-debug.log  -i /tmp/8dd6e70b289c102 -p compress_node_modules=tar-gz | tee /tmp/oryx-build.log ; exit $PIPESTATUS &quot;" stackTrace="   at Kudu.Core.Infrastructure.Executable.ExecuteInternal(ITracer tracer, Func`2 onWriteOutput, Func`2 onWriteError, CancellationToken token, Encoding encoding, String arguments, Object[] args) in /tmp/KuduLite/Kudu.Core/Infrastructure/Executable.cs:line 239
   at Kudu.Core.Infrastructure.Executable.ExecuteWithProgressWriter(ILogger logger, ITracer tracer, CancellationToken token, String arguments, Object[] args) in /tmp/KuduLite/Kudu.Core/Infrastructure/Executable.cs:line 118
   at Kudu.Core.Deployment.Generator.ExternalCommandBuilder.RunCommand(DeploymentContext context, String command, Boolean ignoreManifest, CancellationToken token, String message) in /tmp/KuduLite/Kudu.Core/Deployment/Generator/ExternalCommandBuilder.cs:line 115
   at Kudu.Core.Deployment.Generator.OryxBuilder.RunBuildCommand(IOryxArguments args, DeploymentContext context, CancellationToken token) in /tmp/KuduLite/Kudu.Core/Deployment/Generator/OryxBuilder.cs:line 282
   at Kudu.Core.Deployment.Generator.OryxBuilder.Build(DeploymentContext context, CancellationToken token) in /tmp/KuduLite/Kudu.Core/Deployment/Generator/OryxBuilder.cs:line 119
   at Kudu.Core.Deployment.DeploymentManager.Build(ChangeSet changeSet, ITracer tracer, IDisposable deployStep, IRepository repository, DeploymentInfoBase deploymentInfo, DeploymentAnalytics deploymentAnalytics, Boolean fullBuildByDefault, CancellationToken cancellationToken) in /tmp/KuduLite/Kudu.Core/Deployment/DeploymentManager.cs:line 770
   at Kudu.Core.Deployment.DeploymentManager.Build(ChangeSet changeSet, ITracer tracer, IDisposable deployStep, IRepository repository, DeploymentInfoBase deploymentInfo, DeploymentAnalytics deploymentAnalytics, Boolean fullBuildByDefault, CancellationToken cancellationToken) in /tmp/KuduLite/Kudu.Core/Deployment/DeploymentManager.cs:line 839
   at Kudu.Core.Deployment.DeploymentManager.DeployAsync(IRepository repository, ChangeSet changeSet, String deployer, Boolean clean, DeploymentInfoBase deploymentInfo, Boolean needFileUpdate, Boolean fullBuildByDefault) in /tmp/KuduLite/Kudu.Core/Deployment/DeploymentManager.cs:line 266" /><!-- duration: 1ms -->
        <step title="Marking deployment as failed and cleaning up the temp deployment" date="2025-03-29T03:25:28.085" /><!-- duration: 2ms -->
      </step><!-- duration: 282848ms -->
      <step title="Error occurred" date="2025-03-29T03:25:28.168" type="error" text="One or more errors occurred. (Deployment failed)" stackTrace="   at System.Threading.Tasks.Task.Wait(Int32 , CancellationToken )
   at System.Threading.Tasks.Task.Wait()
   at Kudu.Core.Deployment.FetchDeploymentManager.&lt;&gt;c__DisplayClass22_1.&lt;PerformBackgroundDeployment&gt;b__3() in /tmp/KuduLite/Kudu.Core/Deployment/FetchDeploymentManager.cs:line 411
   at Kudu.Contracts.Infrastructure.LockExtensions.TryLockOperation(IOperationLock lockObj, Action operation, String operationName, TimeSpan timeout) in /tmp/KuduLite/Kudu.Contracts/Infrastructure/LockExtensions.cs:line 34
   at Kudu.Contracts.Infrastructure.LockExtensions.LockOperation(IOperationLock lockObj, Action operation, String operationName, TimeSpan timeout) in /tmp/KuduLite/Kudu.Contracts/Infrastructure/LockExtensions.cs:line 46
   at Kudu.Core.Deployment.FetchDeploymentManager.&lt;&gt;c__DisplayClass22_0.&lt;PerformBackgroundDeployment&gt;b__1() in /tmp/KuduLite/Kudu.Core/Deployment/FetchDeploymentManager.cs:line 393" innerText="Deployment failed" innerStackTrace="   at Kudu.Core.Deployment.DeploymentManager.DeployAsync(IRepository repository, ChangeSet changeSet, String deployer, Boolean clean, DeploymentInfoBase deploymentInfo, Boolean needFileUpdate, Boolean fullBuildByDefault) in /tmp/KuduLite/Kudu.Core/Deployment/DeploymentManager.cs:line 307
   at Kudu.Core.Deployment.FetchDeploymentManager.PerformDeployment(DeploymentInfoBase deploymentInfo, IDisposable tempDeployment, ChangeSet tempChangeSet, DeployStatusApiResult updateStatusObj) in /tmp/KuduLite/Kudu.Core/Deployment/FetchDeploymentManager.cs:line 230" /><!-- duration: 2ms -->
    </step><!-- duration: 282880ms -->
