<step title="Executing external process" date="2025-03-29T17:17:30.438" instance="9f55e4" type="process" path="kudu.exe" arguments="/home/site /opt/Kudu/msbuild" >
  <step title="Cleanup Xml Logs" date="2025-03-29T17:17:30.499" >
    <step title="Cleanup Infos" date="2025-03-29T17:17:30.520" totalFiles="465" totalCleanup="305" /><!-- duration: 29ms -->
  </step><!-- duration: 81ms -->
  <step title="Deployment timer started" date="2025-03-29T17:17:30.768" >
    <step title="Executing external process" date="2025-03-29T17:17:30.827" type="process" path="git" arguments="log -n 1 master --" /><!-- duration: 489ms -->
    <step title="DeploymentManager.Deploy(id:bf3f60e49a56710893e0da6f71ff017166098bbf)" date="2025-03-29T17:17:31.408" >
      <step title="Collecting changeset information" date="2025-03-29T17:17:31.496" /><!-- duration: 552ms -->
      <step title="Updating to specific changeset" date="2025-03-29T17:17:32.059" >
        <step title="Executing external process" date="2025-03-29T17:17:33.368" type="process" path="git" arguments="checkout master --force" /><!-- duration: 31153ms -->
      </step><!-- duration: 32473ms -->
      <step title="Updating submodules" date="2025-03-29T17:18:04.542" /><!-- duration: 147ms -->
      <step title="Determining deployment builder" date="2025-03-29T17:18:04.933" >
        <step title="Builder is RunFromZipSiteBuilder" date="2025-03-29T17:18:04.956" /><!-- duration: 1ms -->
      </step><!-- duration: 39ms -->
      <step title="PreDeployment: context.CleanOutputPath False" date="2025-03-29T17:18:05.057" >
        <step title="PreDeployment: context.OutputPath /home/site/wwwroot" date="2025-03-29T17:18:05.157" >
          <step title="Building" date="2025-03-29T17:18:05.276" >
            <step title="Triggering recycle (preview mode disabled)." date="2025-03-29T17:18:05.700" /><!-- duration: 1ms -->
            <step title="Modified file to trigger a restart of the app container." date="2025-03-29T17:18:05.730" /><!-- duration: 1ms -->
            <step title="Skip function trigger and logicapp sync because function is not enabled." date="2025-03-29T17:18:05.780" /><!-- duration: 2ms -->
          </step><!-- duration: 1236ms -->
        </step><!-- duration: 1356ms -->
        <step title="Cleaning up temp files" date="2025-03-29T17:18:06.516" /><!-- duration: 25ms -->
        <step title="Cleaning up temp files" date="2025-03-29T17:18:06.542" /><!-- duration: 510ms -->
        <step title="Reloading status file with latest updates" date="2025-03-29T17:18:07.089" >
          <step title="WebHooksManager.PublishEventAsync: PostDeployment" date="2025-03-29T17:18:07.099" /><!-- duration: 198ms -->
        </step><!-- duration: 210ms -->
        <step title="Executing external process" date="2025-03-29T17:18:07.320" type="process" path="git" arguments="log -n 1 master --" /><!-- duration: 75ms -->
      </step><!-- duration: 2348ms -->
      <step title="Perform deploy exiting successfully" date="2025-03-29T17:18:07.406" 