<step title="Incoming Request" date="2025-03-29T05:11:07.366" instance="9f55e4" url="/api/publish?type=zip" method="POST" type="request" pid="772,1,7" Accept="*/*" Host="reading-road-voice-demo.scm.azurewebsites.net" User-Agent="AZURECLI/2.70.0 (MSI)" Accept-Encoding="gzip, deflate" Authorization="Bas..." Cache-Control="no-cache" Content-Type="application/octet-stream" Cookie="ARRAffinity=9f55e46e3d2054f2a574cbda6605e6df0484dc3b864373ea25829a5320264660; ARRAffinitySameSite=9f55e46e3d2054f2a574cbda6605e6df0484dc3b864373ea25829a5320264660" Content-Length="26206336" x-ms-client-request-id="3358a994-0c5c-11f0-bc48-8c3b4a441321" x-ms-artifact-checksum="577bf92a810fcf15d5966c79106192d5c14def35d0cf880ba3e1651330e57877" X-ARR-LOG-ID="3358a994-0c5c-11f0-bc48-8c3b4a441321" CLIENT-IP="64.180.26.65:58980" X-SITE-DEPLOYMENT-ID="reading-road-voice-demo" WAS-DEFAULT-HOSTNAME="reading-road-voice-demo.scm.azurewebsites.net" X-Forwarded-Proto="https" X-AppService-Proto="https" X-Forwarded-TlsVersion="1.3" X-WAWS-Unencoded-URL="/api/publish?type=zip" X-Client-IP="64.180.26.65" X-Client-Port="58980" >
  <step title="OneDeploy" date="2025-03-29T05:11:08.066" >
    <step title="None repository commit" date="2025-03-29T05:11:08.088" >
      <step title="Commit id: 22b7fe57-058a-42d6-b2cf-bc3344ef7f1c" date="2025-03-29T05:11:08.096" Message="N/A" AuthorName="N/A" AuthorEmail="N/A" /><!-- duration: 1ms -->
    </step><!-- duration: 10ms -->
    <step title="Starting PushDeployAsync" date="2025-03-29T05:11:08.100" /><!-- duration: 1ms -->
    <step title="Writing artifact to /tmp/zipdeploy/c6f54cb4-02a8-4a33-b150-86ff46ae294d.zip" date="2025-03-29T05:11:08.135" >
      <step title="Writing multipart request body to /tmp/zipdeploy/c6f54cb4-02a8-4a33-b150-86ff46ae294d.zip" date="2025-03-29T05:11:08.145" /><!-- duration: 2ms -->
    </step><!-- duration: 1252ms -->
    <step title="Attempting to fetch target branch HEAD" date="2025-03-29T05:11:09.400" /><!-- duration: 6ms -->
    <step title="Acquiring Deployment Lock" date="2025-03-29T05:11:09.415" /><!-- duration: 2ms -->
    <step title="Acquired Deployment Lock" date="2025-03-29T05:11:09.439" /><!-- duration: 1ms -->
    <step title="Performing fetch based deployment" date="2025-03-29T05:11:09.445" >
      <step title="Creating temporary deployment" date="2025-03-29T05:11:09.454" /><!-- duration: 45ms -->
      <step title="Releasing Deployment Lock" date="2025-03-29T05:11:10.657" /><!-- duration: 3ms -->
      <step title="Cleaning up temp folders from previous zip deployments and extracting pushed zip file /tmp/zipdeploy/c6f54cb4-02a8-4a33-b150-86ff46ae294d.zip (24.99 MB) to /tmp/zipdeploy/extracted" date="2025-03-29T05:11:10.667" >
        <step title="ChmodRecursive Process exited with total time taken in ms: 120" date="2025-03-29T05:11:14.019" /><!-- duration: 11ms -->
      </step><!-- duration: 3371ms -->
      <step title="None repository commit" date="2025-03-29T05:11:14.048" >
        <step title="Commit id: 22b7fe57-058a-42d6-b2cf-bc3344ef7f1c" date="2025-03-29T05:11:14.060" Message="OneDeploy" AuthorName="N/A" AuthorEmail="N/A" /><!-- duration: 8ms -->
      </step><!-- duration: 21ms -->
      <step title="Deployment timer started" date="2025-03-29T05:11:16.076" >
        <step title="DeploymentManager.Deploy(id:22b7fe57-058a-42d6-b2cf-bc3344ef7f1c)" date="2025-03-29T05:11:16.086" >
          <step title="Collecting changeset information" date="2025-03-29T05:11:16.092" /><!-- duration: 64ms -->
          <step title="Updating submodules" date="2025-03-29T05:11:16.165" /><!-- duration: 1107ms -->
          <step title="Determining deployment builder" date="2025-03-29T05:11:17.447" >
            <step title="Builder is OneDeployBuilder" date="2025-03-29T05:11:17.464" /><!-- duration: 1ms -->
          </step><!-- duration: 19ms -->
          <step title="PreDeployment: context.CleanOutputPath False" date="2025-03-29T05:11:17.518" >
            <step title="PreDeployment: context.OutputPath /home/site/wwwroot" date="2025-03-29T05:11:17.602" >
              <step title="Building" date="2025-03-29T05:11:17.716" >
                <step title="Error occurred" date="2025-03-29T05:11:18.080" type="error" text="Invalid argument : &apos;/home/site/wwwroot/.next\types\app\api\sessions\route.ts&apos;" stackTrace="   at Interop.ThrowExceptionForIoErrno(ErrorInfo , String , Boolean , Func`2 )
   at Microsoft.Win32.SafeHandles.SafeFileHandle.Open(String , OpenFlags , Int32 )
   at Microsoft.Win32.SafeHandles.SafeFileHandle.Open(String , FileMode , FileAccess , FileShare , FileOptions , Int64 )
   at System.IO.File.OpenHandle(String , FileMode , FileAccess , FileShare , FileOptions , Int64 )
   at System.IO.FileSystem.CopyFile(String , String , Boolean )
   at System.IO.File.Copy(String , String , Boolean )
   at System.IO.Abstractions.FileWrapper.Copy(String sourceFileName, String destFileName, Boolean overwrite)
   at Kudu.Core.Infrastructure.FileSystemHelpers.CopyDirectoryRecursive(String sourceDirPath, String destinationDirPath, Boolean overwrite) in /tmp/KuduLite/Kudu.Core/Infrastructure/FileSystemHelpers.cs:line 239
   at Kudu.Core.Deployment.Generator.OneDeployBuilder.Build(DeploymentContext context, CancellationToken token) in /tmp/KuduLite/Kudu.Core/Deployment/Generator/OneDeployBuilder.cs:line 113
   at Kudu.Core.Deployment.DeploymentManager.Build(ChangeSet changeSet, ITracer tracer, IDisposable deployStep, IRepository repository, DeploymentInfoBase deploymentInfo, DeploymentAnalytics deploymentAnalytics, Boolean fullBuildByDefault, CancellationToken cancellationToken) in /tmp/KuduLite/Kudu.Core/Deployment/DeploymentManager.cs:line 770" /><!-- duration: 8ms -->
                <step title="Purge deployment items" date="2025-03-29T05:11:18.344" >
                  <step title="Remove b86d7e8a-, Failed, received at 03/29/2025 05:06:17" date="2025-03-29T05:11:18.438" /><!-- duration: 2ms -->
                  <step title="Remove temp-efc3, Failed, received at 03/29/2025 05:06:06" date="2025-03-29T05:11:18.468" /><!-- duration: 1ms -->
                  <step title="Remove 516ed431-, Failed, received at 03/29/2025 05:01:48" date="2025-03-29T05:11:18.505" /><!-- duration: 5ms -->
                </step><!-- duration: 172ms -->
              </step><!-- duration: 802ms -->
            </step><!-- duration: 920ms -->
            <step title="Error occurred" date="2025-03-29T05:11:18.525" type="error" text="Invalid argument : &apos;/home/site/wwwroot/.next\types\app\api\sessions\route.ts&apos;" stackTrace="   at Interop.ThrowExceptionForIoErrno(ErrorInfo , String , Boolean , Func`2 )
   at Microsoft.Win32.SafeHandles.SafeFileHandle.Open(String , OpenFlags , Int32 )
   at Microsoft.Win32.SafeHandles.SafeFileHandle.Open(String , FileMode , FileAccess , FileShare , FileOptions , Int64 )
   at System.IO.File.OpenHandle(String , FileMode , FileAccess , FileShare , FileOptions , Int64 )
   at System.IO.FileSystem.CopyFile(String , String , Boolean )
   at System.IO.File.Copy(String , String , Boolean )
   at System.IO.Abstractions.FileWrapper.Copy(String sourceFileName, String destFileName, Boolean overwrite)
   at Kudu.Core.Infrastructure.FileSystemHelpers.CopyDirectoryRecursive(String sourceDirPath, String destinationDirPath, Boolean overwrite) in /tmp/KuduLite/Kudu.Core/Infrastructure/FileSystemHelpers.cs:line 239
   at Kudu.Core.Deployment.Generator.OneDeployBuilder.Build(DeploymentContext context, CancellationToken token) in /tmp/KuduLite/Kudu.Core/Deployment/Generator/OneDeployBuilder.cs:line 113
   at Kudu.Core.Deployment.DeploymentManager.Build(ChangeSet changeSet, ITracer tracer, IDisposable deployStep, IRepository repository, DeploymentInfoBase deploymentInfo, DeploymentAnalytics deploymentAnalytics, Boolean fullBuildByDefault, CancellationToken cancellationToken) in /tmp/KuduLite/Kudu.Core/Deployment/DeploymentManager.cs:line 770
   at Kudu.Core.Deployment.DeploymentManager.Build(ChangeSet changeSet, ITracer tracer, IDisposable deployStep, IRepository repository, DeploymentInfoBase deploymentInfo, DeploymentAnalytics deploymentAnalytics, Boolean fullBuildByDefault, CancellationToken cancellationToken) in /tmp/KuduLite/Kudu.Core/Deployment/DeploymentManager.cs:line 839" /><!-- duration: 2ms -->
            <step title="Cleaning up temp files" date="2025-03-29T05:11:18.591" /><!-- duration: 18ms -->
            <step title="Cleaning up temp files" date="2025-03-29T05:11:18.611" /><!-- duration: 509ms -->
            <step title="Error occurred" date="2025-03-29T05:11:19.149" type="error" text="Invalid argument : &apos;/home/site/wwwroot/.next\types\app\api\sessions\route.ts&apos;" stackTrace="   at Interop.ThrowExceptionForIoErrno(ErrorInfo , String , Boolean , Func`2 )
   at Microsoft.Win32.SafeHandles.SafeFileHandle.Open(String , OpenFlags , Int32 )
   at Microsoft.Win32.SafeHandles.SafeFileHandle.Open(String , FileMode , FileAccess , FileShare , FileOptions , Int64 )
   at System.IO.File.OpenHandle(String , FileMode , FileAccess , FileShare , FileOptions , Int64 )
   at System.IO.FileSystem.CopyFile(String , String , Boolean )
   at System.IO.File.Copy(String , String , Boolean )
   at System.IO.Abstractions.FileWrapper.Copy(String sourceFileName, String destFileName, Boolean overwrite)
   at Kudu.Core.Infrastructure.FileSystemHelpers.CopyDirectoryRecursive(String sourceDirPath, String destinationDirPath, Boolean overwrite) in /tmp/KuduLite/Kudu.Core/Infrastructure/FileSystemHelpers.cs:line 239
   at Kudu.Core.Deployment.Generator.OneDeployBuilder.Build(DeploymentContext context, CancellationToken token) in /tmp/KuduLite/Kudu.Core/Deployment/Generator/OneDeployBuilder.cs:line 113
   at Kudu.Core.Deployment.DeploymentManager.Build(ChangeSet changeSet, ITracer tracer, IDisposable deployStep, IRepository repository, DeploymentInfoBase deploymentInfo, DeploymentAnalytics deploymentAnalytics, Boolean fullBuildByDefault, CancellationToken cancellationToken) in /tmp/KuduLite/Kudu.Core/Deployment/DeploymentManager.cs:line 770
   at Kudu.Core.Deployment.DeploymentManager.Build(ChangeSet changeSet, ITracer tracer, IDisposable deployStep, IRepository repository, DeploymentInfoBase deploymentInfo, DeploymentAnalytics deploymentAnalytics, Boolean fullBuildByDefault, CancellationToken cancellationToken) in /tmp/KuduLite/Kudu.Core/Deployment/DeploymentManager.cs:line 839
   at Kudu.Core.Deployment.DeploymentManager.DeployAsync(IRepository repository, ChangeSet changeSet, String deployer, Boolean clean, DeploymentInfoBase deploymentInfo, Boolean needFileUpdate, Boolean fullBuildByDefault) in /tmp/KuduLite/Kudu.Core/Deployment/DeploymentManager.cs:line 266" /><!-- duration: 2ms -->
          </step><!-- duration: 1643ms -->
          <step title="Reloading status file with latest updates" date="2025-03-29T05:11:19.202" >
            <step title="WebHooksManager.PublishEventAsync: PostDeployment" date="2025-03-29T05:11:19.204" /><!-- duration: 91ms -->
          </step><!-- duration: 96ms -->
          <step title="Error occurred" date="2025-03-29T05:11:19.299" type="error" text="Invalid argument : &apos;/home/site/wwwroot/.next\types\app\api\sessions\route.ts&apos;" stackTrace="   at Interop.ThrowExceptionForIoErrno(ErrorInfo , String , Boolean , Func`2 )
   at Microsoft.Win32.SafeHandles.SafeFileHandle.Open(String , OpenFlags , Int32 )
   at Microsoft.Win32.SafeHandles.SafeFileHandle.Open(String , FileMode , FileAccess , FileShare , FileOptions , Int64 )
   at System.IO.File.OpenHandle(String , FileMode , FileAccess , FileShare , FileOptions , Int64 )
   at System.IO.FileSystem.CopyFile(String , String , Boolean )
   at System.IO.File.Copy(String , String , Boolean )
   at System.IO.Abstractions.FileWrapper.Copy(String sourceFileName, String destFileName, Boolean overwrite)
   at Kudu.Core.Infrastructure.FileSystemHelpers.CopyDirectoryRecursive(String sourceDirPath, String destinationDirPath, Boolean overwrite) in /tmp/KuduLite/Kudu.Core/Infrastructure/FileSystemHelpers.cs:line 239
   at Kudu.Core.Deployment.Generator.OneDeployBuilder.Build(DeploymentContext context, CancellationToken token) in /tmp/KuduLite/Kudu.Core/Deployment/Generator/OneDeployBuilder.cs:line 113
   at Kudu.Core.Deployment.DeploymentManager.Build(ChangeSet changeSet, ITracer tracer, IDisposable deployStep, IRepository repository, DeploymentInfoBase deploymentInfo, DeploymentAnalytics deploymentAnalytics, Boolean fullBuildByDefault, CancellationToken cancellationToken) in /tmp/KuduLite/Kudu.Core/Deployment/DeploymentManager.cs:line 770
   at Kudu.Core.Deployment.DeploymentManager.Build(ChangeSet changeSet, ITracer tracer, IDisposable deployStep, IRepository repository, DeploymentInfoBase deploymentInfo, DeploymentAnalytics deploymentAnalytics, Boolean fullBuildByDefault, CancellationToken cancellationToken) in /tmp/KuduLite/Kudu.Core/Deployment/DeploymentManager.cs:line 839
   at Kudu.Core.Deployment.DeploymentManager.DeployAsync(IRepository repository, ChangeSet changeSet, String deployer, Boolean clean, DeploymentInfoBase deploymentInfo, Boolean needFileUpdate, Boolean fullBuildByDefault) in /tmp/KuduLite/Kudu.Core/Deployment/DeploymentManager.cs:line 266" /><!-- duration: 1ms -->
          <step title="Marking deployment as failed and cleaning up the temp deployment" date="2025-03-29T05:11:19.338" /><!-- duration: 6ms -->
        </step><!-- duration: 3335ms -->
      </step><!-- duration: 3349ms -->
      <step title="Error occurred" date="2025-03-29T05:11:19.458" type="error" text="Deployment failed" stackTrace="   at Kudu.Core.Deployment.DeploymentManager.DeployAsync(IRepository repository, ChangeSet changeSet, String deployer, Boolean clean, DeploymentInfoBase deploymentInfo, Boolean needFileUpdate, Boolean fullBuildByDefault) in /tmp/KuduLite/Kudu.Core/Deployment/DeploymentManager.cs:line 307
   at Kudu.Core.Deployment.FetchDeploymentManager.PerformDeployment(DeploymentInfoBase deploymentInfo, IDisposable tempDeployment, ChangeSet tempChangeSet, DeployStatusApiResult updateStatusObj) in /tmp/KuduLite/Kudu.Core/Deployment/FetchDeploymentManager.cs:line 230
   at Kudu.Core.Deployment.FetchDeploymentManager.&lt;&gt;c__DisplayClass17_0.&lt;&lt;FetchDeploy&gt;b__0&gt;d.MoveNext() in /tmp/KuduLite/Kudu.Core/Deployment/FetchDeploymentManager.cs:line 131
--- End of stack trace from previous location ---
   at Kudu.Core.Deployment.FetchDeploymentManager.FetchDeploy(DeploymentInfoBase deployInfo, Boolean asyncRequested, Uri requestUri, String targetBranch) in /tmp/KuduLite/Kudu.Core/Deployment/FetchDeploymentManager.cs:line 124
   at Kudu.Services.Deployment.PushDeploymentController.PushDeployAsync(ArtifactDeploymentInfo deploymentInfo, Boolean isAsync, HttpContext context, JObject requestJson) in /tmp/KuduLite/Kudu.Services/Deployment/PushDeploymentController.cs:line 785
   at Kudu.Services.Deployment.PushDeploymentController.OneDeploy(String type, Boolean async, String path, Nullable`1 restart, Nullable`1 clean, Boolean ignoreStack, Boolean trackDeploymentProgress, Boolean trackStatus, Boolean reset) in /tmp/KuduLite/Kudu.Services/Deployment/PushDeploymentController.cs:line 623
   at Microsoft.AspNetCore.Mvc.Infrastructure.ActionMethodExecutor.TaskOfIActionResultExecutor.Execute(IActionResultTypeMapper mapper, ObjectMethodExecutor executor, Object controller, Object[] arguments)
   at Microsoft.AspNetCore.Mvc.Infrastructure.ControllerActionInvoker.&lt;InvokeActionMethodAsync&gt;g__Awaited|12_0(ControllerActionInvoker invoker, ValueTask`1 actionResultValueTask)
   at Microsoft.AspNetCore.Mvc.Infrastructure.ControllerActionInvoker.&lt;InvokeNextActionFilterAsync&gt;g__Awaited|10_0(ControllerActionInvoker invoker, Task lastTask, State next, Scope scope, Object state, Boolean isCompleted)
   at Microsoft.AspNetCore.Mvc.Infrastructure.ControllerActionInvoker.Rethrow(ActionExecutedContextSealed context)
   at Microsoft.AspNetCore.Mvc.Infrastructure.ControllerActionInvoker.Next(State&amp; next, Scope&amp; scope, Object&amp; state, Boolean&amp; isCompleted)
   at Microsoft.AspNetCore.Mvc.Infrastructure.ControllerActionInvoker.&lt;InvokeInnerFilterAsync&gt;g__Awaited|13_0(ControllerActionInvoker invoker, Task lastTask, State next, Scope scope, Object state, Boolean isCompleted)
   at Microsoft.AspNetCore.Mvc.Infrastructure.ResourceInvoker.&lt;InvokeNextResourceFilter&gt;g__Awaited|25_0(ResourceInvoker invoker, Task lastTask, State next, Scope scope, Object state, Boolean isCompleted)
   at Microsoft.AspNetCore.Mvc.Infrastructure.ResourceInvoker.Rethrow(ResourceExecutedContextSealed context)
   at Microsoft.AspNetCore.Mvc.Infrastructure.ResourceInvoker.Next(State&amp; next, Scope&amp; scope, Object&amp; state, Boolean&amp; isCompleted)
   at Microsoft.AspNetCore.Mvc.Infrastructure.ResourceInvoker.&lt;InvokeFilterPipelineAsync&gt;g__Awaited|20_0(ResourceInvoker invoker, Task lastTask, State next, Scope scope, Object state, Boolean isCompleted)
   at Microsoft.AspNetCore.Mvc.Infrastructure.ResourceInvoker.&lt;InvokeAsync&gt;g__Awaited|17_0(ResourceInvoker invoker, Task task, IDisposable scope)
   at Microsoft.AspNetCore.Mvc.Infrastructure.ResourceInvoker.&lt;InvokeAsync&gt;g__Awaited|17_0(ResourceInvoker invoker, Task task, IDisposable scope)
   at Microsoft.AspNetCore.Builder.RouterMiddleware.Invoke(HttpContext httpContext)
   at Kudu.Services.Web.Tracing.TraceMiddleware.Invoke(HttpContext context) in /tmp/KuduLite/Kudu.Services.Web/Tracing/TraceMiddleware.cs:line 101" innerText="Invalid argument : &apos;/home/site/wwwroot/.next\types\app\api\sessions\route.ts&apos;" innerStackTrace="   at Interop.ThrowExceptionForIoErrno(ErrorInfo , String , Boolean , Func`2 )
   at Microsoft.Win32.SafeHandles.SafeFileHandle.Open(String , OpenFlags , Int32 )
   at Microsoft.Win32.SafeHandles.SafeFileHandle.Open(String , FileMode , FileAccess , FileShare , FileOptions , Int64 )
   at System.IO.File.OpenHandle(String , FileMode , FileAccess , FileShare , FileOptions , Int64 )
   at System.IO.FileSystem.CopyFile(String , String , Boolean )
   at System.IO.File.Copy(String , String , Boolean )
   at System.IO.Abstractions.FileWrapper.Copy(String sourceFileName, String destFileName, Boolean overwrite)
   at Kudu.Core.Infrastructure.FileSystemHelpers.CopyDirectoryRecursive(String sourceDirPath, String destinationDirPath, Boolean overwrite) in /tmp/KuduLite/Kudu.Core/Infrastructure/FileSystemHelpers.cs:line 239
   at Kudu.Core.Deployment.Generator.OneDeployBuilder.Build(DeploymentContext context, CancellationToken token) in /tmp/KuduLite/Kudu.Core/Deployment/Generator/OneDeployBuilder.cs:line 113
   at Kudu.Core.Deployment.DeploymentManager.Build(ChangeSet changeSet, ITracer tracer, IDisposable deployStep, IRepository repository, DeploymentInfoBase deploymentInfo, DeploymentAnalytics deploymentAnalytics, Boolean fullBuildByDefault, CancellationToken cancellationToken) in /tmp/KuduLite/Kudu.Core/Deployment/DeploymentManager.cs:line 770
   at Kudu.Core.Deployment.DeploymentManager.Build(ChangeSet changeSet, ITracer tracer, IDisposable deployStep, IRepository repository, DeploymentInfoBase deploymentInfo, DeploymentAnalytics deploymentAnalytics, Boolean fullBuildByDefault, CancellationToken cancellationToken) in /tmp/KuduLite/Kudu.Core/Deployment/DeploymentManager.cs:line 839
   at Kudu.Core.Deployment.DeploymentManager.DeployAsync(IRepository repository, ChangeSet changeSet, String deployer, Boolean clean, DeploymentInfoBase deploymentInfo, Boolean needFileUpdate, Boolean fullBuildByDefault) in /tmp/KuduLite/Kudu.Core/Deployment/DeploymentManager.cs:line 266" /><!-- duration: 9ms -->
      <step title="Incoming Request" date="2025-03-29T05:11:19.525" url="/Error?type=zip" method="POST" type="request" pid="772,1,17" Accept="*/*" Host="reading-road-voice-demo.scm.azurewebsites.net" User-Agent="AZURECLI/2.70.0 (MSI)" Accept-Encoding="gzip, deflate" Authorization="Bas..." Cache-Control="no-cache" Content-Type="application/octet-stream" Cookie="ARRAffinity=9f55e46e3d2054f2a574cbda6605e6df0484dc3b864373ea25829a5320264660; ARRAffinitySameSite=9f55e46e3d2054f2a574cbda6605e6df0484dc3b864373ea25829a5320264660" Content-Length="26206336" x-ms-client-request-id="3358a994-0c5c-11f0-bc48-8c3b4a441321" x-ms-artifact-checksum="577bf92a810fcf15d5966c79106192d5c14def35d0cf880ba3e1651330e57877" X-ARR-LOG-ID="3358a994-0c5c-11f0-bc48-8c3b4a441321" CLIENT-IP="64.180.26.65:58980" X-SITE-DEPLOYMENT-ID="reading-road-voice-demo" WAS-DEFAULT-HOSTNAME="reading-road-voice-demo.scm.azurewebsites.net" X-Forwarded-Proto="https" X-AppService-Proto="https" X-Forwarded-TlsVersion="1.3" X-WAWS-Unencoded-URL="/api/publish?type=zip" X-Client-IP="64.180.26.65" X-Client-Port="58980" >
        <step title="Outgoing response" date="2025-03-29T05:11:19.575" type="response" statusCode="400" statusText="BadRequest" /><!-- duration: 2ms -->
      </step><!-- duration: 56ms -->
