<step title="Incoming Request" date="2025-03-29T17:17:25.771" instance="9f55e4" url="/reading-road-voice-demo.git/git-receive-pack" method="POST" type="request" pid="770,1,25" Accept="application/x-git-receive-pack-result" Host="reading-road-voice-demo.scm.azurewebsites.net" User-Agent="git/2.47.0.windows.2" Accept-Encoding="deflate, gzip, br, zstd" Authorization="Bas..." Content-Type="application/x-git-receive-pack-request" Content-Length="520" X-ARR-LOG-ID="df27e061-031e-43e2-9074-7cfae5885c25" CLIENT-IP="64.180.26.65:49231" X-SITE-DEPLOYMENT-ID="reading-road-voice-demo" WAS-DEFAULT-HOSTNAME="reading-road-voice-demo.scm.azurewebsites.net" X-Forwarded-Proto="https" X-AppService-Proto="https" X-Forwarded-TlsVersion="1.3" X-WAWS-Unencoded-URL="/reading-road-voice-demo.git/git-receive-pack" X-Client-IP="64.180.26.65" X-Client-Port="49231" >
  <step title="RpcService.ReceivePack" date="2025-03-29T17:17:25.805" >
    <step title="Executing external process" date="2025-03-29T17:17:25.809" type="process" path="git" arguments="rev-parse --git-dir" /><!-- duration: 23ms -->
    <step title="Assuming git repository at /home/site/repository" date="2025-03-29T17:17:25.833" /><!-- duration: 1ms -->
    <step title="Acquiring Deployment Lock" date="2025-03-29T17:17:25.836" /><!-- duration: 1ms -->
    <step title="Acquired Deployment Lock" date="2025-03-29T17:17:25.861" /><!-- duration: 4ms -->
    <step title="Creating temporary deployment" date="2025-03-29T17:17:25.873" /><!-- duration: 43ms -->
    <step title="GitExeServer.Receive" date="2025-03-29T17:17:25.919" >
      <step title="Executing external process" date="2025-03-29T17:17:25.920" type="process" path="git" arguments="receive-pack --stateless-rpc &quot;/home/site/repository&quot;" /><!-- duration: 41637ms -->
    </step><!-- duration: 41647ms -->
    <step title="Releasing Deployment Lock" date="2025-03-29T17:18:07.637" /><!-- duration: 2ms -->
  </step><!-- duration: 41837ms -->
  <step title="Outgoing response" date="2025-03-29T17:18:07.646" type="response" statusCode="200" statusText="OK" /><!-- duration: 1ms -->
</step><!-- duration: 41878ms -->
