<step title="BackgroundTrace" date="2025-03-29T04:09:17.069" instance="9f55e4" url="/api/zipdeploy" method="POST" >
  <step title="Creating temporary deployment - FetchDeploymentManager" date="2025-03-29T04:09:17.118" /><!-- duration: 1ms -->
  <step title="Creating temporary deployment" date="2025-03-29T04:09:17.129" /><!-- duration: 52ms -->
  <step title="Performing fetch based deployment" date="2025-03-29T04:09:17.218" >
    <step title="Cleaning up temp folders from previous zip deployments and extracting pushed zip file /tmp/zipdeploy/d6e16877-5973-4ef6-9744-a4a514857741.zip (0.22 MB) to /tmp/zipdeploy/extracted" date="2025-03-29T04:09:18.323" >
      <step title="ChmodRecursive Process exited with total time taken in ms: 70" date="2025-03-29T04:09:18.510" /><!-- duration: 6ms -->
    </step><!-- duration: 195ms -->
    <step title="Deployment timer started" date="2025-03-29T04:09:20.546" >
      <step title="DeploymentManager.Deploy(id:16980457-4f84-4778-a85b-fd664702c45e)" date="2025-03-29T04:09:20.560" >
        <step title="Collecting changeset information" date="2025-03-29T04:09:20.572" /><!-- duration: 99ms -->
        <step title="Updating submodules" date="2025-03-29T04:09:20.674" /><!-- duration: 1110ms -->
        <step title="Determining deployment builder" date="2025-03-29T04:09:21.982" >
          <step title="Builder is OryxBuilder" date="2025-03-29T04:09:21.992" /><!-- duration: 9ms -->
        </step><!-- duration: 20ms -->
        <step title="PreDeployment: context.CleanOutputPath False" date="2025-03-29T04:09:22.050" >
          <step title="PreDeployment: context.OutputPath /home/site/wwwroot" date="2025-03-29T04:09:22.127" >
            <step title="Building" date="2025-03-29T04:09:22.531" >
              <step title="Executing external process" date="2025-03-29T04:09:22.795" type="process" path="bash" arguments="-c &quot;oryx build /tmp/zipdeploy/extracted -o /home/site/wwwroot --platform nodejs --platform-version 18 -p virtualenv_name= --log-file /tmp/build-debug.log  -i /tmp/8dd6e777c2f4a12 -p compress_node_modules=tar-gz | tee /tmp/oryx-build.log ; exit $PIPESTATUS &quot;" >
                <step title="Cpu: npm install(1662,37.000s)+build.sh(1577,0.030s)+oryx(1559,3.970s)+tee(1560,0.000s)+bash(1558,0.000s)=total(41.000s)" date="2025-03-29T04:10:31.124" /><!-- duration: 37ms -->
                <step title="bash: no io activity for 61s, prev-cpu=-1.000s, current-cpu=41.000s" date="2025-03-29T04:10:31.182" /><!-- duration: 10ms -->
                <step title="Cpu: npm install(1662,76.880s)+build.sh(1577,0.030s)+oryx(1559,4.540s)+tee(1560,0.000s)+bash(1558,0.000s)=total(81.450s)" date="2025-03-29T04:11:31.903" /><!-- duration: 68ms -->
                <step title="bash: no io activity for 121s, prev-cpu=41.000s, current-cpu=81.450s" date="2025-03-29T04:11:31.999" /><!-- duration: 9ms -->
                <step title="Cpu: node(1764,17.230s)+node(1743,5.510s)+sh(1742,0.010s)+npm run build(1731,0.890s)+build.sh(1577,0.030s)+oryx(1559,5.570s)+tee(1560,0.000s)+bash(1558,0.000s)=total(29.230s)" date="2025-03-29T04:13:07.910" /><!-- duration: 51ms -->
                <step title="bash: no io activity for 61s, prev-cpu=-1.000s, current-cpu=29.230s" date="2025-03-29T04:13:08.131" /><!-- duration: 30ms -->
                <step title="Process dump" date="2025-03-29T04:14:05.254" exitCode="1" type="processOutput" /><!-- duration: 9ms -->
              </step><!-- duration: 282489ms -->
              <step title="Error occurred" date="2025-03-29T04:14:05.396" type="error" text="Failed to compile.

./app/activities/letter-tracing/page.tsx
Module not found: Can&apos;t resolve &apos;@/components/LetterTracer&apos;

https://nextjs.org/docs/messages/module-not-found

./app/activities/letter-tracing/page.tsx
Module not found: Can&apos;t resolve &apos;@/components/ui/button&apos;

https://nextjs.org/docs/messages/module-not-found

./app/dashboard/analytics/page.tsx
Module not found: Can&apos;t resolve &apos;@/components/dashboard/MetricCard&apos;

https://nextjs.org/docs/messages/module-not-found

./app/dashboard/analytics/page.tsx
Module not found: Can&apos;t resolve &apos;@/components/ui/select&apos;

https://nextjs.org/docs/messages/module-not-found

./app/dashboard/analytics/page.tsx
Module not found: Can&apos;t resolve &apos;@/components/ui/progress&apos;

https://nextjs.org/docs/messages/module-not-found


&gt; Build failed because of webpack errors
/bin/bash -c &quot;oryx build /tmp/zipdeploy/extracted -o /home/site/wwwroot --platform nodejs --platform-version 18 -p virtualenv_name= --log-file /tmp/build-debug.log  -i /tmp/8dd6e777c2f4a12 -p compress_node_modules=tar-gz | tee /tmp/oryx-build.log ; exit $PIPESTATUS &quot;" stackTrace="   at Kudu.Core.Infrastructure.Executable.ExecuteInternal(ITracer tracer, Func`2 onWriteOutput, Func`2 onWriteError, CancellationToken token, Encoding encoding, String arguments, Object[] args) in /tmp/KuduLite/Kudu.Core/Infrastructure/Executable.cs:line 239
   at Kudu.Core.Infrastructure.Executable.ExecuteWithProgressWriter(ILogger logger, ITracer tracer, CancellationToken token, String arguments, Object[] args) in /tmp/KuduLite/Kudu.Core/Infrastructure/Executable.cs:line 118
   at Kudu.Core.Deployment.Generator.ExternalCommandBuilder.RunCommand(DeploymentContext context, String command, Boolean ignoreManifest, CancellationToken token, String message) in /tmp/KuduLite/Kudu.Core/Deployment/Generator/ExternalCommandBuilder.cs:line 115" /><!-- duration: 9ms -->
              <step title="Error occurred" date="2025-03-29T04:14:05.469" type="error" text="Failed to compile.

./app/activities/letter-tracing/page.tsx
Module not found: Can&apos;t resolve &apos;@/components/LetterTracer&apos;

https://nextjs.org/docs/messages/module-not-found

./app/activities/letter-tracing/page.tsx
Module not found: Can&apos;t resolve &apos;@/components/ui/button&apos;

https://nextjs.org/docs/messages/module-not-found

./app/dashboard/analytics/page.tsx
Module not found: Can&apos;t resolve &apos;@/components/dashboard/MetricCard&apos;

https://nextjs.org/docs/messages/module-not-found

./app/dashboard/analytics/page.tsx
Module not found: Can&apos;t resolve &apos;@/components/ui/select&apos;

https://nextjs.org/docs/messages/module-not-found

./app/dashboard/analytics/page.tsx
Module not found: Can&apos;t resolve &apos;@/components/ui/progress&apos;

https://nextjs.org/docs/messages/module-not-found


&gt; Build failed because of webpack errors
/bin/bash -c &quot;oryx build /tmp/zipdeploy/extracted -o /home/site/wwwroot --platform nodejs --platform-version 18 -p virtualenv_name= --log-file /tmp/build-debug.log  -i /tmp/8dd6e777c2f4a12 -p compress_node_modules=tar-gz | tee /tmp/oryx-build.log ; exit $PIPESTATUS &quot;" stackTrace="   at Kudu.Core.Infrastructure.Executable.ExecuteInternal(ITracer tracer, Func`2 onWriteOutput, Func`2 onWriteError, CancellationToken token, Encoding encoding, String arguments, Object[] args) in /tmp/KuduLite/Kudu.Core/Infrastructure/Executable.cs:line 239
   at Kudu.Core.Infrastructure.Executable.ExecuteWithProgressWriter(ILogger logger, ITracer tracer, CancellationToken token, String arguments, Object[] args) in /tmp/KuduLite/Kudu.Core/Infrastructure/Executable.cs:line 118
   at Kudu.Core.Deployment.Generator.ExternalCommandBuilder.RunCommand(DeploymentContext context, String command, Boolean ignoreManifest, CancellationToken token, String message) in /tmp/KuduLite/Kudu.Core/Deployment/Generator/ExternalCommandBuilder.cs:line 115
   at Kudu.Core.Deployment.Generator.OryxBuilder.RunBuildCommand(IOryxArguments args, DeploymentContext context, CancellationToken token) in /tmp/KuduLite/Kudu.Core/Deployment/Generator/OryxBuilder.cs:line 282
   at Kudu.Core.Deployment.Generator.OryxBuilder.Build(DeploymentContext context, CancellationToken token) in /tmp/KuduLite/Kudu.Core/Deployment/Generator/OryxBuilder.cs:line 119
   at Kudu.Core.Deployment.DeploymentManager.Build(ChangeSet changeSet, ITracer tracer, IDisposable deployStep, IRepository repository, DeploymentInfoBase deploymentInfo, DeploymentAnalytics deploymentAnalytics, Boolean fullBuildByDefault, CancellationToken cancellationToken) in /tmp/KuduLite/Kudu.Core/Deployment/DeploymentManager.cs:line 770" /><!-- duration: 4ms -->
              <step title="Using GenericDeploymentLogParser" date="2025-03-29T04:14:05.756" /><!-- duration: 7ms -->
              <step title="Purge deployment items" date="2025-03-29T04:14:07.746" >
                <step title="Remove 304aafe2-, Failed, received at 03/29/2025 04:05:41" date="2025-03-29T04:14:07.866" /><!-- duration: 7ms -->
              </step><!-- duration: 137ms -->
            </step><!-- duration: 285370ms -->
          </step><!-- duration: 285785ms -->
          <step title="Error occurred" date="2025-03-29T04:14:07.915" type="error" text="Failed to compile.

./app/activities/letter-tracing/page.tsx
Module not found: Can&apos;t resolve &apos;@/components/LetterTracer&apos;

https://nextjs.org/docs/messages/module-not-found

./app/activities/letter-tracing/page.tsx
Module not found: Can&apos;t resolve &apos;@/components/ui/button&apos;

https://nextjs.org/docs/messages/module-not-found

./app/dashboard/analytics/page.tsx
Module not found: Can&apos;t resolve &apos;@/components/dashboard/MetricCard&apos;

https://nextjs.org/docs/messages/module-not-found

./app/dashboard/analytics/page.tsx
Module not found: Can&apos;t resolve &apos;@/components/ui/select&apos;

https://nextjs.org/docs/messages/module-not-found

./app/dashboard/analytics/page.tsx
Module not found: Can&apos;t resolve &apos;@/components/ui/progress&apos;

https://nextjs.org/docs/messages/module-not-found


&gt; Build failed because of webpack errors
/bin/bash -c &quot;oryx build /tmp/zipdeploy/extracted -o /home/site/wwwroot --platform nodejs --platform-version 18 -p virtualenv_name= --log-file /tmp/build-debug.log  -i /tmp/8dd6e777c2f4a12 -p compress_node_modules=tar-gz | tee /tmp/oryx-build.log ; exit $PIPESTATUS &quot;" stackTrace="   at Kudu.Core.Infrastructure.Executable.ExecuteInternal(ITracer tracer, Func`2 onWriteOutput, Func`2 onWriteError, CancellationToken token, Encoding encoding, String arguments, Object[] args) in /tmp/KuduLite/Kudu.Core/Infrastructure/Executable.cs:line 239
   at Kudu.Core.Infrastructure.Executable.ExecuteWithProgressWriter(ILogger logger, ITracer tracer, CancellationToken token, String arguments, Object[] args) in /tmp/KuduLite/Kudu.Core/Infrastructure/Executable.cs:line 118
   at Kudu.Core.Deployment.Generator.ExternalCommandBuilder.RunCommand(DeploymentContext context, String command, Boolean ignoreManifest, CancellationToken token, String message) in /tmp/KuduLite/Kudu.Core/Deployment/Generator/ExternalCommandBuilder.cs:line 115
   at Kudu.Core.Deployment.Generator.OryxBuilder.RunBuildCommand(IOryxArguments args, DeploymentContext context, CancellationToken token) in /tmp/KuduLite/Kudu.Core/Deployment/Generator/OryxBuilder.cs:line 282
   at Kudu.Core.Deployment.Generator.OryxBuilder.Build(DeploymentContext context, CancellationToken token) in /tmp/KuduLite/Kudu.Core/Deployment/Generator/OryxBuilder.cs:line 119
   at Kudu.Core.Deployment.DeploymentManager.Build(ChangeSet changeSet, ITracer tracer, IDisposable deployStep, IRepository repository, DeploymentInfoBase deploymentInfo, DeploymentAnalytics deploymentAnalytics, Boolean fullBuildByDefault, CancellationToken cancellationToken) in /tmp/KuduLite/Kudu.Core/Deployment/DeploymentManager.cs:line 770
   at Kudu.Core.Deployment.DeploymentManager.Build(ChangeSet changeSet, ITracer tracer, IDisposable deployStep, IRepository repository, DeploymentInfoBase deploymentInfo, DeploymentAnalytics deploymentAnalytics, Boolean fullBuildByDefault, CancellationToken cancellationToken) in /tmp/KuduLite/Kudu.Core/Deployment/DeploymentManager.cs:line 839" /><!-- duration: 9ms -->
          <step title="Cleaning up temp files" date="2025-03-29T04:14:08.220" /><!-- duration: 11171ms -->
          <step title="Cleaning up temp files" date="2025-03-29T04:14:19.395" /><!-- duration: 508ms -->
          <step title="Error occurred" date="2025-03-29T04:14:19.920" type="error" text="Failed to compile.

./app/activities/letter-tracing/page.tsx
Module not found: Can&apos;t resolve &apos;@/components/LetterTracer&apos;

https://nextjs.org/docs/messages/module-not-found

./app/activities/letter-tracing/page.tsx
Module not found: Can&apos;t resolve &apos;@/components/ui/button&apos;

https://nextjs.org/docs/messages/module-not-found

./app/dashboard/analytics/page.tsx
Module not found: Can&apos;t resolve &apos;@/components/dashboard/MetricCard&apos;

https://nextjs.org/docs/messages/module-not-found

./app/dashboard/analytics/page.tsx
Module not found: Can&apos;t resolve &apos;@/components/ui/select&apos;

https://nextjs.org/docs/messages/module-not-found

./app/dashboard/analytics/page.tsx
Module not found: Can&apos;t resolve &apos;@/components/ui/progress&apos;

https://nextjs.org/docs/messages/module-not-found


&gt; Build failed because of webpack errors
/bin/bash -c &quot;oryx build /tmp/zipdeploy/extracted -o /home/site/wwwroot --platform nodejs --platform-version 18 -p virtualenv_name= --log-file /tmp/build-debug.log  -i /tmp/8dd6e777c2f4a12 -p compress_node_modules=tar-gz | tee /tmp/oryx-build.log ; exit $PIPESTATUS &quot;" stackTrace="   at Kudu.Core.Infrastructure.Executable.ExecuteInternal(ITracer tracer, Func`2 onWriteOutput, Func`2 onWriteError, CancellationToken token, Encoding encoding, String arguments, Object[] args) in /tmp/KuduLite/Kudu.Core/Infrastructure/Executable.cs:line 239
   at Kudu.Core.Infrastructure.Executable.ExecuteWithProgressWriter(ILogger logger, ITracer tracer, CancellationToken token, String arguments, Object[] args) in /tmp/KuduLite/Kudu.Core/Infrastructure/Executable.cs:line 118
   at Kudu.Core.Deployment.Generator.ExternalCommandBuilder.RunCommand(DeploymentContext context, String command, Boolean ignoreManifest, CancellationToken token, String message) in /tmp/KuduLite/Kudu.Core/Deployment/Generator/ExternalCommandBuilder.cs:line 115
   at Kudu.Core.Deployment.Generator.OryxBuilder.RunBuildCommand(IOryxArguments args, DeploymentContext context, CancellationToken token) in /tmp/KuduLite/Kudu.Core/Deployment/Generator/OryxBuilder.cs:line 282
   at Kudu.Core.Deployment.Generator.OryxBuilder.Build(DeploymentContext context, CancellationToken token) in /tmp/KuduLite/Kudu.Core/Deployment/Generator/OryxBuilder.cs:line 119
   at Kudu.Core.Deployment.DeploymentManager.Build(ChangeSet changeSet, ITracer tracer, IDisposable deployStep, IRepository repository, DeploymentInfoBase deploymentInfo, DeploymentAnalytics deploymentAnalytics, Boolean fullBuildByDefault, CancellationToken cancellationToken) in /tmp/KuduLite/Kudu.Core/Deployment/DeploymentManager.cs:line 770
   at Kudu.Core.Deployment.DeploymentManager.Build(ChangeSet changeSet, ITracer tracer, IDisposable deployStep, IRepository repository, DeploymentInfoBase deploymentInfo, DeploymentAnalytics deploymentAnalytics, Boolean fullBuildByDefault, CancellationToken cancellationToken) in /tmp/KuduLite/Kudu.Core/Deployment/DeploymentManager.cs:line 839
   at Kudu.Core.Deployment.DeploymentManager.DeployAsync(IRepository repository, ChangeSet changeSet, String deployer, Boolean clean, DeploymentInfoBase deploymentInfo, Boolean needFileUpdate, Boolean fullBuildByDefault) in /tmp/KuduLite/Kudu.Core/Deployment/DeploymentManager.cs:line 266" /><!-- duration: 4ms -->
        </step><!-- duration: 297884ms -->
        <step title="Reloading status file with latest updates" date="2025-03-29T04:14:19.973" >
          <step title="WebHooksManager.PublishEventAsync: PostDeployment" date="2025-03-29T04:14:19.984" /><!-- duration: 71ms -->
        </step><!-- duration: 84ms -->
        <step title="Error occurred" date="2025-03-29T04:14:20.065" type="error" text="Failed to compile.

./app/activities/letter-tracing/page.tsx
Module not found: Can&apos;t resolve &apos;@/components/LetterTracer&apos;

https://nextjs.org/docs/messages/module-not-found

./app/activities/letter-tracing/page.tsx
Module not found: Can&apos;t resolve &apos;@/components/ui/button&apos;

https://nextjs.org/docs/messages/module-not-found

./app/dashboard/analytics/page.tsx
Module not found: Can&apos;t resolve &apos;@/components/dashboard/MetricCard&apos;

https://nextjs.org/docs/messages/module-not-found

./app/dashboard/analytics/page.tsx
Module not found: Can&apos;t resolve &apos;@/components/ui/select&apos;

https://nextjs.org/docs/messages/module-not-found

./app/dashboard/analytics/page.tsx
Module not found: Can&apos;t resolve &apos;@/components/ui/progress&apos;

https://nextjs.org/docs/messages/module-not-found


&gt; Build failed because of webpack errors
/bin/bash -c &quot;oryx build /tmp/zipdeploy/extracted -o /home/site/wwwroot --platform nodejs --platform-version 18 -p virtualenv_name= --log-file /tmp/build-debug.log  -i /tmp/8dd6e777c2f4a12 -p compress_node_modules=tar-gz | tee /tmp/oryx-build.log ; exit $PIPESTATUS &quot;" stackTrace="   at Kudu.Core.Infrastructure.Executable.ExecuteInternal(ITracer tracer, Func`2 onWriteOutput, Func`2 onWriteError, CancellationToken token, Encoding encoding, String arguments, Object[] args) in /tmp/KuduLite/Kudu.Core/Infrastructure/Executable.cs:line 239
   at Kudu.Core.Infrastructure.Executable.ExecuteWithProgressWriter(ILogger logger, ITracer tracer, CancellationToken token, String arguments, Object[] args) in /tmp/KuduLite/Kudu.Core/Infrastructure/Executable.cs:line 118
   at Kudu.Core.Deployment.Generator.ExternalCommandBuilder.RunCommand(DeploymentContext context, String command, Boolean ignoreManifest, CancellationToken token, String message) in /tmp/KuduLite/Kudu.Core/Deployment/Generator/ExternalCommandBuilder.cs:line 115
   at Kudu.Core.Deployment.Generator.OryxBuilder.RunBuildCommand(IOryxArguments args, DeploymentContext context, CancellationToken token) in /tmp/KuduLite/Kudu.Core/Deployment/Generator/OryxBuilder.cs:line 282
   at Kudu.Core.Deployment.Generator.OryxBuilder.Build(DeploymentContext context, CancellationToken token) in /tmp/KuduLite/Kudu.Core/Deployment/Generator/OryxBuilder.cs:line 119
   at Kudu.Core.Deployment.DeploymentManager.Build(ChangeSet changeSet, ITracer tracer, IDisposable deployStep, IRepository repository, DeploymentInfoBase deploymentInfo, DeploymentAnalytics deploymentAnalytics, Boolean fullBuildByDefault, CancellationToken cancellationToken) in /tmp/KuduLite/Kudu.Core/Deployment/DeploymentManager.cs:line 770
   at Kudu.Core.Deployment.DeploymentManager.Build(ChangeSet changeSet, ITracer tracer, IDisposable deployStep, IRepository repository, DeploymentInfoBase deploymentInfo, DeploymentAnalytics deploymentAnalytics, Boolean fullBuildByDefault, CancellationToken cancellationToken) in /tmp/KuduLite/Kudu.Core/Deployment/DeploymentManager.cs:line 839
   at Kudu.Core.Deployment.DeploymentManager.DeployAsync(IRepository repository, ChangeSet changeSet, String deployer, Boolean clean, DeploymentInfoBase deploymentInfo, Boolean needFileUpdate, Boolean fullBuildByDefault) in /tmp/KuduLite/Kudu.Core/Deployment/DeploymentManager.cs:line 266" /><!-- duration: 2ms -->
        <step title="Marking deployment as failed and cleaning up the temp deployment" date="2025-03-29T04:14:20.144" /><!-- duration: 1ms -->
      </step><!-- duration: 299658ms -->
      <step title="Error occurred" date="2025-03-29T04:14:20.235" type="error" text="One or more errors occurred. (Deployment failed)" stackTrace="   at System.Threading.Tasks.Task.Wait(Int32 , CancellationToken )
   at System.Threading.Tasks.Task.Wait()
   at Kudu.Core.Deployment.FetchDeploymentManager.&lt;&gt;c__DisplayClass22_1.&lt;PerformBackgroundDeployment&gt;b__3() in /tmp/KuduLite/Kudu.Core/Deployment/FetchDeploymentManager.cs:line 411
   at Kudu.Contracts.Infrastructure.LockExtensions.TryLockOperation(IOperationLock lockObj, Action operation, String operationName, TimeSpan timeout) in /tmp/KuduLite/Kudu.Contracts/Infrastructure/LockExtensions.cs:line 41
   at Kudu.Contracts.Infrastructure.LockExtensions.LockOperation(IOperationLock lockObj, Action operation, String operationName, TimeSpan timeout) in /tmp/KuduLite/Kudu.Contracts/Infrastructure/LockExtensions.cs:line 51
   at Kudu.Core.Deployment.FetchDeploymentManager.&lt;&gt;c__DisplayClass22_0.&lt;PerformBackgroundDeployment&gt;b__1() in /tmp/KuduLite/Kudu.Core/Deployment/FetchDeploymentManager.cs:line 393" innerText="Deployment failed" innerStackTrace="   at Kudu.Core.Deployment.DeploymentManager.DeployAsync(IRepository repository, ChangeSet changeSet, String deployer, Boolean clean, DeploymentInfoBase deploymentInfo, Boolean needFileUpdate, Boolean fullBuildByDefault) in /tmp/KuduLite/Kudu.Core/Deployment/DeploymentManager.cs:line 307
   at Kudu.Core.Deployment.FetchDeploymentManager.PerformDeployment(DeploymentInfoBase deploymentInfo, IDisposable tempDeployment, ChangeSet tempChangeSet, DeployStatusApiResult updateStatusObj) in /tmp/KuduLite/Kudu.Core/Deployment/FetchDeploymentManager.cs:line 230" /><!-- duration: 1ms -->
    </step><!-- duration: 299698ms -->
