<step title="Incoming Request" date="2025-03-29T03:53:24.333" instance="9f55e4" url="/api/publish?type=zip" method="POST" type="request" pid="770,1,5" Accept="*/*" Host="reading-road-voice-demo.scm.azurewebsites.net" User-Agent="AZURECLI/2.70.0 (MSI)" Accept-Encoding="gzip, deflate" Authorization="Bas..." Cache-Control="no-cache" Content-Type="application/octet-stream" Cookie="ARRAffinity=9f55e46e3d2054f2a574cbda6605e6df0484dc3b864373ea25829a5320264660; ARRAffinitySameSite=9f55e46e3d2054f2a574cbda6605e6df0484dc3b864373ea25829a5320264660" Content-Length="232758" x-ms-client-request-id="58362b25-0c51-11f0-b2d9-8c3b4a441321" x-ms-artifact-checksum="f9642d37517adcd09b440a946ae1c6b5c9cbdc74c0cfc75835719d4d884c629b" X-ARR-LOG-ID="58362b25-0c51-11f0-b2d9-8c3b4a441321" CLIENT-IP="64.180.26.65:56678" X-SITE-DEPLOYMENT-ID="reading-road-voice-demo" WAS-DEFAULT-HOSTNAME="reading-road-voice-demo.scm.azurewebsites.net" X-Forwarded-Proto="https" X-AppService-Proto="https" X-Forwarded-TlsVersion="1.3" X-WAWS-Unencoded-URL="/api/publish?type=zip" X-Client-IP="64.180.26.65" X-Client-Port="56678" >
  <step title="OneDeploy" date="2025-03-29T03:53:24.853" >
    <step title="None repository commit" date="2025-03-29T03:53:24.962" >
      <step title="Commit id: 185c0667-f387-441e-97d7-8b66645e3640" date="2025-03-29T03:53:24.972" Message="N/A" AuthorName="N/A" AuthorEmail="N/A" /><!-- duration: 9ms -->
    </step><!-- duration: 21ms -->
    <step title="Starting PushDeployAsync" date="2025-03-29T03:53:24.992" /><!-- duration: 9ms -->
    <step title="Writing artifact to /tmp/zipdeploy/0cecf803-e5e9-4726-a610-8bddb3854ebd.zip" date="2025-03-29T03:53:25.195" >
      <step title="Writing multipart request body to /tmp/zipdeploy/0cecf803-e5e9-4726-a610-8bddb3854ebd.zip" date="2025-03-29T03:53:25.215" /><!-- duration: 19ms -->
    </step><!-- duration: 490ms -->
    <step title="Attempting to fetch target branch HEAD" date="2025-03-29T03:53:25.757" /><!-- duration: 17ms -->
    <step title="Acquiring Deployment Lock" date="2025-03-29T03:53:25.785" /><!-- duration: 2ms -->
    <step title="Acquired Deployment Lock" date="2025-03-29T03:53:26.003" /><!-- duration: 29ms -->
    <step title="Performing fetch based deployment" date="2025-03-29T03:53:26.228" >
      <step title="Creating temporary deployment" date="2025-03-29T03:53:26.240" /><!-- duration: 332ms -->
      <step title="Releasing Deployment Lock" date="2025-03-29T03:53:28.506" /><!-- duration: 27ms -->
      <step title="Cleaning up temp folders from previous zip deployments and extracting pushed zip file /tmp/zipdeploy/0cecf803-e5e9-4726-a610-8bddb3854ebd.zip (0.22 MB) to /tmp/zipdeploy/extracted" date="2025-03-29T03:53:28.605" >
        <step title="ChmodRecursive Process exited with total time taken in ms: 248" date="2025-03-29T03:53:29.256" /><!-- duration: 11ms -->
      </step><!-- duration: 690ms -->
      <step title="None repository commit" date="2025-03-29T03:53:29.337" >
        <step title="Commit id: 185c0667-f387-441e-97d7-8b66645e3640" date="2025-03-29T03:53:29.346" Message="OneDeploy" AuthorName="N/A" AuthorEmail="N/A" /><!-- duration: 10ms -->
      </step><!-- duration: 21ms -->
      <step title="Deployment timer started" date="2025-03-29T03:53:31.479" >
        <step title="DeploymentManager.Deploy(id:185c0667-f387-441e-97d7-8b66645e3640)" date="2025-03-29T03:53:31.489" >
          <step title="Collecting changeset information" date="2025-03-29T03:53:31.530" /><!-- duration: 120ms -->
          <step title="Updating submodules" date="2025-03-29T03:53:31.660" /><!-- duration: 1183ms -->
          <step title="Determining deployment builder" date="2025-03-29T03:53:33.250" >
            <step title="Builder is OryxBuilder" date="2025-03-29T03:53:33.322" /><!-- duration: 8ms -->
          </step><!-- duration: 90ms -->
          <step title="PreDeployment: context.CleanOutputPath False" date="2025-03-29T03:53:33.410" >
            <step title="PreDeployment: context.OutputPath /home/site/wwwroot" date="2025-03-29T03:53:33.643" >
              <step title="Building" date="2025-03-29T03:53:33.873" >
                <step title="Executing external process" date="2025-03-29T03:53:34.570" type="process" path="bash" arguments="-c &quot;oryx build /tmp/zipdeploy/extracted -o /home/site/wwwroot --platform nodejs --platform-version 18 -p virtualenv_name= --log-file /tmp/build-debug.log  -i /tmp/8dd6e7546bc0373 -p compress_node_modules=tar-gz | tee /tmp/oryx-build.log ; exit $PIPESTATUS &quot;" 