<step title="Incoming Request" date="2025-03-29T16:45:56.957" instance="9f55e4" url="/reading-road-voice-demo.git/info/refs?service=git-upload-pack" method="GET" type="request" pid="768,1,32" Accept="*/*" Host="reading-road-voice-demo.scm.azurewebsites.net" User-Agent="git/2.47.0.windows.2 (Windows 11 Pro 10.0.22621; win32 x64) vscode/1.96.2 (Cursor)" Accept-Encoding="deflate, gzip, br, zstd" Authorization="Bas..." Pragma="no-cache" git-protocol="version=2" X-ARR-LOG-ID="9731a1f3-1165-4d77-9e44-c2b90b60b5d2" CLIENT-IP="64.180.26.65:64589" X-SITE-DEPLOYMENT-ID="reading-road-voice-demo" WAS-DEFAULT-HOSTNAME="reading-road-voice-demo.scm.azurewebsites.net" X-Forwarded-Proto="https" X-AppService-Proto="https" X-Forwarded-TlsVersion="1.3" X-WAWS-Unencoded-URL="/reading-road-voice-demo.git/info/refs?service=git-upload-pack" X-Client-IP="64.180.26.65" X-Client-Port="64589" >
  <step title="Cleanup Xml Logs" date="2025-03-29T16:45:56.959" >
    <step title="Cleanup Infos" date="2025-03-29T16:45:56.969" totalFiles="438" totalCleanup="278" /><!-- duration: 2ms -->
  </step><!-- duration: 14ms -->
  <step title="InfoRefsService.Execute" date="2025-03-29T16:45:56.978" >
    <step title="Executing external process" date="2025-03-29T16:45:56.987" type="process" path="git" arguments="rev-parse --git-dir" /><!-- duration: 23ms -->
    <step title="Assuming git repository at /home/site/repository" date="2025-03-29T16:45:57.030" /><!-- duration: 2ms -->
    <step title="InfoRefsService.SmartInfoRefs" date="2025-03-29T16:45:57.034" >
      <step title="Executing external process" date="2025-03-29T16:45:57.038" type="process" path="git" arguments="rev-parse --git-dir" /><!-- duration: 14ms -->
      <step title="Assuming git repository at /home/site/repository" date="2025-03-29T16:45:57.058" /><!-- duration: 2ms -->
      <step title="GitExeServer.AdvertiseUploadPack" date="2025-03-29T16:45:57.078" >
        <step title="Executing external process" date="2025-03-29T16:45:57.079" type="process" path="git" arguments="upload-pack --stateless-rpc --advertise-refs &quot;/home/site/repository&quot;" /><!-- duration: 31ms -->
      </step><!-- duration: 34ms -->
      <step title="Writing 288 bytes" date="2025-03-29T16:45:57.113" /><!-- duration: 4ms -->
    </step><!-- duration: 85ms -->
  </step><!-- duration: 142ms -->
  <step title="Outgoing response" date="2025-03-29T16:45:57.128" type="response" statusCode="200" statusText="OK" /><!-- duration: 4ms -->
</step><!-- duration: 177ms -->
