<step title="Incoming Request" date="2025-03-29T03:18:28.275" instance="9f55e4" url="/reading-road-voice-demo.git/git-receive-pack" method="POST" type="request" pid="772,1,5" Accept="application/x-git-receive-pack-result" Host="reading-road-voice-demo.scm.azurewebsites.net" User-Agent="git/2.47.0.windows.2" Accept-Encoding="deflate, gzip, br, zstd" Authorization="Bas..." Content-Type="application/x-git-receive-pack-request" Transfer-Encoding="chunked" X-ARR-LOG-ID="1607919a-77f6-4670-a95d-68621cb4cc93" CLIENT-IP="216.232.132.69:55872" X-SITE-DEPLOYMENT-ID="reading-road-voice-demo" WAS-DEFAULT-HOSTNAME="reading-road-voice-demo.scm.azurewebsites.net" X-Forwarded-Proto="https" X-AppService-Proto="https" X-Forwarded-TlsVersion="1.3" X-WAWS-Unencoded-URL="/reading-road-voice-demo.git/git-receive-pack" X-Client-IP="216.232.132.69" X-Client-Port="55872" >
  <step title="RpcService.ReceivePack" date="2025-03-29T03:18:28.376" >
    <step title="Executing external process" date="2025-03-29T03:18:28.386" type="process" path="git" arguments="rev-parse --git-dir" /><!-- duration: 30ms -->
    <step title="Assuming git repository at /home/site/repository" date="2025-03-29T03:18:28.426" /><!-- duration: 8ms -->
    <step title="Acquiring Deployment Lock" date="2025-03-29T03:18:28.455" /><!-- duration: 9ms -->
    <step title="Acquired Deployment Lock" date="2025-03-29T03:18:28.498" /><!-- duration: 36ms -->
    <step title="Creating temporary deployment" date="2025-03-29T03:18:28.544" /><!-- duration: 62ms -->
    <step title="GitExeServer.Receive" date="2025-03-29T03:18:28.616" >
      <step title="Executing external process" date="2025-03-29T03:18:28.625" type="process" path="git" arguments="receive-pack --stateless-rpc &quot;/home/site/repository&quot;" /><!-- duration: 49929ms -->
    </step><!-- duration: 49944ms -->
    <step title="Releasing Deployment Lock" date="2025-03-29T03:19:18.629" /><!-- duration: 11ms -->
  </step><!-- duration: 50274ms -->
  <step title="Outgoing response" date="2025-03-29T03:19:18.659" type="response" statusCode="200" statusText="OK" /><!-- duration: 1ms -->
</step><!-- duration: 50387ms -->
