<step title="Incoming Request" date="2025-03-29T04:04:48.285" instance="9f55e4" url="/reading-road-voice-demo.git/info/refs?service=git-upload-pack" method="GET" type="request" pid="767,1,26" Accept="*/*" Host="reading-road-voice-demo.scm.azurewebsites.net" User-Agent="git/2.47.0.windows.2 (Windows 11 Pro 10.0.22621; win32 x64) vscode/1.96.2 (Cursor)" Accept-Encoding="deflate, gzip, br, zstd" Authorization="Bas..." Pragma="no-cache" git-protocol="version=2" X-ARR-LOG-ID="cfe96f5e-2421-45ef-984b-b68fd79c89ee" CLIENT-IP="64.180.26.65:56938" X-SITE-DEPLOYMENT-ID="reading-road-voice-demo" WAS-DEFAULT-HOSTNAME="reading-road-voice-demo.scm.azurewebsites.net" X-Forwarded-Proto="https" X-AppService-Proto="https" X-Forwarded-TlsVersion="1.3" X-WAWS-Unencoded-URL="/reading-road-voice-demo.git/info/refs?service=git-upload-pack" X-Client-IP="64.180.26.65" X-Client-Port="56938" >
  <step title="Cleanup Xml Logs" date="2025-03-29T04:04:48.315" >
    <step title="Cleanup Infos" date="2025-03-29T04:04:48.358" totalFiles="341" totalCleanup="181" /><!-- duration: 18ms -->
  </step><!-- duration: 70ms -->
  <step title="InfoRefsService.Execute" date="2025-03-29T04:04:48.408" >
    <step title="Executing external process" date="2025-03-29T04:04:48.798" type="process" path="git" arguments="rev-parse --git-dir" /><!-- duration: 151ms -->
    <step title="Assuming git repository at /home/site/repository" date="2025-03-29T04:04:48.959" /><!-- duration: 9ms -->
    <step title="InfoRefsService.SmartInfoRefs" date="2025-03-29T04:04:48.977" >
      <step title="Executing external process" date="2025-03-29T04:04:49.047" type="process" path="git" arguments="rev-parse --git-dir" /><!-- duration: 40ms -->
      <step title="Assuming git repository at /home/site/repository" date="2025-03-29T04:04:49.096" /><!-- duration: 19ms -->
      <step title="GitExeServer.AdvertiseUploadPack" date="2025-03-29T04:04:49.136" >
        <step title="Executing external process" date="2025-03-29T04:04:49.846" type="process" path="git" arguments="upload-pack --stateless-rpc --advertise-refs &quot;/home/site/repository&quot;" /><!-- duration: 123ms -->
      </step><!-- duration: 852ms -->
      <step title="Writing 288 bytes" date="2025-03-29T04:04:49.999" /><!-- duration: 9ms -->
    </step><!-- duration: 1132ms -->
  </step><!-- duration: 1742ms -->
  <step title="Outgoing response" date="2025-03-29T04:04:50.197" type="response" statusCode="200" statusText="OK" /><!-- duration: 2ms -->
</step><!-- duration: 1923ms -->
