<step title="Incoming Request" date="2025-03-29T03:48:54.301" instance="9f55e4" url="/reading-road-voice-demo.git/info/refs?service=git-upload-pack" method="GET" type="request" pid="767,1,16" Accept="*/*" Host="reading-road-voice-demo.scm.azurewebsites.net" User-Agent="git/2.47.0.windows.2 (Windows 11 Pro 10.0.22621; win32 x64) vscode/1.96.2 (Cursor)" Accept-Encoding="deflate, gzip, br, zstd" Authorization="Bas..." Pragma="no-cache" git-protocol="version=2" X-ARR-LOG-ID="d1559d6d-d6ea-412d-b21f-c113b1f7af04" CLIENT-IP="64.180.26.65:56503" X-SITE-DEPLOYMENT-ID="reading-road-voice-demo" WAS-DEFAULT-HOSTNAME="reading-road-voice-demo.scm.azurewebsites.net" X-Forwarded-Proto="https" X-AppService-Proto="https" X-Forwarded-TlsVersion="1.3" X-WAWS-Unencoded-URL="/reading-road-voice-demo.git/info/refs?service=git-upload-pack" X-Client-IP="64.180.26.65" X-Client-Port="56503" >
  <step title="Cleanup Xml Logs" date="2025-03-29T03:48:54.310" >
    <step title="Cleanup Infos" date="2025-03-29T03:48:54.323" totalFiles="305" totalCleanup="145" /><!-- duration: 9ms -->
  </step><!-- duration: 28ms -->
  <step title="InfoRefsService.Execute" date="2025-03-29T03:48:54.360" >
    <step title="Executing external process" date="2025-03-29T03:48:55.170" type="process" path="git" arguments="rev-parse --git-dir" /><!-- duration: 207ms -->
    <step title="Assuming git repository at /home/site/repository" date="2025-03-29T03:48:55.408" /><!-- duration: 1ms -->
    <step title="InfoRefsService.SmartInfoRefs" date="2025-03-29T03:48:55.415" >
      <step title="Executing external process" date="2025-03-29T03:48:55.428" type="process" path="git" arguments="rev-parse --git-dir" /><!-- duration: 79ms -->
      <step title="Assuming git repository at /home/site/repository" date="2025-03-29T03:48:55.526" /><!-- duration: 1ms -->
      <step title="GitExeServer.AdvertiseUploadPack" date="2025-03-29T03:48:55.537" >
        <step title="Executing external process" date="2025-03-29T03:48:55.545" type="process" path="git" arguments="upload-pack --stateless-rpc --advertise-refs &quot;/home/site/repository&quot;" /><!-- duration: 98ms -->
      </step><!-- duration: 116ms -->
      <step title="Writing 288 bytes" date="2025-03-29T03:48:55.662" /><!-- duration: 2ms -->
    </step><!-- duration: 278ms -->
  </step><!-- duration: 1342ms -->
  <step title="Outgoing response" date="2025-03-29T03:48:55.753" type="response" statusCode="200" statusText="OK" /><!-- duration: 9ms -->
</step><!-- duration: 1462ms -->
