<step title="Incoming Request" date="2025-03-29T03:17:20.113" instance="9f55e4" url="/reading-road-voice-demo.git/info/refs?service=git-upload-pack" method="GET" type="request" pid="771,1,5" Accept="*/*" Host="reading-road-voice-demo.scm.azurewebsites.net" User-Agent="git/2.47.0.windows.2 (Windows 11 Pro 10.0.22621; win32 x64) vscode/1.96.2 (Cursor)" Accept-Encoding="deflate, gzip, br, zstd" Authorization="Bas..." Pragma="no-cache" git-protocol="version=2" X-ARR-LOG-ID="65682331-5ebb-49dc-9eb0-9cd4c037555b" CLIENT-IP="216.232.132.69:55833" X-SITE-DEPLOYMENT-ID="reading-road-voice-demo" WAS-DEFAULT-HOSTNAME="reading-road-voice-demo.scm.azurewebsites.net" X-Forwarded-Proto="https" X-AppService-Proto="https" X-Forwarded-TlsVersion="1.3" X-WAWS-Unencoded-URL="/reading-road-voice-demo.git/info/refs?service=git-upload-pack" X-Client-IP="216.232.132.69" X-Client-Port="55833" >
  <step title="InfoRefsService.Execute" date="2025-03-29T03:17:24.320" >
    <step title="Executing external process" date="2025-03-29T03:17:24.759" type="process" path="git" arguments="rev-parse --git-dir" /><!-- duration: 2137ms -->
    <step title="Assuming git repository at /home/site/repository" date="2025-03-29T03:17:27.258" /><!-- duration: 61ms -->
    <step title="InfoRefsService.SmartInfoRefs" date="2025-03-29T03:17:27.369" >
      <step title="Executing external process" date="2025-03-29T03:17:27.866" type="process" path="git" arguments="rev-parse --git-dir" /><!-- duration: 882ms -->
      <step title="Assuming git repository at /home/site/repository" date="2025-03-29T03:17:28.983" /><!-- duration: 122ms -->
      <step title="GitExeServer.AdvertiseUploadPack" date="2025-03-29T03:17:29.254" >
        <step title="Executing external process" date="2025-03-29T03:17:29.355" type="process" path="git" arguments="upload-pack --stateless-rpc --advertise-refs &quot;/home/site/repository&quot;" /><!-- duration: 1661ms -->
      </step><!-- duration: 1879ms -->
      <step title="Writing 38 bytes" date="2025-03-29T03:17:31.144" /><!-- duration: 29ms -->
    </step><!-- duration: 3996ms -->
  </step><!-- duration: 7153ms -->
  <step title="Outgoing response" date="2025-03-29T03:17:32.023" type="response" statusCode="200" statusText="OK" /><!-- duration: 248ms -->
</step><!-- duration: 12238ms -->
