<step title="Incoming Request" date="2025-03-29T03:07:49.311" instance="9f55e4" url="/api/publish?type=zip" method="POST" type="request" pid="769,1,5" Accept="*/*" Host="reading-road-voice-demo.scm.azurewebsites.net" User-Agent="AZURECLI/2.70.0 (MSI)" Accept-Encoding="gzip, deflate" Authorization="Bas..." Cache-Control="no-cache" Content-Type="application/octet-stream" Cookie="ARRAffinity=9f55e46e3d2054f2a574cbda6605e6df0484dc3b864373ea25829a5320264660; ARRAffinitySameSite=9f55e46e3d2054f2a574cbda6605e6df0484dc3b864373ea25829a5320264660" Content-Length="236988" x-ms-client-request-id="f9703ca7-0c4a-11f0-b8d6-8c3b4a441321" x-ms-artifact-checksum="de265f2d4876c3843540697b30fc845b90877e67d54fad91f3208b6e9e45183e" X-ARR-LOG-ID="f9703ca7-0c4a-11f0-b8d6-8c3b4a441321" CLIENT-IP="216.232.132.69:55559" X-SITE-DEPLOYMENT-ID="reading-road-voice-demo" WAS-DEFAULT-HOSTNAME="reading-road-voice-demo.scm.azurewebsites.net" X-Forwarded-Proto="https" X-AppService-Proto="https" X-Forwarded-TlsVersion="1.3" X-WAWS-Unencoded-URL="/api/publish?type=zip" X-Client-IP="216.232.132.69" X-Client-Port="55559" >
  <step title="Cleanup Xml Logs" date="2025-03-29T03:07:49.321" >
    <step title="Cleanup Infos" date="2025-03-29T03:07:49.334" totalFiles="234" totalCleanup="74" /><!-- duration: 5ms -->
  </step><!-- duration: 21ms -->
  <step title="OneDeploy" date="2025-03-29T03:07:49.589" >
    <step title="None repository commit" date="2025-03-29T03:07:49.659" >
      <step title="Commit id: 20b9b57b-cd55-4f59-add5-d2e35de04c4b" date="2025-03-29T03:07:49.699" Message="N/A" AuthorName="N/A" AuthorEmail="N/A" /><!-- duration: 49ms -->
    </step><!-- duration: 99ms -->
    <step title="Starting PushDeployAsync" date="2025-03-29T03:07:49.760" /><!-- duration: 8ms -->
    <step title="Writing artifact to /tmp/zipdeploy/f80789c4-e7a3-49b4-8d90-71aff84cc1cb.zip" date="2025-03-29T03:07:49.888" >
      <step title="Writing multipart request body to /tmp/zipdeploy/f80789c4-e7a3-49b4-8d90-71aff84cc1cb.zip" date="2025-03-29T03:07:49.909" /><!-- duration: 2ms -->
    </step><!-- duration: 309ms -->
    <step title="Attempting to fetch target branch HEAD" date="2025-03-29T03:07:50.239" /><!-- duration: 49ms -->
    <step title="Acquiring Deployment Lock" date="2025-03-29T03:07:50.297" /><!-- duration: 10ms -->
    <step title="Acquired Deployment Lock" date="2025-03-29T03:07:50.388" /><!-- duration: 29ms -->
    <step title="Performing fetch based deployment" date="2025-03-29T03:07:50.439" >
      <step title="Creating temporary deployment" date="2025-03-29T03:07:50.457" /><!-- duration: 72ms -->
      <step title="Releasing Deployment Lock" date="2025-03-29T03:07:51.877" /><!-- duration: 32ms -->
      <step title="Cleaning up temp folders from previous zip deployments and extracting pushed zip file /tmp/zipdeploy/f80789c4-e7a3-49b4-8d90-71aff84cc1cb.zip (0.23 MB) to /tmp/zipdeploy/extracted" date="2025-03-29T03:07:52.036" >
        <step title="ChmodRecursive Process exited with total time taken in ms: 378" date="2025-03-29T03:07:52.743" /><!-- duration: 20ms -->
      </step><!-- duration: 748ms -->
      <step title="None repository commit" date="2025-03-29T03:07:52.793" >
        <step title="Commit id: 20b9b57b-cd55-4f59-add5-d2e35de04c4b" date="2025-03-29T03:07:52.795" Message="OneDeploy" AuthorName="N/A" AuthorEmail="N/A" /><!-- duration: 88ms -->
      </step><!-- duration: 110ms -->
      <step title="Deployment timer started" date="2025-03-29T03:07:54.920" >
        <step title="DeploymentManager.Deploy(id:20b9b57b-cd55-4f59-add5-d2e35de04c4b)" date="2025-03-29T03:07:54.958" >
          <step title="Collecting changeset information" date="2025-03-29T03:07:55.001" /><!-- duration: 101ms -->
          <step title="Updating submodules" date="2025-03-29T03:07:55.118" /><!-- duration: 1231ms -->
          <step title="Determining deployment builder" date="2025-03-29T03:07:57.197" >
            <step title="Builder is OryxBuilder" date="2025-03-29T03:07:57.308" /><!-- duration: 39ms -->
          </step><!-- duration: 151ms -->
          <step title="PreDeployment: context.CleanOutputPath False" date="2025-03-29T03:07:57.507" >
            <step title="PreDeployment: context.OutputPath /home/site/wwwroot" date="2025-03-29T03:07:57.996" >
              <step title="Building" date="2025-03-29T03:07:58.789" >
                <step title="Executing external process" date="2025-03-29T03:07:59.433" type="process" path="bash" arguments="-c &quot;oryx build /tmp/zipdeploy/extracted -o /home/site/wwwroot --platform nodejs --platform-version 18 -p virtualenv_name= --log-file /tmp/build-debug.log  -i /tmp/8dd6e6ee7f72d10 -p compress_node_modules=tar-gz | tee /tmp/oryx-build.log ; exit $PIPESTATUS &quot;" 