<step title="Incoming Request" date="2025-03-29T05:21:03.392" instance="9f55e4" url="/api/zipdeploy?isAsync=true" method="POST" type="request" pid="772,1,20" Accept="*/*" Host="reading-road-voice-demo.scm.azurewebsites.net" User-Agent="AZURECLI/2.70.0 (MSI)" Accept-Encoding="gzip, deflate" Authorization="Bas..." Cache-Control="no-cache" Content-Type="application/octet-stream" Cookie="ARRAffinity=9f55e46e3d2054f2a574cbda6605e6df0484dc3b864373ea25829a5320264660; ARRAffinitySameSite=9f55e46e3d2054f2a574cbda6605e6df0484dc3b864373ea25829a5320264660" Content-Length="67564303" x-ms-client-request-id="8eb2681f-0c5d-11f0-8d01-8c3b4a441321" x-ms-artifact-checksum="2391ed81ad09c860c27ce1f17824a50757223428a412ae8e0c85c7eda38decd3" X-ARR-LOG-ID="8eb2681f-0c5d-11f0-8d01-8c3b4a441321" CLIENT-IP="64.180.26.65:59426" X-SITE-DEPLOYMENT-ID="reading-road-voice-demo" WAS-DEFAULT-HOSTNAME="reading-road-voice-demo.scm.azurewebsites.net" X-Forwarded-Proto="https" X-AppService-Proto="https" X-Forwarded-TlsVersion="1.3" X-WAWS-Unencoded-URL="/api/zipdeploy?isAsync=true" X-Client-IP="64.180.26.65" X-Client-Port="59426" >
  <step title="ZipPushDeploy" date="2025-03-29T05:21:03.410" >
    <step title="ZipDeploy. Extract zip." date="2025-03-29T05:21:03.413" /><!-- duration: 9ms -->
    <step title="Starting PushDeployAsync" date="2025-03-29T05:21:03.431" /><!-- duration: 1ms -->
    <step title="Writing artifact to /tmp/zipdeploy/c34822e4-dbac-41c2-a988-bab279a383c2.zip" date="2025-03-29T05:21:03.442" >
      <step title="Writing multipart request body to /tmp/zipdeploy/c34822e4-dbac-41c2-a988-bab279a383c2.zip" date="2025-03-29T05:21:03.459" /><!-- duration: 1ms -->
      <step title="Error occurred" date="2025-03-29T05:21:03.629" type="error" text="Exception in copying zip file to temp path. Exception: Microsoft.AspNetCore.Server.Kestrel.Core.BadHttpRequestException: Unexpected end of request content.
   at Microsoft.AspNetCore.Server.Kestrel.Core.Internal.Http.Http1ContentLengthMessageBody.ReadAsyncInternal(CancellationToken cancellationToken)
   at System.Runtime.CompilerServices.PoolingAsyncValueTaskMethodBuilder`1.StateMachineBox`1.System.Threading.Tasks.Sources.IValueTaskSource&lt;TResult&gt;.GetResult(Int16 )
   at System.IO.Pipelines.PipeReader.CopyToAsyncCore[TStream](TStream , Func`4 , CancellationToken )
   at Kudu.Services.Deployment.PushDeploymentController.CopyZipFromRequestBody(String artifactTempPath, ITracer tracer) in /tmp/KuduLite/Kudu.Services/Deployment/PushDeploymentController.cs:line 1462: Unexpected end of request content." stackTrace="   at Microsoft.AspNetCore.Server.Kestrel.Core.Internal.Http.Http1ContentLengthMessageBody.ReadAsyncInternal(CancellationToken cancellationToken)
   at System.Runtime.CompilerServices.PoolingAsyncValueTaskMethodBuilder`1.StateMachineBox`1.System.Threading.Tasks.Sources.IValueTaskSource&lt;TResult&gt;.GetResult(Int16 )
   at System.IO.Pipelines.PipeReader.CopyToAsyncCore[TStream](TStream , Func`4 , CancellationToken )
   at Kudu.Services.Deployment.PushDeploymentController.CopyZipFromRequestBody(String artifactTempPath, ITracer tracer) in /tmp/KuduLite/Kudu.Services/Deployment/PushDeploymentController.cs:line 1462" /><!-- duration: 2ms -->
    </step><!-- duration: 201ms -->
    <step title="Error occurred" date="2025-03-29T05:21:03.644" type="error" text="Request was Aborted. Deployment was cancelled" /><!-- duration: 11ms -->
  </step><!-- duration: 255ms -->
  <step title="Outgoing response" date="2025-03-29T05:21:03.674" type="response" statusCode="499" statusText="499" /><!-- duration: 1ms -->
</step><!-- duration: 293ms -->
