﻿<?xml version="1.0" encoding="utf-8"?>
<deployment>
  <id>bc523e38a9582cb7d104fdaa6cd1fa496329b61f</id>
  <author>Azure Deploy</author>
  <deployer>eye-tracker-deploy</deployer>
  <authorEmail>deploy@azure.com</authorEmail>
  <message>Initial commit</message>
  <progress></progress>
  <status>Success</status>
  <statusText></statusText>
  <lastSuccessEndTime>2025-03-29T17:13:18.5922724Z</lastSuccessEndTime>
  <receivedTime>2025-03-29T17:12:36.2193462Z</receivedTime>
  <startTime>2025-03-29T17:13:17.4205062Z</startTime>
  <endTime>2025-03-29T17:13:18.5922724Z</endTime>
  <complete>True</complete>
  <is_temp>False</is_temp>
  <is_readonly>False</is_readonly>
  <buildSummary />
</deployment>