﻿<?xml version="1.0" encoding="utf-8"?>
<deployment>
  <id>bf3f60e49a56710893e0da6f71ff017166098bbf</id>
  <author>Azure Deploy</author>
  <deployer>eye-tracker-deploy</deployer>
  <authorEmail>deploy@azure.com</authorEmail>
  <message>Explicit Next.js deployment setup</message>
  <progress></progress>
  <status>Success</status>
  <statusText></statusText>
  <lastSuccessEndTime>2025-03-29T17:18:06.1165794Z</lastSuccessEndTime>
  <receivedTime>2025-03-29T17:17:31.8960276Z</receivedTime>
  <startTime>2025-03-29T17:18:04.8726533Z</startTime>
  <endTime>2025-03-29T17:18:06.1165794Z</endTime>
  <complete>True</complete>
  <is_temp>False</is_temp>
  <is_readonly>False</is_readonly>
  <buildSummary />
</deployment>