﻿<?xml version="1.0" encoding="utf-8"?>
<deployment>
  <id>20b9b57b-cd55-4f59-add5-d2e35de04c4b</id>
  <author>N/A</author>
  <deployer>OneDeploy</deployer>
  <authorEmail>N/A</authorEmail>
  <message>OneDeploy</message>
  <progress></progress>
  <status>Failed</status>
  <statusText>Deployment has been stopped due to SCM container restart. The restart can happen due to a management operation on site. Do not perform a management operation and a deployment operation in quick succession. Adding a small delay can help avoid any conflicts.</statusText>
  <lastSuccessEndTime />
  <receivedTime>2025-03-29T03:07:55.0497249Z</receivedTime>
  <startTime>2025-03-29T03:07:56.7151508Z</startTime>
  <endTime>2025-03-29T03:08:21.935099Z</endTime>
  <complete>True</complete>
  <is_temp>False</is_temp>
  <is_readonly>True</is_readonly>
  <buildSummary />
</deployment>