<step title="Incoming Request" date="2025-03-29T03:14:18.007" instance="9f55e4" url="/reading-road-voice-demo.git/info/refs?service=git-upload-pack" method="GET" type="request" pid="769,1,5" Accept="*/*" Host="reading-road-voice-demo.scm.azurewebsites.net" User-Agent="git/2.47.0.windows.2 (Windows 11 Pro 10.0.22621; win32 x64) vscode/1.96.2 (Cursor)" Accept-Encoding="deflate, gzip, br, zstd" Authorization="Bas..." Pragma="no-cache" git-protocol="version=2" X-ARR-LOG-ID="b2a1c857-77fb-47f9-89e7-006c35e3f574" CLIENT-IP="216.232.132.69:55720" X-SITE-DEPLOYMENT-ID="reading-road-voice-demo" WAS-DEFAULT-HOSTNAME="reading-road-voice-demo.scm.azurewebsites.net" X-Forwarded-Proto="https" X-AppService-Proto="https" X-Forwarded-TlsVersion="1.3" X-WAWS-Unencoded-URL="/reading-road-voice-demo.git/info/refs?service=git-upload-pack" X-Client-IP="216.232.132.69" X-Client-Port="55720" >
  <step title="Cleanup Xml Logs" date="2025-03-29T03:14:18.010" >
    <step title="Cleanup Infos" date="2025-03-29T03:14:18.014" totalFiles="244" totalCleanup="84" /><!-- duration: 1ms -->
  </step><!-- duration: 7ms -->
  <step title="InfoRefsService.Execute" date="2025-03-29T03:14:18.021" >
    <step title="Executing external process" date="2025-03-29T03:14:18.029" type="process" path="git" arguments="rev-parse --git-dir" /><!-- duration: 29ms -->
    <step title="Assuming git repository at /home/site/repository" date="2025-03-29T03:14:18.060" /><!-- duration: 1ms -->
    <step title="InfoRefsService.SmartInfoRefs" date="2025-03-29T03:14:18.063" >
      <step title="Executing external process" date="2025-03-29T03:14:18.070" type="process" path="git" arguments="rev-parse --git-dir" /><!-- duration: 18ms -->
      <step title="Assuming git repository at /home/site/repository" date="2025-03-29T03:14:18.090" /><!-- duration: 1ms -->
      <step title="GitExeServer.AdvertiseUploadPack" date="2025-03-29T03:14:18.094" >
        <step title="Executing external process" date="2025-03-29T03:14:18.098" type="process" path="git" arguments="upload-pack --stateless-rpc --advertise-refs &quot;/home/site/repository&quot;" /><!-- duration: 61ms -->
      </step><!-- duration: 68ms -->
      <step title="Writing 38 bytes" date="2025-03-29T03:14:18.170" /><!-- duration: 1ms -->
    </step><!-- duration: 110ms -->
  </step><!-- duration: 153ms -->
  <step title="Outgoing response" date="2025-03-29T03:14:18.180" type="response" statusCode="200" statusText="OK" /><!-- duration: 2ms -->
</step><!-- duration: 177ms -->
