<step title="Incoming Request" date="2025-03-29T03:06:39.290" instance="9f55e4" url="/api/publish?type=zip" method="POST" type="request" pid="770,1,15" Accept="*/*" Host="reading-road-voice-demo.scm.azurewebsites.net" User-Agent="AZURECLI/2.70.0 (MSI)" Accept-Encoding="gzip, deflate" Authorization="Bas..." Cache-Control="no-cache" Content-Type="application/octet-stream" Cookie="ARRAffinity=9f55e46e3d2054f2a574cbda6605e6df0484dc3b864373ea25829a5320264660; ARRAffinitySameSite=9f55e46e3d2054f2a574cbda6605e6df0484dc3b864373ea25829a5320264660" Content-Length="236988" x-ms-client-request-id="d12ff7cf-0c4a-11f0-8ff5-8c3b4a441321" x-ms-artifact-checksum="de265f2d4876c3843540697b30fc845b90877e67d54fad91f3208b6e9e45183e" X-ARR-LOG-ID="d12ff7cf-0c4a-11f0-8ff5-8c3b4a441321" CLIENT-IP="216.232.132.69:55473" X-SITE-DEPLOYMENT-ID="reading-road-voice-demo" WAS-DEFAULT-HOSTNAME="reading-road-voice-demo.scm.azurewebsites.net" X-Forwarded-Proto="https" X-AppService-Proto="https" X-Forwarded-TlsVersion="1.3" X-WAWS-Unencoded-URL="/api/publish?type=zip" X-Client-IP="216.232.132.69" X-Client-Port="55473" >
  <step title="OneDeploy" date="2025-03-29T03:06:39.337" >
    <step title="None repository commit" date="2025-03-29T03:06:39.367" >
      <step title="Commit id: a74468a4-a9ed-4c8c-b614-747c73397eed" date="2025-03-29T03:06:39.369" Message="N/A" AuthorName="N/A" AuthorEmail="N/A" /><!-- duration: 1ms -->
    </step><!-- duration: 4ms -->
    <step title="Starting PushDeployAsync" date="2025-03-29T03:06:39.373" /><!-- duration: 1ms -->
    <step title="Writing artifact to /tmp/zipdeploy/b95a56ef-d5ac-4ef4-b180-f26585728ed9.zip" date="2025-03-29T03:06:39.411" >
      <step title="Writing multipart request body to /tmp/zipdeploy/b95a56ef-d5ac-4ef4-b180-f26585728ed9.zip" date="2025-03-29T03:06:39.427" /><!-- duration: 2ms -->
    </step><!-- duration: 134ms -->
    <step title="Attempting to fetch target branch HEAD" date="2025-03-29T03:06:39.549" /><!-- duration: 1ms -->
    <step title="Acquiring Deployment Lock" date="2025-03-29T03:06:39.564" /><!-- duration: 2ms -->
    <step title="Cannot Acquire Deployment Lock already held" date="2025-03-29T03:06:39.568" /><!-- duration: 1ms -->
    <step title="There is a deployment currently in progress. Please try again when it completes." date="2025-03-29T03:06:39.576" /><!-- duration: 1ms -->
  </step><!-- duration: 246ms -->
  <step title="Outgoing response" date="2025-03-29T03:06:39.605" type="response" statusCode="409" statusText="Conflict" /><!-- duration: 8ms -->
</step><!-- duration: 345ms -->
