<step title="Incoming Request" date="2025-03-29T03:03:50.270" instance="9f55e4" url="/reading-road-voice-demo.git/info/refs?service=git-upload-pack" method="GET" type="request" pid="770,1,5" Accept="*/*" Host="reading-road-voice-demo.scm.azurewebsites.net" User-Agent="git/2.47.0.windows.2 (Windows 11 Pro 10.0.22621; win32 x64) vscode/1.96.2 (Cursor)" Accept-Encoding="deflate, gzip, br, zstd" Authorization="Bas..." Pragma="no-cache" git-protocol="version=2" X-ARR-LOG-ID="6c5a1ec2-8015-4d04-8034-53eeb00c8b35" CLIENT-IP="216.232.132.69:55312" X-SITE-DEPLOYMENT-ID="reading-road-voice-demo" WAS-DEFAULT-HOSTNAME="reading-road-voice-demo.scm.azurewebsites.net" X-Forwarded-Proto="https" X-AppService-Proto="https" X-Forwarded-TlsVersion="1.3" X-WAWS-Unencoded-URL="/reading-road-voice-demo.git/info/refs?service=git-upload-pack" X-Client-IP="216.232.132.69" X-Client-Port="55312" >
  <step title="InfoRefsService.Execute" date="2025-03-29T03:03:50.318" >
    <step title="Executing external process" date="2025-03-29T03:03:50.345" type="process" path="git" arguments="rev-parse --git-dir" /><!-- duration: 111ms -->
    <step title="Assuming git repository at /home/site/repository" date="2025-03-29T03:03:50.459" /><!-- duration: 1ms -->
    <step title="InfoRefsService.SmartInfoRefs" date="2025-03-29T03:03:50.466" >
      <step title="Executing external process" date="2025-03-29T03:03:50.486" type="process" path="git" arguments="rev-parse --git-dir" /><!-- duration: 20ms -->
      <step title="Assuming git repository at /home/site/repository" date="2025-03-29T03:03:50.508" /><!-- duration: 3ms -->
      <step title="GitExeServer.AdvertiseUploadPack" date="2025-03-29T03:03:50.515" >
        <step title="Executing external process" date="2025-03-29T03:03:50.517" type="process" path="git" arguments="upload-pack --stateless-rpc --advertise-refs &quot;/home/site/repository&quot;" /><!-- duration: 20ms -->
      </step><!-- duration: 23ms -->
      <step title="Writing 38 bytes" date="2025-03-29T03:03:50.541" /><!-- duration: 1ms -->
    </step><!-- duration: 82ms -->
  </step><!-- duration: 232ms -->
  <step title="Outgoing response" date="2025-03-29T03:03:50.577" type="response" statusCode="200" statusText="OK" /><!-- duration: 9ms -->
</step><!-- duration: 328ms -->
