<step title="Incoming Request" date="2025-03-29T03:15:53.084" instance="9f55e4" url="/api/zipdeploy?isAsync=true" method="POST" type="request" pid="769,1,20" Accept="*/*" Host="reading-road-voice-demo.scm.azurewebsites.net" User-Agent="AZURECLI/2.70.0 (MSI)" Accept-Encoding="gzip, deflate" Authorization="Bas..." Cache-Control="no-cache" Content-Type="application/octet-stream" Cookie="ARRAffinity=9f55e46e3d2054f2a574cbda6605e6df0484dc3b864373ea25829a5320264660; ARRAffinitySameSite=9f55e46e3d2054f2a574cbda6605e6df0484dc3b864373ea25829a5320264660" Content-Length="386405969" x-ms-client-request-id="0e0acba4-0c4c-11f0-bac9-8c3b4a441321" x-ms-artifact-checksum="1b86653985f03dcfe4ea4172d13717e94fbbc55498932e22adaf7c5113723d20" X-ARR-LOG-ID="0e0acba4-0c4c-11f0-bac9-8c3b4a441321" CLIENT-IP="216.232.132.69:55782" X-SITE-DEPLOYMENT-ID="reading-road-voice-demo" WAS-DEFAULT-HOSTNAME="reading-road-voice-demo.scm.azurewebsites.net" X-Forwarded-Proto="https" X-AppService-Proto="https" X-Forwarded-TlsVersion="1.3" X-WAWS-Unencoded-URL="/api/zipdeploy?isAsync=true" X-Client-IP="216.232.132.69" X-Client-Port="55782" >
  <step title="ZipPushDeploy" date="2025-03-29T03:15:53.862" >
    <step title="ZipDeploy. Extract zip. Remote build." date="2025-03-29T03:15:54.440" /><!-- duration: 10ms -->
    <step title="None repository commit" date="2025-03-29T03:15:54.531" >
      <step title="Commit id: e2cbdb7c-0384-46f1-b57c-b2fe4b0cbe58" date="2025-03-29T03:15:54.610" Message="N/A" AuthorName="N/A" AuthorEmail="N/A" /><!-- duration: 10ms -->
    </step><!-- duration: 108ms -->
    <step title="Starting PushDeployAsync" date="2025-03-29T03:15:54.641" /><!-- duration: 18ms -->
    <step title="Writing artifact to /tmp/zipdeploy/d090bafc-0c40-4575-bd7e-d2ce647b8956.zip" date="2025-03-29T03:15:54.833" >
      <step title="Writing multipart request body to /tmp/zipdeploy/d090bafc-0c40-4575-bd7e-d2ce647b8956.zip" date="2025-03-29T03:15:54.860" /><!-- duration: 2ms -->
    </step><!-- duration: 34385ms -->
    <step title="Start deployment in the background" date="2025-03-29T03:16:29.243" >
      <step title="Acquiring Deployment Lock" date="2025-03-29T03:16:29.346" /><!-- duration: 2ms -->
      <step title="Acquired Deployment Lock" date="2025-03-29T03:16:29.479" /><!-- duration: 1ms -->
    </step><!-- duration: 446ms -->
  </step><!-- duration: 35878ms -->
