<step title="Incoming Request" date="2025-03-29T03:03:05.935" instance="9f55e4" url="/api/deployments/latest" method="GET" type="request" pid="770,1,17" Accept="*/*" Host="reading-road-voice-demo.scm.azurewebsites.net" User-Agent="AZURECLI/2.70.0 (MSI)" Accept-Encoding="gzip, deflate" Authorization="Bas..." x-ms-client-request-id="6108c905-0c49-11f0-a3ba-8c3b4a441321" X-ARR-LOG-ID="6108c905-0c49-11f0-a3ba-8c3b4a441321" CLIENT-IP="216.232.132.69:55277" X-SITE-DEPLOYMENT-ID="reading-road-voice-demo" WAS-DEFAULT-HOSTNAME="reading-road-voice-demo.scm.azurewebsites.net" X-Forwarded-Proto="https" X-AppService-Proto="https" X-Forwarded-TlsVersion="1.3" X-WAWS-Unencoded-URL="/api/deployments/latest" X-Client-IP="216.232.132.69" X-Client-Port="55277" >
  <step title="DeploymentService.GetResult" date="2025-03-29T03:03:05.968" >
    <step title="DeploymentService.GetLatestDeployment" date="2025-03-29T03:03:05.977" >
      <step title="DeploymentManager.GetResults" date="2025-03-29T03:03:05.986" /><!-- duration: 125ms -->
      <step title="Deployment temp-34537892 is Pending" date="2025-03-29T03:03:06.117" /><!-- duration: 1ms -->
    </step><!-- duration: 149ms -->
    <step title="Redirecting to latest deployment: https://reading-road-voice-demo.scm.azurewebsites.net/api/deployments/latest" date="2025-03-29T03:03:06.127" /><!-- duration: 1ms -->
  </step><!-- duration: 168ms -->
  <step title="Outgoing response" date="2025-03-29T03:03:06.138" type="response" statusCode="202" statusText="Accepted" /><!-- duration: 2ms -->
</step><!-- duration: 206ms -->
