<step title="Incoming Request" date="2025-03-29T02:57:30.090" instance="9f55e4" url="/api/zipdeploy?isAsync=true" method="POST" type="request" pid="769,1,7" Accept="*/*" Host="reading-road-voice-demo.scm.azurewebsites.net" User-Agent="AZURECLI/2.70.0 (MSI)" Accept-Encoding="gzip, deflate" Authorization="Bas..." Cache-Control="no-cache" Content-Type="application/octet-stream" Cookie="ARRAffinity=9f55e46e3d2054f2a574cbda6605e6df0484dc3b864373ea25829a5320264660; ARRAffinitySameSite=9f55e46e3d2054f2a574cbda6605e6df0484dc3b864373ea25829a5320264660" Content-Length="385645437" x-ms-client-request-id="6108c905-0c49-11f0-a3ba-8c3b4a441321" x-ms-artifact-checksum="00b6d8071ad21c75d8a2a9f849c7eff385421c564b3b076c333699718d0bf969" X-ARR-LOG-ID="6108c905-0c49-11f0-a3ba-8c3b4a441321" CLIENT-IP="216.232.132.69:55076" X-SITE-DEPLOYMENT-ID="reading-road-voice-demo" WAS-DEFAULT-HOSTNAME="reading-road-voice-demo.scm.azurewebsites.net" X-Forwarded-Proto="https" X-AppService-Proto="https" X-Forwarded-TlsVersion="1.3" X-WAWS-Unencoded-URL="/api/zipdeploy?isAsync=true" X-Client-IP="216.232.132.69" X-Client-Port="55076" >
  <step title="ZipPushDeploy" date="2025-03-29T02:57:31.157" >
    <step title="ZipDeploy. Extract zip." date="2025-03-29T02:57:31.277" /><!-- duration: 2ms -->
    <step title="None repository commit" date="2025-03-29T02:57:31.380" >
      <step title="Commit id: 94648b65-e5ca-4924-b2fd-e01d3033d541" date="2025-03-29T02:57:31.487" Message="N/A" AuthorName="N/A" AuthorEmail="N/A" /><!-- duration: 29ms -->
    </step><!-- duration: 147ms -->
    <step title="Starting PushDeployAsync" date="2025-03-29T02:57:31.529" /><!-- duration: 28ms -->
    <step title="Writing artifact to /tmp/zipdeploy/98e288e7-17d8-44d6-a97b-b7bfa82f72ee.zip" date="2025-03-29T02:57:31.755" >
      <step title="Writing multipart request body to /tmp/zipdeploy/98e288e7-17d8-44d6-a97b-b7bfa82f72ee.zip" date="2025-03-29T02:57:31.815" /><!-- duration: 21ms -->
    </step><!-- duration: 28115ms -->
    <step title="Start deployment in the background" date="2025-03-29T02:57:59.909" >
      <step title="Acquiring Deployment Lock" date="2025-03-29T02:57:59.959" /><!-- duration: 2ms -->
      <step title="Acquired Deployment Lock" date="2025-03-29T02:58:00.049" /><!-- duration: 19ms -->
    </step><!-- duration: 601ms -->
  </step><!-- duration: 29443ms -->
  <step title="Outgoing response" date="2025-03-29T02:58:00.738" type="response" statusCode="202" statusText="Accepted" /><!-- duration: 20ms -->
</step><!-- duration: 30670ms -->
