<step title="Incoming Request" date="2025-03-29T03:06:52.469" instance="9f55e4" url="/reading-road-voice-demo.git/info/refs?service=git-upload-pack" method="GET" type="request" pid="770,1,17" Accept="*/*" Host="reading-road-voice-demo.scm.azurewebsites.net" User-Agent="git/2.47.0.windows.2 (Windows 11 Pro 10.0.22621; win32 x64) vscode/1.96.2 (Cursor)" Accept-Encoding="deflate, gzip, br, zstd" Authorization="Bas..." Pragma="no-cache" git-protocol="version=2" X-ARR-LOG-ID="b9327acd-aa66-4a1a-9b86-b5ae2aafc2d9" CLIENT-IP="216.232.132.69:55488" X-SITE-DEPLOYMENT-ID="reading-road-voice-demo" WAS-DEFAULT-HOSTNAME="reading-road-voice-demo.scm.azurewebsites.net" X-Forwarded-Proto="https" X-AppService-Proto="https" X-Forwarded-TlsVersion="1.3" X-WAWS-Unencoded-URL="/reading-road-voice-demo.git/info/refs?service=git-upload-pack" X-Client-IP="216.232.132.69" X-Client-Port="55488" >
  <step title="InfoRefsService.Execute" date="2025-03-29T03:06:52.517" >
    <step title="Executing external process" date="2025-03-29T03:06:52.577" type="process" path="git" arguments="rev-parse --git-dir" /><!-- duration: 103ms -->
    <step title="Assuming git repository at /home/site/repository" date="2025-03-29T03:06:52.690" /><!-- duration: 25ms -->
    <step title="InfoRefsService.SmartInfoRefs" date="2025-03-29T03:06:52.717" >
      <step title="Executing external process" date="2025-03-29T03:06:52.873" type="process" path="git" arguments="rev-parse --git-dir" /><!-- duration: 66ms -->
      <step title="Assuming git repository at /home/site/repository" date="2025-03-29T03:06:52.988" /><!-- duration: 2ms -->
      <step title="GitExeServer.AdvertiseUploadPack" date="2025-03-29T03:06:52.999" >
        <step title="Executing external process" date="2025-03-29T03:06:53.000" type="process" path="git" arguments="upload-pack --stateless-rpc --advertise-refs &quot;/home/site/repository&quot;" /><!-- duration: 107ms -->
      </step><!-- duration: 110ms -->
      <step title="Writing 38 bytes" date="2025-03-29T03:06:53.117" /><!-- duration: 1ms -->
    </step><!-- duration: 403ms -->
  </step><!-- duration: 611ms -->
  <step title="Outgoing response" date="2025-03-29T03:06:53.137" type="response" statusCode="200" statusText="OK" /><!-- duration: 2ms -->
</step><!-- duration: 679ms -->
