<step title="Incoming Request" date="2025-03-29T03:11:15.357" instance="9f55e4" url="/reading-road-voice-demo.git/info/refs?service=git-upload-pack" method="GET" type="request" pid="769,1,16" Accept="*/*" Host="reading-road-voice-demo.scm.azurewebsites.net" User-Agent="git/2.47.0.windows.2 (Windows 11 Pro 10.0.22621; win32 x64) vscode/1.96.2 (Cursor)" Accept-Encoding="deflate, gzip, br, zstd" Authorization="Bas..." Pragma="no-cache" git-protocol="version=2" X-ARR-LOG-ID="39fd69e2-fb8f-4c92-a7dc-da78a8b363e0" CLIENT-IP="216.232.132.69:55611" X-SITE-DEPLOYMENT-ID="reading-road-voice-demo" WAS-DEFAULT-HOSTNAME="reading-road-voice-demo.scm.azurewebsites.net" X-Forwarded-Proto="https" X-AppService-Proto="https" X-Forwarded-TlsVersion="1.3" X-WAWS-Unencoded-URL="/reading-road-voice-demo.git/info/refs?service=git-upload-pack" X-Client-IP="216.232.132.69" X-Client-Port="55611" >
  <step title="Cleanup Xml Logs" date="2025-03-29T03:11:15.360" >
    <step title="Cleanup Infos" date="2025-03-29T03:11:15.378" totalFiles="237" totalCleanup="77" /><!-- duration: 20ms -->
  </step><!-- duration: 57ms -->
  <step title="InfoRefsService.Execute" date="2025-03-29T03:11:15.478" >
    <step title="Executing external process" date="2025-03-29T03:11:15.522" type="process" path="git" arguments="rev-parse --git-dir" /><!-- duration: 284ms -->
    <step title="Assuming git repository at /home/site/repository" date="2025-03-29T03:11:15.827" /><!-- duration: 8ms -->
    <step title="InfoRefsService.SmartInfoRefs" date="2025-03-29T03:11:15.838" >
      <step title="Executing external process" date="2025-03-29T03:11:15.896" type="process" path="git" arguments="rev-parse --git-dir" /><!-- duration: 40ms -->
      <step title="Assuming git repository at /home/site/repository" date="2025-03-29T03:11:15.938" /><!-- duration: 8ms -->
      <step title="GitExeServer.AdvertiseUploadPack" date="2025-03-29T03:11:15.949" >
        <step title="Executing external process" date="2025-03-29T03:11:15.957" type="process" path="git" arguments="upload-pack --stateless-rpc --advertise-refs &quot;/home/site/repository&quot;" /><!-- duration: 361ms -->
      </step><!-- duration: 389ms -->
      <step title="Writing 38 bytes" date="2025-03-29T03:11:16.339" /><!-- duration: 8ms -->
    </step><!-- duration: 520ms -->
  </step><!-- duration: 892ms -->
  <step title="Outgoing response" date="2025-03-29T03:11:16.408" type="response" statusCode="200" statusText="OK" /><!-- duration: 2ms -->
</step><!-- duration: 1060ms -->
